student_ID,b3C9s,g7R2j,k4W1c,m3D1v,r8S3g,s8Y2f,t5V9e,y9W5d,b3C9s_j0v1yls8,b3C9s_l4z6od7y,g7R2j_e0v1yls8,g7R2j_j1g8gd3v,k4W1c_h5r6nux7,m3D1v_r1d7fr3l,m3D1v_t0v5ts9h,m3D1v_v3d9is1x,r8S3g_l0p5viby,r8S3g_n0m9rsw4,s8Y2f_v4x8by9j,t5V9e_e1k6cixp,y9W5d_c0w4mj5h,y9W5d_e2j7p95s,y9W5d_p8g6dgtv
0088dc183f73c83f763e,3,5,1,12,6,1,5,11,1,2,4,1,1,9,1,2,2,4,1,5,8,1,2
00cbf05221bb479e66c3,3,5,1,12,6,1,5,11,1,2,4,1,1,9,1,2,2,4,1,5,8,1,2
00df647ee4bf7173642f,3,5,1,12,6,1,5,11,1,2,4,1,1,9,1,2,2,4,1,5,8,1,2
0107f72b66cbd1a0926d,3,5,1,12,6,1,5,11,1,2,4,1,1,9,1,2,2,4,1,5,8,1,2
011d454f199c123d44ad,3,5,1,12,6,1,5,11,1,2,4,1,1,9,1,2,2,4,1,5,8,1,2
01558eef77a8d39b7103,3,5,1,12,6,1,5,11,1,2,4,1,1,9,1,2,2,4,1,5,8,1,2
016226278e6a69e10aa4,3,5,1,12,6,1,5,11,1,2,4,1,1,9,1,2,2,4,1,5,8,1,2
01a691413dc5897db83f,3,5,1,12,6,1,5,11,1,2,4,1,1,9,1,2,2,4,1,5,8,1,2
01d8aa21ef476b66c573,3,5,1,12,6,1,5,11,1,2,4,1,1,9,1,2,2,4,1,5,8,1,2
01qkq6w2v62cimidb3b7,2,5,1,10,6,1,5,11,1,1,4,1,1,7,1,2,2,4,1,5,8,1,2
02068067a434adb6556a,0,0,0,0,1,0,0,0,0,0,0,0,0,0,0,0,1,0,0,0,0,0,0
0258f681a9e1756dfc76,3,5,1,12,6,1,5,11,1,2,4,1,1,9,1,2,2,4,1,5,8,1,2
03754dce5ec7731fb3e2,3,5,1,12,6,1,5,11,1,2,4,1,1,9,1,2,2,4,1,5,8,1,2
037a76bc8e6bf5fe1fc0,3,5,1,12,6,1,5,11,1,2,4,1,1,9,1,2,2,4,1,5,8,1,2
03aa0b20dd4af1888eef,3,5,1,12,6,1,5,11,1,2,4,1,1,9,1,2,2,4,1,5,8,1,2
03b463f52c0fff35433b,3,5,1,12,6,1,5,11,1,2,4,1,1,9,1,2,2,4,1,5,8,1,2
03e0c9bff3a9557480d9,3,3,1,11,6,1,5,11,1,2,3,0,1,8,1,2,2,4,1,5,8,1,2
04f2689b4ea16d8d7d9a,3,5,1,12,6,1,5,11,1,2,4,1,1,9,1,2,2,4,1,5,8,1,2
0557b1363a5092b5811f,3,5,1,12,6,1,5,11,1,2,4,1,1,9,1,2,2,4,1,5,8,1,2
056ab41140f68c15db14,3,5,1,12,6,1,5,11,1,2,4,1,1,9,1,2,2,4,1,5,8,1,2
058c03d945c4ae0978a0,3,5,1,12,6,1,5,11,1,2,4,1,1,9,1,2,2,4,1,5,8,1,2
05e1c3ce1728da7e37e0,0,0,1,11,6,0,5,5,0,0,0,0,1,8,1,2,2,4,0,5,5,0,0
05e6d9723ab3cde0841d,3,5,1,12,6,1,5,11,1,2,4,1,1,9,1,2,2,4,1,5,8,1,2
061db2c91f94c612f2d4,3,5,1,12,6,1,5,11,1,2,4,1,1,9,1,2,2,4,1,5,8,1,2
06309f4c8785254f4c13,3,5,1,12,6,1,5,11,1,2,4,1,1,9,1,2,2,4,1,5,8,1,2
06aff3e28c5db152f506,3,5,1,12,6,1,5,11,1,2,4,1,1,9,1,2,2,4,1,5,8,1,2
071685b292483b04e836,3,5,1,12,6,1,5,11,1,2,4,1,1,9,1,2,2,4,1,5,8,1,2
074d7f43de7264306775,3,5,1,12,6,1,5,11,1,2,4,1,1,9,1,2,2,4,1,5,8,1,2
077d5c82c9ee5019220f,3,5,1,12,6,1,5,11,1,2,4,1,1,9,1,2,2,4,1,5,8,1,2
07e3362d20ff4337671b,3,5,1,12,6,1,5,11,1,2,4,1,1,9,1,2,2,4,1,5,8,1,2
091554ffa26fc9b17c36,3,5,1,12,6,1,5,11,1,2,4,1,1,9,1,2,2,4,1,5,8,1,2
09400a9b50b6c96c5510,3,5,1,12,6,1,5,11,1,2,4,1,1,9,1,2,2,4,1,5,8,1,2
098b2c66cbc1ed736e14,3,5,1,12,6,1,5,11,1,2,4,1,1,9,1,2,2,4,1,5,8,1,2
0999173c045ee29a0b44,3,5,1,12,6,1,5,11,1,2,4,1,1,9,1,2,2,4,1,5,8,1,2
09dfa3f18e48917f0242,3,5,1,12,6,1,5,11,1,2,4,1,1,9,1,2,2,4,1,5,8,1,2
09e4bfadd7e012c37c7c,3,5,1,12,6,1,5,11,1,2,4,1,1,9,1,2,2,4,1,5,8,1,2
0a7f1a73361654329281,3,5,1,12,6,1,5,11,1,2,4,1,1,9,1,2,2,4,1,5,8,1,2
0a8736f6520cea837d94,3,5,1,12,6,1,5,11,1,2,4,1,1,9,1,2,2,4,1,5,8,1,2
0b02f701b1179f9f74f9,3,5,1,12,6,1,5,11,1,2,4,1,1,9,1,2,2,4,1,5,8,1,2
0b16d35f1f39a063708a,3,5,1,12,6,1,5,11,1,2,4,1,1,9,1,2,2,4,1,5,8,1,2
0b28c0a454678b75eefb,3,5,1,12,6,1,5,11,1,2,4,1,1,9,1,2,2,4,1,5,8,1,2
0b307ee95b41e222f204,3,5,1,12,6,1,5,11,1,2,4,1,1,9,1,2,2,4,1,5,8,1,2
0b828e1ae026c57b34dd,3,5,1,12,6,1,5,11,1,2,4,1,1,9,1,2,2,4,1,5,8,1,2
0b8bea274b24847526b7,3,5,1,12,6,1,5,11,1,2,4,1,1,9,1,2,2,4,1,5,8,1,2
0bb8692f43a372e8d967,3,5,1,12,6,1,5,11,1,2,4,1,1,9,1,2,2,4,1,5,8,1,2
0c57caf5358d30408034,3,5,1,12,6,1,5,11,1,2,4,1,1,9,1,2,2,4,1,5,8,1,2
0c670262b3941d307600,3,5,1,12,6,1,5,11,1,2,4,1,1,9,1,2,2,4,1,5,8,1,2
0c81ca27b7d931b6ff6e,3,5,1,12,6,1,5,11,1,2,4,1,1,9,1,2,2,4,1,5,8,1,2
0d260d8fac2289c8ed9e,3,5,1,12,6,1,5,11,1,2,4,1,1,9,1,2,2,4,1,5,8,1,2
0d4a3518a188f6888380,3,5,1,12,6,1,5,11,1,2,4,1,1,9,1,2,2,4,1,5,8,1,2
0df40593e76a840fd64b,3,5,1,12,6,1,5,11,1,2,4,1,1,9,1,2,2,4,1,5,8,1,2
0e062d9fa22dc8e3bca2,3,5,1,12,6,1,5,11,1,2,4,1,1,9,1,2,2,4,1,5,8,1,2
0e804947f4cdc2721046,3,5,1,12,6,1,5,11,1,2,4,1,1,9,1,2,2,4,1,5,8,1,2
0eb6eec8b4bee8ab6a44,3,5,1,12,6,1,5,11,1,2,4,1,1,9,1,2,2,4,1,5,8,1,2
0ef8b2c9e039eaace596,3,5,1,12,6,1,5,11,1,2,4,1,1,9,1,2,2,4,1,5,8,1,2
0f160cd19890b97092b9,3,5,1,12,6,1,5,11,1,2,4,1,1,9,1,2,2,4,1,5,8,1,2
0f8bd9e33125347965a1,3,5,1,12,6,1,5,11,1,2,4,1,1,9,1,2,2,4,1,5,8,1,2
0fc996fff93c00ca5ced,3,5,1,12,6,1,5,11,1,2,4,1,1,9,1,2,2,4,1,5,8,1,2
0gfiioqi5g8djhh1wzol,3,5,0,11,6,1,5,10,1,2,4,1,0,9,1,1,2,4,1,5,7,1,2
0i1e50rz4mkhee97xvpo,3,5,1,12,5,1,5,11,1,2,4,1,1,9,1,2,2,3,1,5,8,1,2
0lgtv09uoh3ova8sjbze,3,5,1,11,6,1,5,11,1,2,4,1,1,9,1,1,2,4,1,5,8,1,2
0m2kzubx9r60wyrsjj7j,3,5,1,12,6,1,4,11,1,2,4,1,1,9,1,2,2,4,1,4,8,1,2
0m8o7nuv982vnv3328qw,3,5,1,12,6,1,5,11,1,2,4,1,1,9,1,2,2,4,1,5,8,1,2
0maggb1hf886m5u6p2vr,3,5,1,12,6,1,5,11,1,2,4,1,1,9,1,2,2,4,1,5,8,1,2
0qamadarf6xhm9pm2jta,3,4,1,11,6,1,4,11,1,2,3,1,1,8,1,2,2,4,1,4,8,1,2
0sgnvj4zfg3xjjb9fl6h,3,5,1,12,6,1,3,11,1,2,4,1,1,9,1,2,2,4,1,3,8,1,2
0txd5enpfmbrth46w74b,3,5,0,12,6,1,5,10,1,2,4,1,0,9,1,2,2,4,1,5,7,1,2
0z4mockl76xn8mhdaehw,3,5,1,10,6,1,5,11,1,2,4,1,1,8,1,1,2,4,1,5,8,1,2
1096bd470d3ddff1ec1c,3,5,1,12,6,1,5,11,1,2,4,1,1,9,1,2,2,4,1,5,8,1,2
10de703c06bf9d873d68,3,5,1,12,6,1,5,11,1,2,4,1,1,9,1,2,2,4,1,5,8,1,2
10qi28ikwz4c4v22b06i,3,5,1,10,5,1,5,11,1,2,4,1,1,8,1,1,2,3,1,5,8,1,2
117ee98c7f916c88ddbb,3,5,1,12,6,1,5,11,1,2,4,1,1,9,1,2,2,4,1,5,8,1,2
119b36a5797d5ce69625,3,5,1,12,6,1,5,11,1,2,4,1,1,9,1,2,2,4,1,5,8,1,2
11dae4659d30031a10dd,3,5,1,12,6,1,5,11,1,2,4,1,1,9,1,2,2,4,1,5,8,1,2
1202c731c612353ceef0,3,5,1,12,6,1,5,11,1,2,4,1,1,9,1,2,2,4,1,5,8,1,2
1224ceafb61456a033d0,3,5,1,12,6,1,5,11,1,2,4,1,1,9,1,2,2,4,1,5,8,1,2
12s3yomv0kltozc1qxc4,3,5,1,12,6,1,5,11,1,2,4,1,1,9,1,2,2,4,1,5,8,1,2
1329b6cf41debecda787,3,5,1,12,6,1,5,11,1,2,4,1,1,9,1,2,2,4,1,5,8,1,2
132c90d4a027a4477ad0,3,5,1,12,6,1,5,11,1,2,4,1,1,9,1,2,2,4,1,5,8,1,2
1367d35cf39783effa7a,0,0,0,3,6,0,5,0,0,0,0,0,0,3,0,0,2,4,0,5,0,0,0
139429592a9c23c08b71,3,5,1,12,6,1,5,11,1,2,4,1,1,9,1,2,2,4,1,5,8,1,2
1397545fbe9882e5cd42,3,5,1,12,6,1,5,11,1,2,4,1,1,9,1,2,2,4,1,5,8,1,2
13de1d3a55477a0c0329,3,5,1,12,6,1,5,11,1,2,4,1,1,9,1,2,2,4,1,5,8,1,2
13f8b8305f6c25c21921,3,5,1,12,6,1,5,11,1,2,4,1,1,9,1,2,2,4,1,5,8,1,2
13nq2h723zixyhir01lf,3,5,1,12,6,1,5,11,1,2,4,1,1,9,1,2,2,4,1,5,8,1,2
151cd83784ab9007e8d8,3,5,1,12,6,1,5,11,1,2,4,1,1,9,1,2,2,4,1,5,8,1,2
152a0c17daaaa4e65e14,3,5,1,12,6,1,5,11,1,2,4,1,1,9,1,2,2,4,1,5,8,1,2
1552f58e2818ce7fa863,3,5,1,12,6,1,5,11,1,2,4,1,1,9,1,2,2,4,1,5,8,1,2
15ab118362ecbbd03b52,3,5,1,12,6,1,5,11,1,2,4,1,1,9,1,2,2,4,1,5,8,1,2
1629f353a742f6a73251,3,5,1,12,6,1,5,11,1,2,4,1,1,9,1,2,2,4,1,5,8,1,2
166cb02ac436c9d3662f,3,5,1,12,6,1,5,11,1,2,4,1,1,9,1,2,2,4,1,5,8,1,2
16c505069c1e5c2bece5,3,5,1,12,6,1,5,11,1,2,4,1,1,9,1,2,2,4,1,5,8,1,2
16d68f70cf5e52d0b34a,3,5,1,12,6,1,5,11,1,2,4,1,1,9,1,2,2,4,1,5,8,1,2
170a695a2717bcd9b74b,3,5,1,12,6,1,5,11,1,2,4,1,1,9,1,2,2,4,1,5,8,1,2
17656005bd4086137ab7,3,5,1,12,6,1,5,11,1,2,4,1,1,9,1,2,2,4,1,5,8,1,2
17dda5f588bed077c742,3,5,1,12,6,1,5,11,1,2,4,1,1,9,1,2,2,4,1,5,8,1,2
17e429460d5fda251953,3,5,1,12,6,1,5,11,1,2,4,1,1,9,1,2,2,4,1,5,8,1,2
17f2d0e73044110cdea5,3,5,1,12,6,1,5,11,1,2,4,1,1,9,1,2,2,4,1,5,8,1,2
18654732ca312afc173f,3,5,1,12,6,1,5,11,1,2,4,1,1,9,1,2,2,4,1,5,8,1,2
1883af270e36a7580332,3,5,1,12,6,1,5,11,1,2,4,1,1,9,1,2,2,4,1,5,8,1,2
18cdd44af62c6935e7a0,3,5,1,12,6,1,5,11,1,2,4,1,1,9,1,2,2,4,1,5,8,1,2
1974349ec27d7d67bf08,3,5,1,12,6,1,5,11,1,2,4,1,1,9,1,2,2,4,1,5,8,1,2
19793e7e55b68c8dd776,3,5,1,12,6,1,5,11,1,2,4,1,1,9,1,2,2,4,1,5,8,1,2
19buea1jycypffshcw38,3,5,0,11,6,1,5,10,1,2,4,1,0,9,1,1,2,4,1,5,7,1,2
19fb3075dd2798538c9d,3,5,1,12,6,1,5,11,1,2,4,1,1,9,1,2,2,4,1,5,8,1,2
19rc4zj7sw4ms0996992,3,4,1,12,6,1,5,10,1,2,3,1,1,9,1,2,2,4,1,5,7,1,2
1afepx549ssnar1m9acp,3,5,1,11,6,1,5,10,1,2,4,1,1,9,1,1,2,4,1,5,7,1,2
1b0baf552d2cd47ee10b,3,5,1,12,6,1,5,11,1,2,4,1,1,9,1,2,2,4,1,5,8,1,2
1b25734414fcc7466153,3,5,1,12,6,1,5,11,1,2,4,1,1,9,1,2,2,4,1,5,8,1,2
1b36a3223f9dd94a211f,3,5,1,12,6,1,5,11,1,2,4,1,1,9,1,2,2,4,1,5,8,1,2
1bd9bb053a3ac1bba507,3,5,1,12,6,1,5,11,1,2,4,1,1,9,1,2,2,4,1,5,8,1,2
1ca19e51244cdd3f09ff,3,5,1,12,6,1,5,11,1,2,4,1,1,9,1,2,2,4,1,5,8,1,2
1cfe33c5b178a0c2367f,3,5,1,12,6,1,5,11,1,2,4,1,1,9,1,2,2,4,1,5,8,1,2
1d50eac067378042684b,3,5,1,12,6,1,5,11,1,2,4,1,1,9,1,2,2,4,1,5,8,1,2
1d7229e0f5f825007870,3,5,1,12,6,1,5,11,1,2,4,1,1,9,1,2,2,4,1,5,8,1,2
1e25b47eaef62694a236,3,5,1,12,6,1,5,11,1,2,4,1,1,9,1,2,2,4,1,5,8,1,2
1eekhswi2ckx4uw0j1c9,3,5,1,12,6,1,5,11,1,2,4,1,1,9,1,2,2,4,1,5,8,1,2
1f56b6bda24efafcf3a4,3,5,1,12,6,1,5,11,1,2,4,1,1,9,1,2,2,4,1,5,8,1,2
1f67cb2e7affbb00b6c8,3,5,1,12,6,1,5,11,1,2,4,1,1,9,1,2,2,4,1,5,8,1,2
1fa4f2361b8a03040292,3,5,1,12,6,1,5,11,1,2,4,1,1,9,1,2,2,4,1,5,8,1,2
1fc5b87acdfc2a8b580c,3,5,1,12,6,1,5,11,1,2,4,1,1,9,1,2,2,4,1,5,8,1,2
1feef8b4129f5bf21e67,3,5,1,12,6,1,5,11,1,2,4,1,1,9,1,2,2,4,1,5,8,1,2
1hrtipd0awjpggdje5e2,3,5,1,11,5,1,4,10,1,2,4,1,1,8,1,2,2,3,1,4,7,1,2
1jzg1fpf08iiahfbdqc1,3,5,1,11,5,1,5,10,1,2,4,1,1,8,1,2,2,3,1,5,8,1,1
1kvfwfp2hr5hjxjxzjqd,3,5,1,12,6,1,5,10,1,2,4,1,1,9,1,2,2,4,1,5,7,1,2
1mp9yiw6rkrr3846047g,3,5,1,11,5,1,5,10,1,2,4,1,1,8,1,2,2,3,1,5,8,1,1
1n42senfkcjopw1zh39l,3,5,1,11,6,1,5,11,1,2,4,1,1,8,1,2,2,4,1,5,8,1,2
1nebcwra7a0fduy8c1fa,3,4,1,12,6,1,5,11,1,2,4,0,1,9,1,2,2,4,1,5,8,1,2
1otvyki9oso9bg6ob16u,3,5,1,11,6,1,5,11,1,2,4,1,1,9,1,1,2,4,1,5,8,1,2
1t6e0wa99fijxi3ssnzk,3,5,1,10,5,1,4,11,1,2,4,1,1,8,1,1,1,4,1,4,8,1,2
1vb2vsoy23nr0monflhx,3,5,1,10,6,1,5,11,1,2,4,1,1,7,1,2,2,4,1,5,8,1,2
1wctsudkyal73r2xhycw,3,5,1,10,5,0,4,10,1,2,4,1,1,8,1,1,2,3,0,4,7,1,2
204a7d6db340a3c18ca7,3,5,1,12,6,1,5,11,1,2,4,1,1,9,1,2,2,4,1,5,8,1,2
204fdbe885269686a392,3,5,1,12,6,1,5,11,1,2,4,1,1,9,1,2,2,4,1,5,8,1,2
20f97b68982d1b2f5c73,3,5,1,12,6,1,5,11,1,2,4,1,1,9,1,2,2,4,1,5,8,1,2
211ed39c57c6e6cdefbf,3,5,1,12,6,1,5,11,1,2,4,1,1,9,1,2,2,4,1,5,8,1,2
2150588a5903d9a77b79,3,5,1,12,6,1,5,11,1,2,4,1,1,9,1,2,2,4,1,5,8,1,2
217c87d59a4372c4f3fc,3,5,1,12,6,1,5,11,1,2,4,1,1,9,1,2,2,4,1,5,8,1,2
219jkfkejubvu4dvuv13,3,5,1,11,6,1,5,11,1,2,4,1,1,9,1,1,2,4,1,5,8,1,2
21e23771e52cb5291b19,3,5,1,12,6,1,5,11,1,2,4,1,1,9,1,2,2,4,1,5,8,1,2
21fc5674d24be8e9da89,3,5,1,12,6,1,5,11,1,2,4,1,1,9,1,2,2,4,1,5,8,1,2
222d5ee50487a2b8601b,3,5,1,12,6,1,5,11,1,2,4,1,1,9,1,2,2,4,1,5,8,1,2
22ae866c664a147f9971,3,5,1,12,6,1,5,11,1,2,4,1,1,9,1,2,2,4,1,5,8,1,2
22fey6dqzcrm0jbtfnmm,3,5,1,11,6,1,5,11,1,2,4,1,1,9,1,1,2,4,1,5,8,1,2
22wb5ostye8edvfar59p,3,5,1,12,6,0,5,10,1,2,4,1,1,9,1,2,2,4,0,5,7,1,2
23dd64a1d2e4965198bf,3,5,1,12,6,1,5,11,1,2,4,1,1,9,1,2,2,4,1,5,8,1,2
23f1f5d3d90e2890a423,3,5,1,12,6,1,5,11,1,2,4,1,1,9,1,2,2,4,1,5,8,1,2
23mn6b9vjnjy55hgo4au,3,4,1,11,6,1,5,11,1,2,3,1,1,8,1,2,2,4,1,5,8,1,2
24524df0ca55659c384e,3,5,1,12,6,1,5,11,1,2,4,1,1,9,1,2,2,4,1,5,8,1,2
24ca7714d40e2fe53821,2,5,1,12,6,1,5,11,0,2,4,1,1,9,1,2,2,4,1,5,8,1,2
25019b8f1c3ac537894b,3,5,1,12,6,1,5,11,1,2,4,1,1,9,1,2,2,4,1,5,8,1,2
25c8e1ae2335e8c3e5b3,3,5,1,12,6,1,5,11,1,2,4,1,1,9,1,2,2,4,1,5,8,1,2
264320c6b92b92795ba0,3,5,1,12,6,1,5,11,1,2,4,1,1,9,1,2,2,4,1,5,8,1,2
27cc9165eef05eb1733f,3,5,1,12,6,1,5,11,1,2,4,1,1,9,1,2,2,4,1,5,8,1,2
2826ec26211d83efd2c6,3,5,1,12,6,1,5,11,1,2,4,1,1,9,1,2,2,4,1,5,8,1,2
2842c82981077b78b3cd,3,5,1,12,6,1,5,11,1,2,4,1,1,9,1,2,2,4,1,5,8,1,2
28719a42e0cbf4991b7f,3,5,1,12,6,1,5,11,1,2,4,1,1,9,1,2,2,4,1,5,8,1,2
28bc8af257c48eac3bf1,3,5,1,12,6,1,5,11,1,2,4,1,1,9,1,2,2,4,1,5,8,1,2
28d90a892cc66338f962,3,5,1,12,6,1,5,11,1,2,4,1,1,9,1,2,2,4,1,5,8,1,2
28tmrs0kyrrh1odyvf21,3,5,1,12,6,1,5,10,1,2,4,1,1,9,1,2,2,4,1,5,8,1,1
29172d2e39ca0d890848,3,5,1,12,6,1,5,11,1,2,4,1,1,9,1,2,2,4,1,5,8,1,2
2933a3227c7ce7fe21eb,0,5,1,12,6,1,5,11,0,0,4,1,1,9,1,2,2,4,1,5,8,1,2
2959d8017312337a2ba6,3,5,1,12,6,1,5,11,1,2,4,1,1,9,1,2,2,4,1,5,8,1,2
29acddb87cfe062d73f5,3,5,1,12,6,1,5,11,1,2,4,1,1,9,1,2,2,4,1,5,8,1,2
2a003b122e9500e465c4,3,5,1,12,6,1,5,11,1,2,4,1,1,9,1,2,2,4,1,5,8,1,2
2a515047aa9d085849a2,3,5,1,12,6,1,5,11,1,2,4,1,1,9,1,2,2,4,1,5,8,1,2
2a6ap0t2rsvoogmydj3a,3,4,1,11,6,1,5,11,1,2,3,1,1,8,1,2,2,4,1,5,8,1,2
2af634997fba501740c2,3,5,1,12,6,1,5,11,1,2,4,1,1,9,1,2,2,4,1,5,8,1,2
2b54ed4af8281eb82f58,3,5,1,12,6,1,5,11,1,2,4,1,1,9,1,2,2,4,1,5,8,1,2
2b935bfe06ef02369807,3,5,1,12,6,1,5,11,1,2,4,1,1,9,1,2,2,4,1,5,8,1,2
2b9ef4e3749f713870b0,3,5,1,12,6,1,5,11,1,2,4,1,1,9,1,2,2,4,1,5,8,1,2
2c3b89432513b2035664,3,5,1,12,6,1,5,11,1,2,4,1,1,9,1,2,2,4,1,5,8,1,2
2c6339f7c23a64d02081,3,5,1,12,6,1,5,11,1,2,4,1,1,9,1,2,2,4,1,5,8,1,2
2ccfa5f79c8b61e465d4,3,5,1,12,6,1,5,11,1,2,4,1,1,9,1,2,2,4,1,5,8,1,2
2d526c27123e59103e29,3,5,1,12,6,1,5,11,1,2,4,1,1,9,1,2,2,4,1,5,8,1,2
2db6dd71f1d07300382c,3,5,1,12,6,1,5,11,1,2,4,1,1,9,1,2,2,4,1,5,8,1,2
2ddkknvpbz2j9wlvybtj,3,5,1,12,6,1,5,11,1,2,4,1,1,9,1,2,2,4,1,5,8,1,2
2e2c00240c341a4265e3,3,5,1,12,6,1,5,11,1,2,4,1,1,9,1,2,2,4,1,5,8,1,2
2e3e7cbe0e69add8d31a,1,4,1,12,6,1,5,11,0,1,3,1,1,9,1,2,2,4,1,5,8,1,2
2e40c1b07d32d3b80862,3,5,1,12,6,1,5,11,1,2,4,1,1,9,1,2,2,4,1,5,8,1,2
2e54b1c7bff5847c82a8,3,5,1,12,6,1,5,11,1,2,4,1,1,9,1,2,2,4,1,5,8,1,2
2ea821273e01ec758583,3,5,1,12,6,1,5,11,1,2,4,1,1,9,1,2,2,4,1,5,8,1,2
2ecb7fb5ff8899614c12,3,5,1,12,6,1,5,11,1,2,4,1,1,9,1,2,2,4,1,5,8,1,2
2egpenarap9h0a2k0bc5,3,4,1,11,6,1,5,10,1,2,3,1,1,8,1,2,2,4,1,5,8,1,1
2f3c37735e817244e646,3,5,1,12,6,1,5,11,1,2,4,1,1,9,1,2,2,4,1,5,8,1,2
2f3ef424b925a9881b81,3,5,1,12,6,1,5,11,1,2,4,1,1,9,1,2,2,4,1,5,8,1,2
2fe9648ea28753c73c2c,3,5,1,12,6,1,5,11,1,2,4,1,1,9,1,2,2,4,1,5,8,1,2
2h9c9tdsnoz1hyzo5frt,3,5,1,12,6,1,5,11,1,2,4,1,1,9,1,2,2,4,1,5,8,1,2
2jvnsh0veb6qnn3uv6i8,2,5,1,11,6,1,5,11,0,2,4,1,1,8,1,2,2,4,1,5,8,1,2
2krjeqjgjqfuumdo3ibt,3,5,1,12,6,1,4,10,1,2,4,1,1,9,1,2,2,4,1,4,7,1,2
2ui63dibc4r8oo0p9agh,2,4,1,10,6,1,5,11,1,1,3,1,1,7,1,2,2,4,1,5,8,1,2
2uxkhe454qk8jvk0ufvp,3,4,1,12,6,1,5,11,1,2,3,1,1,9,1,2,2,4,1,5,8,1,2
2xsbkm76x36qvddrl2yo,3,5,1,12,5,1,5,10,1,2,4,1,1,9,1,2,2,3,1,5,7,1,2
2zfdinkl7qrn0o62tlp4,3,4,1,10,5,1,5,11,1,2,3,1,1,7,1,2,2,3,1,5,8,1,2
301f57984e5d2969c938,3,5,1,12,6,1,5,11,1,2,4,1,1,9,1,2,2,4,1,5,8,1,2
306627b1ecbdf4e3aa34,3,5,1,12,6,1,5,11,1,2,4,1,1,9,1,2,2,4,1,5,8,1,2
3094825929f936abb792,3,5,1,12,6,1,5,11,1,2,4,1,1,9,1,2,2,4,1,5,8,1,2
311abc37a94ae8afe41a,3,5,1,12,6,1,5,11,1,2,4,1,1,9,1,2,2,4,1,5,8,1,2
31741464205aa8cdb4f5,3,5,1,12,6,1,5,11,1,2,4,1,1,9,1,2,2,4,1,5,8,1,2
3267b84814316e2fa25e,3,5,1,12,6,1,5,11,1,2,4,1,1,9,1,2,2,4,1,5,8,1,2
329622100fe091a4c48c,3,5,1,12,6,1,5,11,1,2,4,1,1,9,1,2,2,4,1,5,8,1,2
32n93dfesjggabieb85t,3,5,1,11,6,1,5,10,1,2,4,1,1,9,1,1,2,4,1,5,7,1,2
3313c40ea45a87f9d2e7,3,5,1,12,6,1,5,11,1,2,4,1,1,9,1,2,2,4,1,5,8,1,2
33184c1cba6a37cdbda2,3,5,1,12,6,1,5,11,1,2,4,1,1,9,1,2,2,4,1,5,8,1,2
33b73273ab8e1a11fcda,3,5,1,12,6,1,5,11,1,2,4,1,1,9,1,2,2,4,1,5,8,1,2
33c123d08dc07edb50f9,3,5,1,12,6,1,5,11,1,2,4,1,1,9,1,2,2,4,1,5,8,1,2
33ddb1517601db520cd6,3,5,1,12,6,1,5,11,1,2,4,1,1,9,1,2,2,4,1,5,8,1,2
34aaaa47df8c4aa4d926,3,5,1,12,6,1,5,11,1,2,4,1,1,9,1,2,2,4,1,5,8,1,2
34qcy2qj5lij7g82hpvw,3,5,1,12,6,1,5,11,1,2,4,1,1,9,1,2,2,4,1,5,8,1,2
3531c5f9d520759ba697,3,5,1,12,6,1,5,11,1,2,4,1,1,9,1,2,2,4,1,5,8,1,2
3555053023c67d592439,3,5,1,12,6,1,5,11,1,2,4,1,1,9,1,2,2,4,1,5,8,1,2
3565d61f3efec69e611c,3,5,1,12,6,1,5,11,1,2,4,1,1,9,1,2,2,4,1,5,8,1,2
359f25d9131a0699405b,3,5,1,12,6,1,5,11,1,2,4,1,1,9,1,2,2,4,1,5,8,1,2
35e028ec34bfdb7a6d26,3,5,1,12,6,1,5,11,1,2,4,1,1,9,1,2,2,4,1,5,8,1,2
35wcdp4s13xmtyq5f7os,3,4,1,12,6,1,5,10,1,2,3,1,1,9,1,2,2,4,1,5,7,1,2
360820d6620d17d1b48b,3,5,1,12,6,1,5,11,1,2,4,1,1,9,1,2,2,4,1,5,8,1,2
3672e2896ad7d8f2404e,3,5,1,12,6,1,5,11,1,2,4,1,1,9,1,2,2,4,1,5,8,1,2
367c27a001837dabb2e9,3,5,1,12,6,1,5,11,1,2,4,1,1,9,1,2,2,4,1,5,8,1,2
36ebf305b7206112f676,3,5,1,12,6,1,5,11,1,2,4,1,1,9,1,2,2,4,1,5,8,1,2
374ff25490a1f0aba47f,3,5,1,12,6,1,5,11,1,2,4,1,1,9,1,2,2,4,1,5,8,1,2
37905cfdcd105683aaf4,3,5,1,12,6,1,5,11,1,2,4,1,1,9,1,2,2,4,1,5,8,1,2
37ae91c472189108a737,3,5,1,12,6,1,5,11,1,2,4,1,1,9,1,2,2,4,1,5,8,1,2
37f3b3d773c5c073bc9a,3,5,1,12,6,1,5,11,1,2,4,1,1,9,1,2,2,4,1,5,8,1,2
38357be0ab369a9ae942,3,5,1,12,6,1,5,11,1,2,4,1,1,9,1,2,2,4,1,5,8,1,2
388090578f22a3c33738,3,5,1,12,6,1,5,11,1,2,4,1,1,9,1,2,2,4,1,5,8,1,2
390d1fc3b78420815190,3,5,1,12,6,1,5,11,1,2,4,1,1,9,1,2,2,4,1,5,8,1,2
3919286d3d8c4f4d339c,3,5,1,12,6,1,5,11,1,2,4,1,1,9,1,2,2,4,1,5,8,1,2
3a9d955e2ef47191a742,3,5,1,12,6,1,5,11,1,2,4,1,1,9,1,2,2,4,1,5,8,1,2
3ab864e1e692786fefd2,3,5,1,12,6,1,5,11,1,2,4,1,1,9,1,2,2,4,1,5,8,1,2
3ac65fbc295f5fbd2ff7,3,5,1,12,6,1,5,11,1,2,4,1,1,9,1,2,2,4,1,5,8,1,2
3b3b2319b0995f149ecc,3,5,1,12,6,1,5,11,1,2,4,1,1,9,1,2,2,4,1,5,8,1,2
3b6f3bb370f3107e257d,3,5,1,12,6,1,5,11,1,2,4,1,1,9,1,2,2,4,1,5,8,1,2
3ba42ec5350aacb0750a,3,5,1,12,6,1,5,11,1,2,4,1,1,9,1,2,2,4,1,5,8,1,2
3bf7b3c9aa7d93ecb603,3,5,1,12,6,1,5,11,1,2,4,1,1,9,1,2,2,4,1,5,8,1,2
3c1b9222136b752563f6,3,5,1,12,6,1,5,11,1,2,4,1,1,9,1,2,2,4,1,5,8,1,2
3c37e3ad275dcdd39e2c,3,5,1,12,6,1,5,11,1,2,4,1,1,9,1,2,2,4,1,5,8,1,2
3c71b62d597098c4cd18,3,5,1,12,6,1,5,11,1,2,4,1,1,9,1,2,2,4,1,5,8,1,2
3c89c7f1db26ae691db8,3,5,1,12,6,1,5,11,1,2,4,1,1,9,1,2,2,4,1,5,8,1,2
3cic5ziycjx4ik4ll0v1,3,5,1,12,5,1,4,11,1,2,4,1,1,9,1,2,2,3,1,4,8,1,2
3d63ba961a5f3a60616a,3,5,1,12,6,1,5,11,1,2,4,1,1,9,1,2,2,4,1,5,8,1,2
3dba043eb6065ad3a343,0,0,0,0,6,0,3,0,0,0,0,0,0,0,0,0,2,4,0,3,0,0,0
3dglsy7ee3ytfq1lpwlv,3,5,1,12,6,1,5,10,1,2,4,1,1,9,1,2,2,4,1,5,7,1,2
3f34e3108d1108dab0fd,3,5,1,12,6,1,5,11,1,2,4,1,1,9,1,2,2,4,1,5,8,1,2
3f55d44d7572d52b2987,3,5,1,12,6,1,5,11,1,2,4,1,1,9,1,2,2,4,1,5,8,1,2
3f81bf9625e47ca1963f,3,5,1,12,6,1,5,11,1,2,4,1,1,9,1,2,2,4,1,5,8,1,2
3fee5c27236cbb682727,3,5,1,12,6,1,5,11,1,2,4,1,1,9,1,2,2,4,1,5,8,1,2
3ff069e95a9047dbfa8b,3,5,1,12,6,1,5,11,1,2,4,1,1,9,1,2,2,4,1,5,8,1,2
3iz4t53ooerb6sruxf3n,3,5,1,11,5,1,4,10,1,2,4,1,1,8,1,2,2,3,1,4,8,0,2
3j2vbe9wnsfu4lpkyne4,3,4,1,11,6,1,5,11,1,2,3,1,1,8,1,2,2,4,1,5,8,1,2
3lbe8ny12qw7qwcyihpn,3,4,1,11,6,1,5,10,1,2,3,1,1,8,1,2,2,4,1,5,7,1,2
3m4gx52iq3mwqdycm8mm,3,5,1,11,5,1,5,11,1,2,4,1,1,8,1,2,2,3,1,5,8,1,2
3p34idi1traz2k8j0ulk,3,5,1,12,6,1,5,11,1,2,4,1,1,9,1,2,2,4,1,5,8,1,2
3pmmf04ujwm9fuffa0ss,3,5,1,11,5,1,5,11,1,2,4,1,1,8,1,2,2,3,1,5,8,1,2
3qvqfnzdg358mord1cku,3,5,1,12,6,1,5,11,1,2,4,1,1,9,1,2,2,4,1,5,8,1,2
3sc0054rs9ik2p3l3zzr,3,5,1,12,6,1,5,11,1,2,4,1,1,9,1,2,2,4,1,5,8,1,2
3w0b2b1gz9i1nhmtab7s,3,5,1,11,6,1,5,10,1,2,4,1,1,8,1,2,2,4,1,5,7,1,2
3ywgcurp27qp1fydp27z,3,5,1,11,5,1,5,11,1,2,4,1,1,8,1,2,2,3,1,5,8,1,2
40eb36011ced9a882ea9,3,5,1,12,6,1,5,11,1,2,4,1,1,9,1,2,2,4,1,5,8,1,2
41126caf1874c098d357,3,5,1,12,6,1,5,11,1,2,4,1,1,9,1,2,2,4,1,5,8,1,2
4130weedl0x9hc7qe5a4,3,5,1,11,6,1,5,11,1,2,4,1,1,8,1,2,2,4,1,5,8,1,2
413cbf664ac3ba8307ea,3,5,1,12,6,1,5,11,1,2,4,1,1,9,1,2,2,4,1,5,8,1,2
4156dc6090d72c95c23b,3,5,1,12,6,1,5,11,1,2,4,1,1,9,1,2,2,4,1,5,8,1,2
418f4730434eaced55a2,3,5,1,12,6,1,5,11,1,2,4,1,1,9,1,2,2,4,1,5,8,1,2
41abb1b9df74d29b7732,3,5,1,12,6,1,5,11,1,2,4,1,1,9,1,2,2,4,1,5,8,1,2
41e9ff991a4a21f423a8,3,5,1,12,6,1,5,11,1,2,4,1,1,9,1,2,2,4,1,5,8,1,2
41f718ae2aed1d6c2573,3,5,1,12,6,1,5,11,1,2,4,1,1,9,1,2,2,4,1,5,8,1,2
424de2c5e2c1f5652cdc,3,5,1,12,6,1,5,11,1,2,4,1,1,9,1,2,2,4,1,5,8,1,2
42dd5f9cd9e2c3ac9ed7,3,5,1,12,6,1,5,11,1,2,4,1,1,9,1,2,2,4,1,5,8,1,2
42e83553ca9d77ab4aee,3,5,1,12,6,1,5,11,1,2,4,1,1,9,1,2,2,4,1,5,8,1,2
430420fb41fe0a889868,3,5,1,12,6,1,5,11,1,2,4,1,1,9,1,2,2,4,1,5,8,1,2
432fd26823e230070734,3,5,1,12,6,1,5,11,1,2,4,1,1,9,1,2,2,4,1,5,8,1,2
4388d48ebff4cf866ecd,3,4,0,12,6,1,5,10,1,2,4,0,0,9,1,2,2,4,1,5,7,1,2
43d34a076620e32fedfa,3,5,1,12,6,1,5,11,1,2,4,1,1,9,1,2,2,4,1,5,8,1,2
43d98a750c726bb39d11,3,5,1,12,6,1,5,11,1,2,4,1,1,9,1,2,2,4,1,5,8,1,2
446d2ad0ca2908ffa4f9,3,5,1,12,6,1,5,11,1,2,4,1,1,9,1,2,2,4,1,5,8,1,2
4474f24ef69e01e2c001,0,0,0,4,6,0,5,0,0,0,0,0,0,2,0,2,2,4,0,5,0,0,0
4478eae73fb84cedb102,3,5,1,12,6,1,5,11,1,2,4,1,1,9,1,2,2,4,1,5,8,1,2
44c7cf3881ae07f7fb3e,3,5,1,12,6,1,5,11,1,2,4,1,1,9,1,2,2,4,1,5,8,1,2
44x159fl0pw2uucriuga,3,5,1,12,6,1,5,11,1,2,4,1,1,9,1,2,2,4,1,5,8,1,2
451b0095938a3c54efc4,3,5,1,12,6,1,5,11,1,2,4,1,1,9,1,2,2,4,1,5,8,1,2
453d43b3f6bdf467e672,3,5,1,12,6,1,5,11,1,2,4,1,1,9,1,2,2,4,1,5,8,1,2
454c91e8f96c1dc4e994,3,5,1,12,6,1,5,11,1,2,4,1,1,9,1,2,2,4,1,5,8,1,2
45b6cc87a7e957f83027,3,5,1,12,6,1,5,11,1,2,4,1,1,9,1,2,2,4,1,5,8,1,2
460fa4961434cf281423,3,5,1,12,6,1,5,11,1,2,4,1,1,9,1,2,2,4,1,5,8,1,2
46a60ed041c8ebf98061,3,5,1,12,6,1,5,11,1,2,4,1,1,9,1,2,2,4,1,5,8,1,2
46a7a18ca160c829a15f,3,5,1,12,6,1,5,11,1,2,4,1,1,9,1,2,2,4,1,5,8,1,2
46e2d5243b6eef040f97,3,5,1,12,6,1,5,11,1,2,4,1,1,9,1,2,2,4,1,5,8,1,2
4738a118c8b8fa271fd6,3,5,1,12,6,1,5,11,1,2,4,1,1,9,1,2,2,4,1,5,8,1,2
47b08a7751ab609be9e5,3,5,1,12,6,1,5,11,1,2,4,1,1,9,1,2,2,4,1,5,8,1,2
47eeab842793b09300c3,3,5,1,12,6,1,5,11,1,2,4,1,1,9,1,2,2,4,1,5,8,1,2
47vclaej1xmb0rc8kgka,3,5,1,12,6,1,5,11,1,2,4,1,1,9,1,2,2,4,1,5,8,1,2
4884f3bdc068ef01e042,3,5,1,12,6,1,5,11,1,2,4,1,1,9,1,2,2,4,1,5,8,1,2
488934d01a504bc212b4,3,5,1,12,6,1,5,11,1,2,4,1,1,9,1,2,2,4,1,5,8,1,2
488fc49e8fccd665c3e2,3,5,1,12,6,1,5,11,1,2,4,1,1,9,1,2,2,4,1,5,8,1,2
48a71a6a5a15e31084e3,3,5,1,12,6,1,5,11,1,2,4,1,1,9,1,2,2,4,1,5,8,1,2
48a96425072cefa0dc69,3,5,1,12,6,1,5,11,1,2,4,1,1,9,1,2,2,4,1,5,8,1,2
48ad93c227abfa9542aa,3,5,1,12,6,1,5,11,1,2,4,1,1,9,1,2,2,4,1,5,8,1,2
490bhm7of35x1ixmdp9v,2,5,1,12,6,1,5,11,1,1,4,1,1,9,1,2,2,4,1,5,8,1,2
498121d2486259ef1b3a,3,5,1,12,6,1,5,11,1,2,4,1,1,9,1,2,2,4,1,5,8,1,2
49a91a4dce6838ffcbcd,3,5,1,12,6,1,5,11,1,2,4,1,1,9,1,2,2,4,1,5,8,1,2
49b95110a8c59f6b6c58,3,5,1,12,6,1,5,11,1,2,4,1,1,9,1,2,2,4,1,5,8,1,2
49ef48443e09f8be12f6,3,5,1,12,6,1,5,11,1,2,4,1,1,9,1,2,2,4,1,5,8,1,2
4a0890c15c26984c191f,3,5,1,12,6,1,5,11,1,2,4,1,1,9,1,2,2,4,1,5,8,1,2
4a6e1cf1e4e9d8f54717,3,5,1,12,6,1,5,11,1,2,4,1,1,9,1,2,2,4,1,5,8,1,2
4a7f53c0a376edadf38a,3,5,1,12,6,1,5,11,1,2,4,1,1,9,1,2,2,4,1,5,8,1,2
4acutl013itvh9va99p7,3,5,1,10,6,1,3,11,1,2,4,1,1,9,1,0,2,4,1,3,8,1,2
4atjmlccken75lck9ffp,3,4,1,10,5,0,5,10,1,2,3,1,1,7,1,2,2,3,0,5,7,1,2
4bceaffe5e429ed3333b,3,5,1,12,6,1,5,11,1,2,4,1,1,9,1,2,2,4,1,5,8,1,2
4bq1kdgygbtif8w80s5y,3,5,1,11,6,1,5,11,1,2,4,1,1,8,1,2,2,4,1,5,8,1,2
4c26df96293b4a52bc03,3,5,1,12,6,1,5,11,1,2,4,1,1,9,1,2,2,4,1,5,8,1,2
4c79be630ae9d3db6aaf,3,5,1,12,6,1,5,11,1,2,4,1,1,9,1,2,2,4,1,5,8,1,2
4c90f16c0fcd85d3de25,3,5,1,12,6,1,5,11,1,2,4,1,1,9,1,2,2,4,1,5,8,1,2
4ca5c8ea55be09213d14,3,5,1,12,6,1,5,11,1,2,4,1,1,9,1,2,2,4,1,5,8,1,2
4cb96f0d9108066442a8,3,5,1,12,6,1,5,11,1,2,4,1,1,9,1,2,2,4,1,5,8,1,2
4cc0dc56eecea1d928d1,3,5,1,12,6,1,5,11,1,2,4,1,1,9,1,2,2,4,1,5,8,1,2
4cmc1clqeje7atfrg4db,3,5,1,12,5,1,5,10,1,2,4,1,1,9,1,2,2,3,1,5,7,1,2
4dfdfa5e1a04c832b9b4,3,5,1,12,6,1,5,11,1,2,4,1,1,9,1,2,2,4,1,5,8,1,2
4e4bb1f26e34ca0a13dc,3,5,1,12,6,1,5,11,1,2,4,1,1,9,1,2,2,4,1,5,8,1,2
4e508744a9816cc4586a,3,5,1,12,6,1,5,11,1,2,4,1,1,9,1,2,2,4,1,5,8,1,2
4e768251c78b687fa993,3,5,1,12,6,1,5,11,1,2,4,1,1,9,1,2,2,4,1,5,8,1,2
4edfd2e1b7c5c5d1d384,3,5,0,12,6,0,5,9,1,2,4,1,0,9,1,2,2,4,0,5,6,1,2
4erna0vkk9gu5umle1se,2,4,1,10,6,1,5,10,1,1,3,1,1,7,1,2,2,4,1,5,8,0,2
4ewf46mylf75olvvihqj,3,5,1,11,6,1,4,11,1,2,4,1,1,9,1,1,2,4,1,4,8,1,2
4fl8e5s0nf65bm2m34f0,3,4,1,12,6,1,5,11,1,2,3,1,1,9,1,2,2,4,1,5,8,1,2
4glo109mkgy7azntyttp,2,5,1,12,6,1,4,11,1,1,4,1,1,9,1,2,2,4,1,4,8,1,2
4i0t5tq7o78lvc1zglgr,3,4,1,12,5,1,5,10,1,2,3,1,1,9,1,2,2,3,1,5,8,1,1
4nun1ah7qw10q705a2aq,2,5,1,11,6,1,5,10,0,2,4,1,1,8,1,2,2,4,1,5,7,1,2
4oqxw56hzk4fk8aqh3e0,3,5,1,12,6,1,4,11,1,2,4,1,1,9,1,2,2,4,1,4,8,1,2
4v5xbvn3yhmvs97477pc,3,5,1,12,5,1,5,11,1,2,4,1,1,9,1,2,2,3,1,5,8,1,2
4v8jwi9ynwjob7t67edm,3,5,1,12,6,1,5,10,1,2,4,1,1,9,1,2,2,4,1,5,7,1,2
4vnvytgnlmv4jbfw9h3t,3,4,1,12,6,1,5,11,1,2,3,1,1,9,1,2,2,4,1,5,8,1,2
4x441h9y6wzknmtdw7q4,1,4,1,11,6,1,5,11,1,0,3,1,1,8,1,2,2,4,1,5,8,1,2
4xh67ezjc331pg9q3kfv,3,5,1,11,6,1,4,9,1,2,4,1,1,8,1,2,2,4,1,4,7,1,1
4y1vvkscejq34042oag4,2,5,1,11,6,1,5,10,1,1,4,1,1,8,1,2,2,4,1,5,8,0,2
504278569f7c6dff25e3,3,5,1,12,5,1,5,11,1,2,4,1,1,9,1,2,1,4,1,5,8,1,2
50673b01fd2b0c765572,3,5,1,12,6,1,5,11,1,2,4,1,1,9,1,2,2,4,1,5,8,1,2
50fec4ca4283ad18c000,3,5,1,12,6,1,5,11,1,2,4,1,1,9,1,2,2,4,1,5,8,1,2
510a90cd169e2eb042ab,3,5,1,12,6,1,5,11,1,2,4,1,1,9,1,2,2,4,1,5,8,1,2
522837ace4fd8dd743f2,3,5,1,12,6,1,5,11,1,2,4,1,1,9,1,2,2,4,1,5,8,1,2
52a24e35d5356ab34a2e,3,5,1,12,6,1,5,11,1,2,4,1,1,9,1,2,2,4,1,5,8,1,2
52d965ebf3ec0518bc0f,3,5,1,12,6,1,5,11,1,2,4,1,1,9,1,2,2,4,1,5,8,1,2
52f1bca9ac9c792e4457,3,5,1,12,6,1,5,11,1,2,4,1,1,9,1,2,2,4,1,5,8,1,2
52f4899e918b57df28da,3,5,1,12,6,1,5,11,1,2,4,1,1,9,1,2,2,4,1,5,8,1,2
533bc4c6716035e694ac,3,5,1,12,6,1,5,11,1,2,4,1,1,9,1,2,2,4,1,5,8,1,2
539911ee11c1b2aaeb88,3,5,1,12,6,1,5,11,1,2,4,1,1,9,1,2,2,4,1,5,8,1,2
53d51965c40a54cff1a0,3,5,1,12,6,1,5,11,1,2,4,1,1,9,1,2,2,4,1,5,8,1,2
54342435561e775ce97f,3,5,1,12,6,1,5,11,1,2,4,1,1,9,1,2,2,4,1,5,8,1,2
545eb6c8154273344669,3,5,1,12,6,1,5,11,1,2,4,1,1,9,1,2,2,4,1,5,8,1,2
5479f88afb95288d6392,3,5,1,12,6,1,5,11,1,2,4,1,1,9,1,2,2,4,1,5,8,1,2
54826f4abf592713d585,3,5,1,12,6,1,5,11,1,2,4,1,1,9,1,2,2,4,1,5,8,1,2
54f91ccb08cbece520da,3,5,1,12,6,1,5,11,1,2,4,1,1,9,1,2,2,4,1,5,8,1,2
552365f82674884bcaaa,3,5,1,12,6,1,5,11,1,2,4,1,1,9,1,2,2,4,1,5,8,1,2
553l2g7kpifbvn82knxk,3,5,1,11,6,1,5,10,1,2,4,1,1,8,1,2,2,4,1,5,8,1,1
55a47a152d359522e38d,3,5,1,12,6,1,5,11,1,2,4,1,1,9,1,2,2,4,1,5,8,1,2
57709f904b1cc9ec60b1,3,5,1,12,6,1,5,11,1,2,4,1,1,9,1,2,2,4,1,5,8,1,2
57c33a6126c456c5ada8,3,5,1,12,6,1,5,11,1,2,4,1,1,9,1,2,2,4,1,5,8,1,2
57f84519c468df122d69,3,5,1,12,6,1,5,11,1,2,4,1,1,9,1,2,2,4,1,5,8,1,2
57lp5aje49glffj2mavj,3,5,1,11,6,1,5,10,1,2,4,1,1,8,1,2,2,4,1,5,7,1,2
580e98185da72b5f34cd,3,5,1,12,6,1,5,11,1,2,4,1,1,9,1,2,2,4,1,5,8,1,2
58n0dsxyyqnriomw67id,3,5,1,11,6,1,4,11,1,2,4,1,1,8,1,2,2,4,1,4,8,1,2
58widcj6smafuwyqxw2m,3,5,1,11,4,1,5,11,1,2,4,1,1,9,1,1,1,3,1,5,8,1,2
5914db0d4427b322e8af,0,0,0,11,6,0,5,2,0,0,0,0,0,8,1,2,2,4,0,5,2,0,0
5963ba5cd9d242a00e22,3,5,1,12,6,1,5,11,1,2,4,1,1,9,1,2,2,4,1,5,8,1,2
59bybxqvhton27u0jtfm,3,4,1,12,6,1,4,11,1,2,4,0,1,9,1,2,2,4,1,4,8,1,2
5a44a7c59729d41d596a,3,5,1,12,6,1,5,11,1,2,4,1,1,9,1,2,2,4,1,5,8,1,2
5a8cce5abee961fc77f3,3,5,1,12,6,1,5,11,1,2,4,1,1,9,1,2,2,4,1,5,8,1,2
5abcc9d4fb5e764b2f6f,3,5,1,12,6,1,5,11,1,2,4,1,1,9,1,2,2,4,1,5,8,1,2
5ada57d72f07c3803d33,3,5,1,12,6,1,5,11,1,2,4,1,1,9,1,2,2,4,1,5,8,1,2
5b5ef66e547d63806a56,3,5,1,12,6,1,5,11,1,2,4,1,1,9,1,2,2,4,1,5,8,1,2
5bdad002590327215ae0,3,5,1,12,6,1,5,11,1,2,4,1,1,9,1,2,2,4,1,5,8,1,2
5be7405ad4ae9d9a2853,3,5,1,12,6,1,5,11,1,2,4,1,1,9,1,2,2,4,1,5,8,1,2
5bv3jsp9s9e00dmfn4yz,3,5,0,12,6,1,5,10,1,2,4,1,0,9,1,2,2,4,1,5,7,1,2
5c33bb784bb99763ed74,3,5,1,12,6,1,5,11,1,2,4,1,1,9,1,2,2,4,1,5,8,1,2
5c83f4ed6601ddf1a6fa,3,5,1,12,6,1,5,11,1,2,4,1,1,9,1,2,2,4,1,5,8,1,2
5cda8273b348fbda9f29,3,5,1,12,6,1,5,11,1,2,4,1,1,9,1,2,2,4,1,5,8,1,2
5cvh2l8k7xnsm53a53hq,3,5,1,10,6,1,5,9,1,2,4,1,1,7,1,2,2,4,1,5,6,1,2
5d16326e4577a67d94c6,3,5,1,12,6,1,5,11,1,2,4,1,1,9,1,2,2,4,1,5,8,1,2
5d2379fb72082166dee3,3,5,1,12,6,1,5,11,1,2,4,1,1,9,1,2,2,4,1,5,8,1,2
5d580a610c7f8114eb5c,3,5,1,12,6,1,5,11,1,2,4,1,1,9,1,2,2,4,1,5,8,1,2
5d89810b20079366fcc2,3,3,1,12,6,1,5,11,1,2,3,0,1,9,1,2,2,4,1,5,8,1,2
5dmn9cwdf4l1snqfjw1p,2,5,1,12,6,1,5,9,1,1,4,1,1,9,1,2,2,4,1,5,7,0,2
5e12a0421c20717035cb,3,5,1,12,6,1,5,11,1,2,4,1,1,9,1,2,2,4,1,5,8,1,2
5e29473eb1e80fde79a0,3,5,1,12,6,1,5,11,1,2,4,1,1,9,1,2,2,4,1,5,8,1,2
5e89fad73b2ada2a30bf,3,5,1,12,6,1,5,11,1,2,4,1,1,9,1,2,2,4,1,5,8,1,2
5ez4c53h3kdamnlvkpna,2,5,1,12,6,1,5,11,1,1,4,1,1,9,1,2,2,4,1,5,8,1,2
5f55600069b483f999f5,3,5,1,12,6,1,5,11,1,2,4,1,1,9,1,2,2,4,1,5,8,1,2
5f7b406b2bbf9789735f,3,5,1,12,6,1,5,11,1,2,4,1,1,9,1,2,2,4,1,5,8,1,2
5f8d87412f69e3d9fb13,3,5,1,12,6,1,5,11,1,2,4,1,1,9,1,2,2,4,1,5,8,1,2
5faa3d19e595ab735fda,3,5,1,12,6,1,5,11,1,2,4,1,1,9,1,2,2,4,1,5,8,1,2
5fbaf8a0f524358778bb,3,5,1,12,6,1,5,11,1,2,4,1,1,9,1,2,2,4,1,5,8,1,2
5gs9643ghg39gpkgi3e5,3,5,1,12,5,1,4,11,1,2,4,1,1,9,1,2,2,3,1,4,8,1,2
5jxldd3plo4x6oq140l5,3,5,1,11,5,1,4,11,1,2,4,1,1,9,1,1,2,3,1,4,8,1,2
5kqtdcvyt7rgqdoextw8,3,5,1,11,5,1,5,11,1,2,4,1,1,9,1,1,2,3,1,5,8,1,2
5mrih4nj5agvu67vao4m,3,5,1,12,6,1,5,11,1,2,4,1,1,9,1,2,2,4,1,5,8,1,2
5qfsd40k8fv54hc102p2,2,5,1,12,6,1,5,11,1,1,4,1,1,9,1,2,2,4,1,5,8,1,2
5slhcx7pnjhcmlbfffu6,3,5,1,12,6,1,4,11,1,2,4,1,1,9,1,2,2,4,1,4,8,1,2
6002b9ec0f4ad0b281cf,3,5,1,12,6,1,5,11,1,2,4,1,1,9,1,2,2,4,1,5,8,1,2
60c3549c706fe13322ce,3,5,1,12,6,1,5,11,1,2,4,1,1,9,1,2,2,4,1,5,8,1,2
6106e5232ac32bc22d1d,3,5,1,12,6,1,5,11,1,2,4,1,1,9,1,2,2,4,1,5,8,1,2
61de1e21015e07aacbe8,3,5,1,12,6,1,5,11,1,2,4,1,1,9,1,2,2,4,1,5,8,1,2
62156eada978f707f5d2,3,5,1,12,6,1,5,11,1,2,4,1,1,9,1,2,2,4,1,5,8,1,2
6273f50d9a0b4e6d971c,3,5,1,12,6,1,5,11,1,2,4,1,1,9,1,2,2,4,1,5,8,1,2
628bztd9ybuth5efk7nw,3,5,1,11,6,1,5,10,1,2,4,1,1,9,1,1,2,4,1,5,7,1,2
62a877b83219f7974fd0,3,5,1,12,6,1,5,11,1,2,4,1,1,9,1,2,2,4,1,5,8,1,2
62olkigg7ntlaf6fzytl,3,5,1,11,6,1,5,11,1,2,4,1,1,9,1,1,2,4,1,5,8,1,2
6314d7cbc465e29f357c,3,5,1,12,6,1,5,11,1,2,4,1,1,9,1,2,2,4,1,5,8,1,2
63aded37545ab92d41d4,3,5,1,12,6,1,5,11,1,2,4,1,1,9,1,2,2,4,1,5,8,1,2
63c38a00d97e62c31e08,3,5,1,12,6,1,5,11,1,2,4,1,1,9,1,2,2,4,1,5,8,1,2
63eef37311aaac915a45,3,5,1,12,6,1,5,11,1,2,4,1,1,9,1,2,2,4,1,5,8,1,2
63ff3dff3eb31d62ab3e,3,5,1,12,6,1,5,11,1,2,4,1,1,9,1,2,2,4,1,5,8,1,2
6486c0664d217470d126,3,5,1,12,6,1,5,11,1,2,4,1,1,9,1,2,2,4,1,5,8,1,2
6496d6268092ef8e7e9d,3,5,1,12,6,1,5,11,1,2,4,1,1,9,1,2,2,4,1,5,8,1,2
64d1d58d40bca568347c,3,5,1,12,6,1,5,11,1,2,4,1,1,9,1,2,2,4,1,5,8,1,2
64d65eddd629b80922f1,3,5,1,12,6,1,5,11,1,2,4,1,1,9,1,2,2,4,1,5,8,1,2
6569uz69or21mbcejw25,3,3,1,11,6,1,5,10,1,2,3,0,1,8,1,2,2,4,1,5,8,1,1
65pjnae3qrygsy0t42jg,3,5,1,12,6,1,5,11,1,2,4,1,1,9,1,2,2,4,1,5,8,1,2
6604efc6fd93e070f40a,3,5,1,12,6,1,5,11,1,2,4,1,1,9,1,2,2,4,1,5,8,1,2
66d7c0bdb21b7d5bd83d,3,5,1,12,6,1,5,11,1,2,4,1,1,9,1,2,2,4,1,5,8,1,2
66f99grd556eyxjqk7pz,3,5,1,11,6,1,5,11,1,2,4,1,1,9,1,1,2,4,1,5,8,1,2
67456512891f96cc0fc3,3,5,1,12,6,1,5,11,1,2,4,1,1,9,1,2,2,4,1,5,8,1,2
67f8d47cfb7b7b3d2095,3,5,1,12,6,1,5,11,1,2,4,1,1,9,1,2,2,4,1,5,8,1,2
6837091518a3524730fb,3,5,1,12,6,1,5,11,1,2,4,1,1,9,1,2,2,4,1,5,8,1,2
687ndz7mxhpv3gg91ie2,3,5,1,12,6,1,5,10,1,2,4,1,1,9,1,2,2,4,1,5,7,1,2
68c45e933c2dc939e7c9,3,5,1,12,6,1,5,11,1,2,4,1,1,9,1,2,2,4,1,5,8,1,2
6923e581d76689cb57a1,3,5,1,12,6,1,5,11,1,2,4,1,1,9,1,2,2,4,1,5,8,1,2
6964a3d507ac1ecf9e52,3,5,1,12,6,1,5,11,1,2,4,1,1,9,1,2,2,4,1,5,8,1,2
69a4b3d15a5bf0d0e43e,3,5,1,12,6,1,5,11,1,2,4,1,1,9,1,2,2,4,1,5,8,1,2
69ae85efb03510241445,3,5,1,12,6,1,5,11,1,2,4,1,1,9,1,2,2,4,1,5,8,1,2
6a62f52203bda35656be,3,5,1,12,6,1,5,11,1,2,4,1,1,9,1,2,2,4,1,5,8,1,2
6ab4994b59925a6d1bba,3,5,1,12,6,1,5,11,1,2,4,1,1,9,1,2,2,4,1,5,8,1,2
6abeead45fd57abadaff,3,5,1,12,6,1,5,11,1,2,4,1,1,9,1,2,2,4,1,5,8,1,2
6ae7d356ba998218af82,3,5,1,12,6,1,5,11,1,2,4,1,1,9,1,2,2,4,1,5,8,1,2
6b0cc09c9daf2966d1a7,3,5,1,12,6,1,5,11,1,2,4,1,1,9,1,2,2,4,1,5,8,1,2
6b22922bfe081d68c7a6,3,5,1,12,6,1,5,11,1,2,4,1,1,9,1,2,2,4,1,5,8,1,2
6b9ee688551136da2eb9,3,5,1,12,6,1,5,11,1,2,4,1,1,9,1,2,2,4,1,5,8,1,2
6cbcdec2dffbcf09a91a,3,5,1,12,6,1,5,11,1,2,4,1,1,9,1,2,2,4,1,5,8,1,2
6cxj0lsinp9d7215gtpe,3,5,1,12,6,1,5,11,1,2,4,1,1,9,1,2,2,4,1,5,8,1,2
6d22912e7e93a96a8690,3,5,1,12,6,1,5,11,1,2,4,1,1,9,1,2,2,4,1,5,8,1,2
6d35a9a33338a84dd077,3,5,1,12,6,1,5,11,1,2,4,1,1,9,1,2,2,4,1,5,8,1,2
6d90c2fd38f2ea52ffd8,3,5,1,12,6,1,5,11,1,2,4,1,1,9,1,2,2,4,1,5,8,1,2
6dx4zt62b8m37krb5l3n,3,5,1,12,6,1,5,10,1,2,4,1,1,9,1,2,2,4,1,5,8,1,1
6e7d56f652020f046204,3,5,1,12,6,1,5,11,1,2,4,1,1,9,1,2,2,4,1,5,8,1,2
6e8118d5ad3c7093b869,3,5,1,12,6,1,5,11,1,2,4,1,1,9,1,2,2,4,1,5,8,1,2
6efd353d32bd3d908b23,3,5,1,12,6,1,5,11,1,2,4,1,1,9,1,2,2,4,1,5,8,1,2
6fc66606e74242398444,3,5,1,12,6,1,5,11,1,2,4,1,1,9,1,2,2,4,1,5,8,1,2
6fe309a58b787e7010eb,3,5,1,12,6,1,5,11,1,2,4,1,1,9,1,2,2,4,1,5,8,1,2
6fefd33cf297f69bcae3,3,5,1,12,6,1,5,11,1,2,4,1,1,9,1,2,2,4,1,5,8,1,2
6g7c63m95z8acd3vx5ct,3,5,1,11,6,1,5,11,1,2,4,1,1,9,1,1,2,4,1,5,8,1,2
6iag08nt7se7f2hkgzx4,3,4,1,11,6,1,5,10,1,2,4,0,1,8,1,2,2,4,1,5,7,1,2
6ixkthdoadcwip3r1sy2,3,5,1,10,6,1,5,11,1,2,4,1,1,8,1,1,2,4,1,5,8,1,2
6o68qswzkvrrtbiz6bzr,3,5,1,12,6,1,5,11,1,2,4,1,1,9,1,2,2,4,1,5,8,1,2
6tq9irjllweqmqe4u7sf,3,5,1,11,6,1,5,11,1,2,4,1,1,8,1,2,2,4,1,5,8,1,2
6wrt24mg5gnuu8bre1y9,3,5,1,11,6,1,5,11,1,2,4,1,1,8,1,2,2,4,1,5,8,1,2
700915d303cc358e662a,3,5,1,12,6,1,5,11,1,2,4,1,1,9,1,2,2,4,1,5,8,1,2
701a989d65a59c18845b,3,4,1,12,6,1,5,11,1,2,4,0,1,9,1,2,2,4,1,5,8,1,2
7086b49d3d6c2cf79c1a,3,5,1,12,6,1,5,11,1,2,4,1,1,9,1,2,2,4,1,5,8,1,2
70ym0xeqaqmx14dv6myx,3,4,1,12,6,1,5,11,1,2,3,1,1,9,1,2,2,4,1,5,8,1,2
71ca74e191e71b0219b5,3,4,1,12,6,1,5,10,1,2,3,1,1,9,1,2,2,4,1,5,7,1,2
71d0a8156e59c4dcedfd,3,5,1,12,6,1,5,11,1,2,4,1,1,9,1,2,2,4,1,5,8,1,2
71f6622e7caa6ed92506,3,5,1,12,6,1,5,11,1,2,4,1,1,9,1,2,2,4,1,5,8,1,2
7207088b2ef28ff6b669,2,4,1,12,6,1,5,11,0,2,3,1,1,9,1,2,2,4,1,5,8,1,2
728a4a393899c37a5429,3,5,1,12,6,1,5,11,1,2,4,1,1,9,1,2,2,4,1,5,8,1,2
72b4334deffff31dea8b,3,5,1,12,6,1,5,11,1,2,4,1,1,9,1,2,2,4,1,5,8,1,2
72d383f55803c5a81bd6,3,5,1,12,6,1,5,11,1,2,4,1,1,9,1,2,2,4,1,5,8,1,2
72fbfd24cdff0454a0e2,3,5,1,12,6,1,5,11,1,2,4,1,1,9,1,2,2,4,1,5,8,1,2
7380885aaba482170588,3,5,1,12,6,1,5,11,1,2,4,1,1,9,1,2,2,4,1,5,8,1,2
73ae359d8e93d41ae4ff,3,5,1,12,6,1,5,11,1,2,4,1,1,9,1,2,2,4,1,5,8,1,2
74137c4db75be61c10fa,3,5,1,12,6,1,5,11,1,2,4,1,1,9,1,2,2,4,1,5,8,1,2
744e7141564ed216b812,3,5,1,12,6,1,5,11,1,2,4,1,1,9,1,2,2,4,1,5,8,1,2
749fec50db4020e9bfcc,3,4,1,12,6,1,5,11,1,2,3,1,1,9,1,2,2,4,1,5,8,1,2
74e22a3421e605061ef1,3,5,1,12,6,1,5,11,1,2,4,1,1,9,1,2,2,4,1,5,8,1,2
74g1r714u01v7nb4vn8w,2,5,1,12,6,1,5,11,0,2,4,1,1,9,1,2,2,4,1,5,8,1,2
75097aa30e9373a612c7,3,5,1,12,6,1,5,11,1,2,4,1,1,9,1,2,2,4,1,5,8,1,2
7509bbe0d23fe15928ba,3,5,1,12,6,1,5,11,1,2,4,1,1,9,1,2,2,4,1,5,8,1,2
758a52e21fd5c23cd7ed,3,5,1,12,6,1,5,11,1,2,4,1,1,9,1,2,2,4,1,5,8,1,2
75a72c46b8271a57fba6,3,5,1,12,6,1,5,11,1,2,4,1,1,9,1,2,2,4,1,5,8,1,2
75c2677c8d156032e303,3,5,1,12,6,1,5,11,1,2,4,1,1,9,1,2,2,4,1,5,8,1,2
75dcc10ba89fd0c25d50,3,5,1,12,6,1,5,11,1,2,4,1,1,9,1,2,2,4,1,5,8,1,2
75e30b71e38030454877,3,5,1,12,6,1,5,11,1,2,4,1,1,9,1,2,2,4,1,5,8,1,2
76366e9c264169b2bae1,3,5,1,12,6,1,5,11,1,2,4,1,1,9,1,2,2,4,1,5,8,1,2
766836b5f30556e81da4,3,5,1,12,6,1,5,11,1,2,4,1,1,9,1,2,2,4,1,5,8,1,2
767e222eeb367b2b010f,3,5,1,12,6,1,5,11,1,2,4,1,1,9,1,2,2,4,1,5,8,1,2
768c216e172762b85899,1,4,1,12,6,1,5,11,0,1,3,1,1,9,1,2,2,4,1,5,8,1,2
7694d71417c2f5202940,3,5,1,12,6,1,5,11,1,2,4,1,1,9,1,2,2,4,1,5,8,1,2
76a2f2705490042bb8cb,3,5,1,12,6,1,5,11,1,2,4,1,1,9,1,2,2,4,1,5,8,1,2
76fe2c19fa84d58b584b,3,5,1,12,6,1,5,11,1,2,4,1,1,9,1,2,2,4,1,5,8,1,2
7742559d8e833fbcd326,3,5,1,12,6,1,5,11,1,2,4,1,1,9,1,2,2,4,1,5,8,1,2
781f69b185122bfaddca,3,5,1,12,0,1,5,11,1,2,4,1,1,9,1,2,0,0,1,5,8,1,2
78e6c80ea8dc73ec747d,3,5,1,12,6,1,5,11,1,2,4,1,1,9,1,2,2,4,1,5,8,1,2
78uyv6k6u49krocgtkzu,3,5,1,12,5,1,4,11,1,2,4,1,1,9,1,2,2,3,1,4,8,1,2
798ff22d126a0f8034ff,3,5,1,12,6,1,5,11,1,2,4,1,1,9,1,2,2,4,1,5,8,1,2
79cvflltnemb9zpg6pgl,3,5,1,12,6,1,5,11,1,2,4,1,1,9,1,2,2,4,1,5,8,1,2
79ea7a2f63285f2fe26b,3,5,1,12,6,1,5,11,1,2,4,1,1,9,1,2,2,4,1,5,8,1,2
79fdbcf16db75f75383a,3,5,1,12,6,1,5,11,1,2,4,1,1,9,1,2,2,4,1,5,8,1,2
7a600fb7e3750998e7ae,3,5,1,12,6,1,5,11,1,2,4,1,1,9,1,2,2,4,1,5,8,1,2
7ab9a2516b2dba99c36c,1,5,1,12,6,1,5,11,0,1,4,1,1,9,1,2,2,4,1,5,8,1,2
7ae6jy1vw15ppmnq6sba,3,5,0,12,6,1,5,10,1,2,4,1,0,9,1,2,2,4,1,5,7,1,2
7agicm1atkhpdu12y95z,3,5,1,12,6,1,5,11,1,2,4,1,1,9,1,2,2,4,1,5,8,1,2
7b1d65c8c7637c14d9f2,3,5,1,12,6,1,5,11,1,2,4,1,1,9,1,2,2,4,1,5,8,1,2
7bb37669654dedc7e397,3,5,1,12,6,1,5,11,1,2,4,1,1,9,1,2,2,4,1,5,8,1,2
7bfbef4127aeec4b344e,3,5,1,12,6,1,5,11,1,2,4,1,1,9,1,2,2,4,1,5,8,1,2
7c1d8516e6c2ab2d3030,3,5,1,12,6,1,5,11,1,2,4,1,1,9,1,2,2,4,1,5,8,1,2
7c27b1482db039a6eee9,3,5,1,12,6,1,5,11,1,2,4,1,1,9,1,2,2,4,1,5,8,1,2
7c2qxvccum7f93e8ohgt,2,5,1,12,6,1,5,11,0,2,4,1,1,9,1,2,2,4,1,5,8,1,2
7c3fa9ed66d940d49692,3,5,1,12,6,1,5,11,1,2,4,1,1,9,1,2,2,4,1,5,8,1,2
7d882daa0b4d418d1d0c,3,5,1,12,6,1,5,11,1,2,4,1,1,9,1,2,2,4,1,5,8,1,2
7ddzwidmh4uwbopvlast,3,4,1,11,6,1,5,11,1,2,3,1,1,8,1,2,2,4,1,5,8,1,2
7ec5fc60b1ce755e0e17,3,5,1,12,6,1,5,11,1,2,4,1,1,9,1,2,2,4,1,5,8,1,2
7eeq2weegodhsqj7bxc2,3,5,1,12,6,1,5,11,1,2,4,1,1,9,1,2,2,4,1,5,8,1,2
7f1c076b22be73eef99b,3,5,1,12,6,1,5,11,1,2,4,1,1,9,1,2,2,4,1,5,8,1,2
7f58862bfed16feedfd6,3,5,1,12,6,1,5,11,1,2,4,1,1,9,1,2,2,4,1,5,8,1,2
7f91b4ad141d21887b79,3,5,1,12,6,1,5,11,1,2,4,1,1,9,1,2,2,4,1,5,8,1,2
7ffc1d4e5026fc5195ea,3,5,1,12,6,1,5,11,1,2,4,1,1,9,1,2,2,4,1,5,8,1,2
7iulsxm22wz4v82hgb2g,3,5,1,12,6,1,5,11,1,2,4,1,1,9,1,2,2,4,1,5,8,1,2
7n0vh1m7hm3g0v8ggv7v,3,5,1,12,6,1,5,9,1,2,4,1,1,9,1,2,2,4,1,5,6,1,2
7r0ywonplo8up7m35eav,1,5,1,11,6,1,5,11,1,0,4,1,1,9,1,1,2,4,1,5,8,1,2
7rzwry01x1n79a7rw5va,2,5,1,12,6,1,5,9,1,1,4,1,1,9,1,2,2,4,1,5,7,1,1
7ssihtyt72rzukfci0o1,3,5,1,12,6,1,5,11,1,2,4,1,1,9,1,2,2,4,1,5,8,1,2
7tgwr4y5vwq4rojo38ot,3,5,1,11,6,1,5,11,1,2,4,1,1,8,1,2,2,4,1,5,8,1,2
800d0095388d11344b78,3,5,1,12,6,1,5,11,1,2,4,1,1,9,1,2,2,4,1,5,8,1,2
80423084979315c20dbf,3,5,1,12,6,1,5,11,1,2,4,1,1,9,1,2,2,4,1,5,8,1,2
8068144149e4ba65ef38,3,5,1,12,6,1,5,11,1,2,4,1,1,9,1,2,2,4,1,5,8,1,2
80xvovy2zizaj5kr0va5,3,5,1,12,6,1,5,11,1,2,4,1,1,9,1,2,2,4,1,5,8,1,2
81931021ce711e124d0b,3,5,1,12,6,1,5,11,1,2,4,1,1,9,1,2,2,4,1,5,8,1,2
81c441973fd4e024d60a,3,5,1,12,6,1,5,11,1,2,4,1,1,9,1,2,2,4,1,5,8,1,2
81c4c46f19cb21d54bbb,3,5,1,12,6,1,5,11,1,2,4,1,1,9,1,2,2,4,1,5,8,1,2
81e59e96ce9bd6a76bdb,3,5,1,12,6,1,5,11,1,2,4,1,1,9,1,2,2,4,1,5,8,1,2
8242b99ad9d6609fd19c,3,5,1,12,6,1,5,11,1,2,4,1,1,9,1,2,2,4,1,5,8,1,2
82da6d26645f8f71bd61,2,5,1,12,6,1,5,11,0,2,4,1,1,9,1,2,2,4,1,5,8,1,2
83b54209fa2b1055369b,3,5,1,12,6,1,5,11,1,2,4,1,1,9,1,2,2,4,1,5,8,1,2
83bf9b0424c17c9e13e7,3,5,1,12,6,1,5,11,1,2,4,1,1,9,1,2,2,4,1,5,8,1,2
84146496b8d6256d6982,3,5,1,12,6,1,5,11,1,2,4,1,1,9,1,2,2,4,1,5,8,1,2
84e8300978b600b5f0ba,3,5,1,12,6,1,5,11,1,2,4,1,1,9,1,2,2,4,1,5,8,1,2
84f116e542feb4ff69c0,3,4,1,12,6,1,5,11,1,2,3,1,1,9,1,2,2,4,1,5,8,1,2
852687af72e9ee38fb42,3,5,1,12,6,1,5,11,1,2,4,1,1,9,1,2,2,4,1,5,8,1,2
854ce9f7f4d7b6115854,0,4,1,12,6,1,5,11,0,0,4,0,1,9,1,2,2,4,1,5,8,1,2
855b21869c4fdbed8047,3,5,1,12,6,1,5,11,1,2,4,1,1,9,1,2,2,4,1,5,8,1,2
8596e232b0d863cd3130,3,5,1,12,6,1,5,11,1,2,4,1,1,9,1,2,2,4,1,5,8,1,2
86215294b080f19af22f,3,5,1,12,6,1,5,11,1,2,4,1,1,9,1,2,2,4,1,5,8,1,2
86366c9920186cc4d1a3,3,5,1,12,6,1,5,11,1,2,4,1,1,9,1,2,2,4,1,5,8,1,2
869eacc999a52155ed53,3,5,1,12,6,1,5,11,1,2,4,1,1,9,1,2,2,4,1,5,8,1,2
8711049a2e0ef13bb10c,3,5,1,12,6,1,5,11,1,2,4,1,1,9,1,2,2,4,1,5,8,1,2
875704a45c0214c68eae,3,5,1,12,6,1,5,11,1,2,4,1,1,9,1,2,2,4,1,5,8,1,2
876aca2b8ce1958ea773,3,5,1,12,6,1,5,11,1,2,4,1,1,9,1,2,2,4,1,5,8,1,2
8777bd09f180d330b147,3,5,1,12,6,1,5,11,1,2,4,1,1,9,1,2,2,4,1,5,8,1,2
87aa4503451b6a77b2b7,3,5,1,12,6,1,5,11,1,2,4,1,1,9,1,2,2,4,1,5,8,1,2
882ccee198e25b49b30d,3,5,1,12,6,1,5,11,1,2,4,1,1,9,1,2,2,4,1,5,8,1,2
8979427badebb9e2bd10,3,5,1,12,6,1,5,11,1,2,4,1,1,9,1,2,2,4,1,5,8,1,2
897f6d3de550ebf68384,3,5,1,12,6,1,5,11,1,2,4,1,1,9,1,2,2,4,1,5,8,1,2
89af2669cc93dc97f545,3,5,1,12,6,1,5,11,1,2,4,1,1,9,1,2,2,4,1,5,8,1,2
8a45d6748ec853f7694c,3,5,1,12,6,1,5,11,1,2,4,1,1,9,1,2,2,4,1,5,8,1,2
8a9f3822aaa08e579e4f,3,5,1,12,6,1,5,11,1,2,4,1,1,9,1,2,2,4,1,5,8,1,2
8ajv97zyciosc57q0cng,2,5,1,12,6,1,5,11,1,1,4,1,1,9,1,2,2,4,1,5,8,1,2
8b1fbc97391699e46cef,3,5,1,12,6,1,5,11,1,2,4,1,1,9,1,2,2,4,1,5,8,1,2
8b586d8b9c06414b2487,3,5,1,12,6,1,5,11,1,2,4,1,1,9,1,2,2,4,1,5,8,1,2
8b6d1125760bd3939b6e,3,5,1,12,6,1,5,11,1,2,4,1,1,9,1,2,2,4,1,5,8,1,2
8bece93f0b270602e64f,3,5,1,12,6,1,5,11,1,2,4,1,1,9,1,2,2,4,1,5,8,1,2
8bf3625652581859dcd1,3,5,1,12,6,1,5,11,1,2,4,1,1,9,1,2,2,4,1,5,8,1,2
8bj43lrpbsn3smxxn3xn,3,4,1,10,6,1,5,11,1,2,3,1,1,7,1,2,2,4,1,5,8,1,2
8ca890875272aede0af5,3,5,1,12,6,1,5,11,1,2,4,1,1,9,1,2,2,4,1,5,8,1,2
8cdbc02c05d6ebafa9eb,3,5,1,12,6,1,5,11,1,2,4,1,1,9,1,2,2,4,1,5,8,1,2
8cvzwcc62ql4rqj0pyzl,3,4,1,11,6,0,5,10,1,2,3,1,1,8,1,2,2,4,0,5,7,1,2
8d422b817027d7721870,3,5,1,12,6,1,5,11,1,2,4,1,1,9,1,2,2,4,1,5,8,1,2
8d93485dc6a4b2a9f03f,3,5,1,12,6,1,5,11,1,2,4,1,1,9,1,2,2,4,1,5,8,1,2
8e1012c9f4775ba6a451,2,5,1,12,6,1,5,11,0,2,4,1,1,9,1,2,2,4,1,5,8,1,2
8e25bcfa51d165f162f6,3,5,1,12,6,1,5,11,1,2,4,1,1,9,1,2,2,4,1,5,8,1,2
8ee4fdce37fceab5620a,3,5,1,12,6,1,5,11,1,2,4,1,1,9,1,2,2,4,1,5,8,1,2
8f1ddd99ac8c59bbd788,3,5,1,12,6,1,5,11,1,2,4,1,1,9,1,2,2,4,1,5,8,1,2
8f477d2c60ec76ce22b7,3,5,1,12,6,1,5,11,1,2,4,1,1,9,1,2,2,4,1,5,8,1,2
8f81bd9cbc5471ebfc60,3,5,1,12,6,1,5,11,1,2,4,1,1,9,1,2,2,4,1,5,8,1,2
8f98bfcea1b9f0dba97e,3,5,1,12,6,1,5,11,1,2,4,1,1,9,1,2,2,4,1,5,8,1,2
8f9ecba976a15fa5d900,3,5,1,12,6,1,5,11,1,2,4,1,1,9,1,2,2,4,1,5,8,1,2
8fb30cb5c7ad360c995f,3,5,1,12,6,1,5,11,1,2,4,1,1,9,1,2,2,4,1,5,8,1,2
8fe25991951e1f37568b,3,5,1,12,6,1,5,11,1,2,4,1,1,9,1,2,2,4,1,5,8,1,2
8ivuhc6n7pr63b39dupt,3,5,1,11,6,1,5,10,1,2,4,1,1,9,1,1,2,4,1,5,8,1,1
8jo5o2abn697lg482k0e,2,5,1,11,6,1,5,11,0,2,4,1,1,9,1,1,2,4,1,5,8,1,2
8kvpozl8kjupzd4yvwbv,3,5,1,12,6,1,5,11,1,2,4,1,1,9,1,2,2,4,1,5,8,1,2
8l44g9ws39dgfe4os5d8,3,5,1,10,6,1,5,9,1,2,4,1,1,7,1,2,2,4,1,5,6,1,2
8urc1lsyw615q5prnxwh,3,5,1,12,6,1,5,11,1,2,4,1,1,9,1,2,2,4,1,5,8,1,2
8wkyo305dh8esq6eop37,3,5,1,12,6,1,5,11,1,2,4,1,1,9,1,2,2,4,1,5,8,1,2
8wnv6qj0ldurx7px1177,3,5,0,12,5,1,5,9,1,2,4,1,0,9,1,2,2,3,1,5,7,1,1
906ffe092972df38360a,3,5,1,12,6,1,5,11,1,2,4,1,1,9,1,2,2,4,1,5,8,1,2
90f3fbedfce50f644011,3,5,1,12,6,1,5,11,1,2,4,1,1,9,1,2,2,4,1,5,8,1,2
90z3slav21r61p88ksba,3,5,1,12,6,1,5,11,1,2,4,1,1,9,1,2,2,4,1,5,8,1,2
9104b8987aefa9d8e884,3,5,1,12,6,1,5,11,1,2,4,1,1,9,1,2,2,4,1,5,8,1,2
912794ea0c6936c83ce2,3,5,1,12,6,1,5,11,1,2,4,1,1,9,1,2,2,4,1,5,8,1,2
91439fcb2590c49dd20d,3,5,1,12,6,1,5,11,1,2,4,1,1,9,1,2,2,4,1,5,8,1,2
914f82268754cbf71a54,3,5,1,12,6,1,5,11,1,2,4,1,1,9,1,2,2,4,1,5,8,1,2
915813ad1b5f1bbe2d6e,3,5,1,12,6,1,5,11,1,2,4,1,1,9,1,2,2,4,1,5,8,1,2
918236b530adbe510201,3,5,1,12,6,1,5,11,1,2,4,1,1,9,1,2,2,4,1,5,8,1,2
919b6f74756bdb77edab,3,5,1,12,6,1,5,11,1,2,4,1,1,9,1,2,2,4,1,5,8,1,2
91ybnlkli8x332l13rrk,3,5,1,11,6,1,5,11,1,2,4,1,1,8,1,2,2,4,1,5,8,1,2
9294393fcd13593bc537,3,5,1,12,6,1,5,11,1,2,4,1,1,9,1,2,2,4,1,5,8,1,2
9369995cb6743cb69182,3,5,1,12,6,1,5,11,1,2,4,1,1,9,1,2,2,4,1,5,8,1,2
93c2f240de504736b8d0,3,5,1,12,6,1,5,11,1,2,4,1,1,9,1,2,2,4,1,5,8,1,2
93f200d7351d4980fec6,3,5,1,12,6,1,5,11,1,2,4,1,1,9,1,2,2,4,1,5,8,1,2
93f451c36b535d39003d,3,5,1,12,6,1,5,11,1,2,4,1,1,9,1,2,2,4,1,5,8,1,2
93iq4xjhvlc8072fsfet,3,5,1,12,6,1,4,11,1,2,4,1,1,9,1,2,2,4,1,4,8,1,2
94066a900026329cd5cd,3,5,1,12,6,1,5,11,1,2,4,1,1,9,1,2,2,4,1,5,8,1,2
9417c1b4c24e428984bc,3,5,1,12,6,1,5,11,1,2,4,1,1,9,1,2,2,4,1,5,8,1,2
94752e120f6bb6178ad5,3,5,1,12,6,1,5,11,1,2,4,1,1,9,1,2,2,4,1,5,8,1,2
9493dac6dc982d2b3dbe,3,5,1,12,6,1,5,11,1,2,4,1,1,9,1,2,2,4,1,5,8,1,2
94a770d27cae58950a5b,3,5,1,12,6,1,5,11,1,2,4,1,1,9,1,2,2,4,1,5,8,1,2
951678e2f3db4cd9911d,3,5,1,12,6,1,5,11,1,2,4,1,1,9,1,2,2,4,1,5,8,1,2
951d2aca1b8a1c336908,3,5,1,12,6,1,5,11,1,2,4,1,1,9,1,2,2,4,1,5,8,1,2
951eea03695f436017d3,3,5,1,12,6,1,5,11,1,2,4,1,1,9,1,2,2,4,1,5,8,1,2
952e59666bdde6dad94c,3,5,1,12,6,1,5,11,1,2,4,1,1,9,1,2,2,4,1,5,8,1,2
953123cfe1c275e6d8a9,3,5,1,12,6,1,5,11,1,2,4,1,1,9,1,2,2,4,1,5,8,1,2
95889f5d20e344714084,3,5,1,12,6,1,5,11,1,2,4,1,1,9,1,2,2,4,1,5,8,1,2
95i3ttsko6c6ol53ebql,1,5,1,10,6,1,5,11,1,0,4,1,1,8,1,1,2,4,1,5,8,1,2
960bf72352d4f58ad083,3,5,1,12,6,1,5,11,1,2,4,1,1,9,1,2,2,4,1,5,8,1,2
96c23b85b0b4ffdc3cae,3,5,1,12,6,1,5,11,1,2,4,1,1,9,1,2,2,4,1,5,8,1,2
96dc0554852b5a94a400,3,5,1,12,6,1,5,11,1,2,4,1,1,9,1,2,2,4,1,5,8,1,2
9723ceb0cf2dca42c118,3,5,1,12,6,1,5,11,1,2,4,1,1,9,1,2,2,4,1,5,8,1,2
97442da123c449f6a146,3,5,1,12,6,1,5,11,1,2,4,1,1,9,1,2,2,4,1,5,8,1,2
977ece9de941d85308ac,3,5,1,12,6,1,5,11,1,2,4,1,1,9,1,2,2,4,1,5,8,1,2
9795edf22e930bc30fa4,3,5,1,12,6,1,5,11,1,2,4,1,1,9,1,2,2,4,1,5,8,1,2
981cf48df067d975675b,3,5,1,12,6,1,5,11,1,2,4,1,1,9,1,2,2,4,1,5,8,1,2
98be3476791a8df7e937,3,5,1,12,6,1,5,11,1,2,4,1,1,9,1,2,2,4,1,5,8,1,2
98e10f84d94623f8b39e,3,5,1,12,6,1,5,11,1,2,4,1,1,9,1,2,2,4,1,5,8,1,2
9952cc289c9f690621ec,3,5,1,12,6,1,5,11,1,2,4,1,1,9,1,2,2,4,1,5,8,1,2
99a53846658ba3341de6,3,5,1,12,6,1,5,11,1,2,4,1,1,9,1,2,2,4,1,5,8,1,2
99d6b8a1cc0020112951,3,5,1,12,6,1,5,11,1,2,4,1,1,9,1,2,2,4,1,5,8,1,2
99dj4o3b2f6m4jemke7d,3,5,1,12,6,0,5,10,1,2,4,1,1,9,1,2,2,4,0,5,7,1,2
9a25hcbd3mhgaj0fyelo,1,5,1,11,6,1,3,11,1,0,4,1,1,9,1,1,2,4,1,3,8,1,2
9a630f9e9f4ec26d8fcd,3,5,1,12,6,1,5,11,1,2,4,1,1,9,1,2,2,4,1,5,8,1,2
9ad512cc6cbd79aa81c7,3,5,1,12,6,1,5,11,1,2,4,1,1,9,1,2,2,4,1,5,8,1,2
9b0guld0vdm0ggmmfb8k,3,4,1,10,6,1,5,10,1,2,3,1,1,7,1,2,2,4,1,5,7,1,2
9b1c065069dbb7a71617,3,5,1,12,6,1,5,11,1,2,4,1,1,9,1,2,2,4,1,5,8,1,2
9b43f5fcb5d592a689af,3,5,1,12,6,1,5,11,1,2,4,1,1,9,1,2,2,4,1,5,8,1,2
9be4ba08415daa1ee6fe,3,5,1,12,6,1,5,11,1,2,4,1,1,9,1,2,2,4,1,5,8,1,2
9btb3ax7qaitktvbvn8g,3,5,1,12,5,1,5,9,1,2,4,1,1,9,1,2,1,4,1,5,6,1,2
9c2b85496091fd7f66d4,3,5,1,12,6,1,5,11,1,2,4,1,1,9,1,2,2,4,1,5,8,1,2
9c39551b2cbe4f0c6d03,3,5,1,12,6,1,5,11,1,2,4,1,1,9,1,2,2,4,1,5,8,1,2
9c48779f6e97be993771,3,5,1,12,6,1,5,11,1,2,4,1,1,9,1,2,2,4,1,5,8,1,2
9d02a160cd171c5f4c18,3,5,1,12,6,1,5,11,1,2,4,1,1,9,1,2,2,4,1,5,8,1,2
9d030ebc092b353b9906,3,5,1,12,6,1,5,11,1,2,4,1,1,9,1,2,2,4,1,5,8,1,2
9dbg3fyz4qnj7x9qug6x,3,5,1,11,5,1,5,11,1,2,4,1,1,9,1,1,2,3,1,5,8,1,2
9e4c54a008ee874fc270,3,5,1,12,6,1,5,11,1,2,4,1,1,9,1,2,2,4,1,5,8,1,2
9e7bdc44129bf5acc196,3,5,1,12,6,1,5,11,1,2,4,1,1,9,1,2,2,4,1,5,8,1,2
9ea29e4a747ea4a7c70a,3,5,1,12,6,1,5,11,1,2,4,1,1,9,1,2,2,4,1,5,8,1,2
9ee3e6df01c7cc22d066,3,5,1,12,6,1,5,11,1,2,4,1,1,9,1,2,2,4,1,5,8,1,2
9ee4ff457095eaf23309,3,5,1,12,6,1,5,11,1,2,4,1,1,9,1,2,2,4,1,5,8,1,2
9ef8a5baccebc3841cb2,3,5,1,12,1,1,5,11,1,2,4,1,1,9,1,2,0,1,1,5,8,1,2
9f447b50d5788f7b4d0a,3,5,1,12,6,1,5,11,1,2,4,1,1,9,1,2,2,4,1,5,8,1,2
9lfh7vk4u8eh6zz1dmvp,3,5,1,12,6,1,5,10,1,2,4,1,1,9,1,2,2,4,1,5,8,1,1
9llibjm0o9fjr5maydvm,3,5,1,11,5,0,5,8,1,2,4,1,1,9,1,1,2,3,0,5,6,1,1
9nfrfi8p7oktnfr9c30b,3,5,1,12,6,1,5,11,1,2,4,1,1,9,1,2,2,4,1,5,8,1,2
9npnusbksscam12fc4ut,3,5,1,12,6,1,5,11,1,2,4,1,1,9,1,2,2,4,1,5,8,1,2
9trgand057juzal1kecf,3,5,1,11,6,1,5,11,1,2,4,1,1,8,1,2,2,4,1,5,8,1,2
9wax6sfj9cuqbbxc95om,3,5,1,11,5,1,5,11,1,2,4,1,1,8,1,2,1,4,1,5,8,1,2
a05da04117e032cb4977,3,5,1,12,6,1,5,11,1,2,4,1,1,9,1,2,2,4,1,5,8,1,2
a06fdb8743c4d4ef09fe,3,5,1,12,6,1,5,11,1,2,4,1,1,9,1,2,2,4,1,5,8,1,2
a0973be15e5e7116f121,3,5,1,12,6,1,5,11,1,2,4,1,1,9,1,2,2,4,1,5,8,1,2
a0a1991396f865c9e3dc,3,5,1,12,6,1,5,11,1,2,4,1,1,9,1,2,2,4,1,5,8,1,2
a0b36e07079573966740,3,5,1,12,6,1,5,11,1,2,4,1,1,9,1,2,2,4,1,5,8,1,2
a0fa57995e3e8cdcc13a,3,5,1,12,6,1,5,11,1,2,4,1,1,9,1,2,2,4,1,5,8,1,2
a108f1103f798c85d061,3,5,1,12,6,1,5,11,1,2,4,1,1,9,1,2,2,4,1,5,8,1,2
a11b89c60677835e450c,3,5,1,12,6,1,5,11,1,2,4,1,1,9,1,2,2,4,1,5,8,1,2
a12c27630a75f6a4a64a,3,5,1,12,6,1,5,11,1,2,4,1,1,9,1,2,2,4,1,5,8,1,2
a14b9aa97f66fc82ede3,3,5,1,12,6,1,5,11,1,2,4,1,1,9,1,2,2,4,1,5,8,1,2
a1d00fdd7660b7e88077,3,5,1,12,6,1,5,11,1,2,4,1,1,9,1,2,2,4,1,5,8,1,2
a1ed24a77c97b05064ef,3,5,1,12,6,1,5,11,1,2,4,1,1,9,1,2,2,4,1,5,8,1,2
a1fa76b5d99a411d6649,3,5,1,12,6,1,5,11,1,2,4,1,1,9,1,2,2,4,1,5,8,1,2
a2b5174e55754addcd68,3,5,1,12,6,1,5,11,1,2,4,1,1,9,1,2,2,4,1,5,8,1,2
a30afe3tftu3pgsdxxdq,3,2,1,12,6,1,5,11,1,2,2,0,1,9,1,2,2,4,1,5,8,1,2
a337d5368b0d110803b1,3,5,1,12,6,1,5,11,1,2,4,1,1,9,1,2,2,4,1,5,8,1,2
a34fbbb7d9a19eb82450,3,5,1,12,6,1,5,11,1,2,4,1,1,9,1,2,2,4,1,5,8,1,2
a3a0e2129e405aef3d87,3,5,1,12,6,1,5,11,1,2,4,1,1,9,1,2,2,4,1,5,8,1,2
a3c8ab369e2e928ed523,3,5,1,12,6,1,5,11,1,2,4,1,1,9,1,2,2,4,1,5,8,1,2
a3cd849a5a8d682e18db,3,5,1,12,6,1,5,11,1,2,4,1,1,9,1,2,2,4,1,5,8,1,2
a4bfb84ab74e59389e7a,3,5,1,12,6,1,5,11,1,2,4,1,1,9,1,2,2,4,1,5,8,1,2
a55511198784610bf30b,3,5,1,12,6,1,5,11,1,2,4,1,1,9,1,2,2,4,1,5,8,1,2
a5966200ae4d58200438,3,5,1,12,6,1,5,11,1,2,4,1,1,9,1,2,2,4,1,5,8,1,2
a5c03c57b0930cb5c2ac,3,5,1,12,6,1,5,11,1,2,4,1,1,9,1,2,2,4,1,5,8,1,2
a624e4f6e0a8f026cba9,3,5,1,12,6,1,5,11,1,2,4,1,1,9,1,2,2,4,1,5,8,1,2
a7fc1ba478db11fde063,3,5,1,12,6,1,5,11,1,2,4,1,1,9,1,2,2,4,1,5,8,1,2
a8350dcececa0b02dd14,3,5,1,12,6,1,4,11,1,2,4,1,1,9,1,2,2,4,1,4,8,1,2
a856f10303ba34926fdd,3,5,1,12,6,1,5,11,1,2,4,1,1,9,1,2,2,4,1,5,8,1,2
a867295d48d4b4134903,3,5,1,12,6,1,5,11,1,2,4,1,1,9,1,2,2,4,1,5,8,1,2
a87767892344a954c746,3,5,1,12,6,1,5,11,1,2,4,1,1,9,1,2,2,4,1,5,8,1,2
a8846b79555746e4f9df,3,5,1,12,6,1,5,11,1,2,4,1,1,9,1,2,2,4,1,5,8,1,2
a8eea517e36b20757b2e,3,5,1,12,6,1,5,11,1,2,4,1,1,9,1,2,2,4,1,5,8,1,2
a94a32ebd5f7d177053a,3,5,1,12,6,1,5,11,1,2,4,1,1,9,1,2,2,4,1,5,8,1,2
a9554f5c3d61d05617e1,3,5,1,12,6,1,5,11,1,2,4,1,1,9,1,2,2,4,1,5,8,1,2
a959b7dd7f65365313a4,3,5,1,12,6,1,5,11,1,2,4,1,1,9,1,2,2,4,1,5,8,1,2
a95a606f0110653858b2,3,5,1,12,6,1,5,11,1,2,4,1,1,9,1,2,2,4,1,5,8,1,2
a96027a83196027cf822,3,5,1,12,6,1,5,11,1,2,4,1,1,9,1,2,2,4,1,5,8,1,2
a9e1aff282e8d6356dce,3,5,1,12,6,1,5,11,1,2,4,1,1,9,1,2,2,4,1,5,8,1,2
aa83cf5fc68c1dcb5038,3,5,1,12,6,1,5,11,1,2,4,1,1,9,1,2,2,4,1,5,8,1,2
aai4o855shne2taonl8m,3,4,1,12,6,1,5,9,1,2,3,1,1,9,1,2,2,4,1,5,7,1,1
ac4d829c715fb0c36ad5,3,5,1,12,6,1,5,11,1,2,4,1,1,9,1,2,2,4,1,5,8,1,2
ac7214620207dfdd149d,3,5,1,12,6,1,5,11,1,2,4,1,1,9,1,2,2,4,1,5,8,1,2
ac896071204b0ce26a1e,3,5,1,12,6,1,5,11,1,2,4,1,1,9,1,2,2,4,1,5,8,1,2
ad29c5822807dabe497c,3,5,1,12,6,1,5,11,1,2,4,1,1,9,1,2,2,4,1,5,8,1,2
adcc5c13042d66cbfc8b,3,5,1,12,6,1,5,11,1,2,4,1,1,9,1,2,2,4,1,5,8,1,2
ade35014b25afed24916,3,5,1,12,6,1,5,11,1,2,4,1,1,9,1,2,2,4,1,5,8,1,2
ae2e4cb7985c4ac71795,3,5,1,12,6,1,5,11,1,2,4,1,1,9,1,2,2,4,1,5,8,1,2
af8dedf6ecb4605a09fa,3,5,1,12,6,1,5,11,1,2,4,1,1,9,1,2,2,4,1,5,8,1,2
afc99b4940e933922aca,3,5,1,12,6,1,5,11,1,2,4,1,1,9,1,2,2,4,1,5,8,1,2
agfcocn4dt52pwozf4px,3,4,1,11,6,1,5,11,1,2,3,1,1,8,1,2,2,4,1,5,8,1,2
alj4azvv1eqg1cyr3ae3,3,5,1,12,6,1,5,11,1,2,4,1,1,9,1,2,2,4,1,5,8,1,2
amzij11bls4wa79p3cj8,3,5,0,11,6,1,5,9,1,2,4,1,0,8,1,2,2,4,1,5,6,1,2
ao2x473zwn7k7a6gpfr9,3,5,1,12,6,1,5,11,1,2,4,1,1,9,1,2,2,4,1,5,8,1,2
apxifjd35xfq6t47ysls,2,5,1,12,5,1,5,11,1,1,4,1,1,9,1,2,2,3,1,5,8,1,2
aqpg6qwtponj9ojmx6ls,3,5,1,12,6,1,4,11,1,2,4,1,1,9,1,2,2,4,1,4,8,1,2
awxiqzybhp95e08qx1h5,3,4,1,8,6,1,5,11,1,2,4,0,1,6,1,1,2,4,1,5,8,1,2
axunv0aihh5wvi27tx50,2,5,1,12,5,1,5,9,1,1,4,1,1,9,1,2,2,3,1,5,7,1,1
b050239b47c66a7280c9,3,5,1,12,6,1,5,10,1,2,4,1,1,9,1,2,2,4,1,5,7,1,2
b083663157e08e36d335,3,5,1,12,6,1,5,11,1,2,4,1,1,9,1,2,2,4,1,5,8,1,2
b0a62c35bfc7f529e83b,3,5,1,12,6,1,5,11,1,2,4,1,1,9,1,2,2,4,1,5,8,1,2
b1976734aee3bf129820,3,5,1,12,6,1,5,11,1,2,4,1,1,9,1,2,2,4,1,5,8,1,2
b1b3363b7086aaa99b0d,3,5,1,12,6,1,5,11,1,2,4,1,1,9,1,2,2,4,1,5,8,1,2
b1fbf77b475e79c3d413,3,5,1,12,6,1,5,11,1,2,4,1,1,9,1,2,2,4,1,5,8,1,2
b217bae3c84d59dde71f,3,5,1,12,6,1,5,11,1,2,4,1,1,9,1,2,2,4,1,5,8,1,2
b21ec59d991586279d95,3,5,1,12,6,1,5,11,1,2,4,1,1,9,1,2,2,4,1,5,8,1,2
b26aab632fd33a01020a,3,5,1,12,6,1,5,11,1,2,4,1,1,9,1,2,2,4,1,5,8,1,2
b2imd0ms1p4fxkfcpygc,3,5,1,10,6,1,5,11,1,2,4,1,1,9,1,0,2,4,1,5,8,1,2
b32b82ebae5971dd48df,3,5,1,12,6,1,5,11,1,2,4,1,1,9,1,2,2,4,1,5,8,1,2
b345ecad87a7fbac77ce,3,5,1,12,6,1,5,11,1,2,4,1,1,9,1,2,2,4,1,5,8,1,2
b34d4dc5b6c5fd7c5def,3,5,1,12,6,1,5,11,1,2,4,1,1,9,1,2,2,4,1,5,8,1,2
b37bdce835e610d26c0c,0,0,1,11,6,0,5,4,0,0,0,0,1,8,1,2,2,4,0,5,4,0,0
b3ac0cebf20ee45135ca,3,5,1,12,6,1,5,11,1,2,4,1,1,9,1,2,2,4,1,5,8,1,2
b3e8039d33099e1d066c,3,5,1,12,6,1,5,11,1,2,4,1,1,9,1,2,2,4,1,5,8,1,2
b43532c7a35b6aedd478,3,5,1,12,6,1,5,11,1,2,4,1,1,9,1,2,2,4,1,5,8,1,2
b4a2138f577d9306f593,3,5,1,12,6,1,5,11,1,2,4,1,1,9,1,2,2,4,1,5,8,1,2
b57bc31cac59b3d26216,3,5,1,12,6,1,5,11,1,2,4,1,1,9,1,2,2,4,1,5,8,1,2
b5863cc5a1b448ca1cab,3,5,1,12,6,1,5,11,1,2,4,1,1,9,1,2,2,4,1,5,8,1,2
b6808721d4a7900e360a,3,5,1,12,6,1,5,11,1,2,4,1,1,9,1,2,2,4,1,5,8,1,2
b6b2f975de58052aae0c,3,5,1,12,6,1,5,11,1,2,4,1,1,9,1,2,2,4,1,5,8,1,2
b6ed77b2b3283f9379c8,3,5,1,12,6,1,5,11,1,2,4,1,1,9,1,2,2,4,1,5,8,1,2
b6nwoi7doh1m1yzbkxup,3,4,1,12,6,1,5,10,1,2,3,1,1,9,1,2,2,4,1,5,7,1,2
b79c2d9d8148403a3720,3,5,1,12,6,1,5,11,1,2,4,1,1,9,1,2,2,4,1,5,8,1,2
b7ef250772618a089b48,3,5,1,12,6,1,5,11,1,2,4,1,1,9,1,2,2,4,1,5,8,1,2
b7f42d4b51972267680e,3,5,1,12,6,1,5,11,1,2,4,1,1,9,1,2,2,4,1,5,8,1,2
b8162292f2171005c2ba,3,5,1,12,6,1,5,11,1,2,4,1,1,9,1,2,2,4,1,5,8,1,2
b8290aea71e7a5421a02,3,5,1,12,6,1,5,11,1,2,4,1,1,9,1,2,2,4,1,5,8,1,2
b8a4fd679898150ef87a,3,5,1,12,6,1,5,11,1,2,4,1,1,9,1,2,2,4,1,5,8,1,2
b8c0c68e7f1220949deb,3,5,1,12,6,1,5,11,1,2,4,1,1,9,1,2,2,4,1,5,8,1,2
b92448e12093e45dc6ff,3,5,1,12,6,1,5,11,1,2,4,1,1,9,1,2,2,4,1,5,8,1,2
b93d9fe2a844b416581d,3,5,1,12,6,1,5,11,1,2,4,1,1,9,1,2,2,4,1,5,8,1,2
b9a8b9ee84232efd7d61,3,5,1,12,6,1,5,11,1,2,4,1,1,9,1,2,2,4,1,5,8,1,2
b9c7c66c8b57b9d3c6fa,3,5,1,12,6,1,5,11,1,2,4,1,1,9,1,2,2,4,1,5,8,1,2
b9d88af0a70c4ccb592e,3,5,1,12,6,1,5,11,1,2,4,1,1,9,1,2,2,4,1,5,8,1,2
ba563fef8484139dc84d,3,5,1,12,6,1,5,11,1,2,4,1,1,9,1,2,2,4,1,5,8,1,2
ba8c301bda7090bda756,3,5,1,12,6,1,5,11,1,2,4,1,1,9,1,2,2,4,1,5,8,1,2
bab3d23935ae4f8e798c,3,5,1,12,6,1,5,11,1,2,4,1,1,9,1,2,2,4,1,5,8,1,2
baed8a816ea02ae929f4,3,5,1,12,6,1,5,11,1,2,4,1,1,9,1,2,2,4,1,5,8,1,2
bafdbc62a48daf6840c9,3,5,1,12,6,1,5,11,1,2,4,1,1,9,1,2,2,4,1,5,8,1,2
bb3328d3b1eecb5e1a8a,3,5,1,12,6,1,5,11,1,2,4,1,1,9,1,2,2,4,1,5,8,1,2
bc48d03763657ec4aa63,3,5,1,12,6,1,5,11,1,2,4,1,1,9,1,2,2,4,1,5,8,1,2
bc7286901f708e9069eb,3,5,1,12,6,1,5,11,1,2,4,1,1,9,1,2,2,4,1,5,8,1,2
bca2be7a89b9b36b45cc,3,5,1,12,6,1,5,11,1,2,4,1,1,9,1,2,2,4,1,5,8,1,2
bd099a9fd29545e3766a,3,5,1,12,6,1,5,11,1,2,4,1,1,9,1,2,2,4,1,5,8,1,2
bd657014cfd3fe7a8fe2,3,5,1,12,6,1,5,11,1,2,4,1,1,9,1,2,2,4,1,5,8,1,2
bd8eb49a6b08f5e66a70,3,5,1,12,6,1,5,11,1,2,4,1,1,9,1,2,2,4,1,5,8,1,2
be032ee60c336e4701e0,3,5,1,12,6,1,5,11,1,2,4,1,1,9,1,2,2,4,1,5,8,1,2
be24259f2867b231800d,3,5,1,12,6,1,5,11,1,2,4,1,1,9,1,2,2,4,1,5,8,1,2
be503fccbf0ae5532639,3,5,1,12,6,1,5,11,1,2,4,1,1,9,1,2,2,4,1,5,8,1,2
be52205cb48c05e10567,0,0,0,2,6,0,4,0,0,0,0,0,0,2,0,0,2,4,0,4,0,0,0
be75e05b9db5efb1258a,3,5,1,12,6,1,5,11,1,2,4,1,1,9,1,2,2,4,1,5,8,1,2
bf07cdd92f1ff3197397,3,5,1,12,6,1,5,11,1,2,4,1,1,9,1,2,2,4,1,5,8,1,2
bfc3a5cb3b9c29f08176,3,5,1,12,6,1,5,11,1,2,4,1,1,9,1,2,2,4,1,5,8,1,2
bfcf5965e6024248f0a3,3,5,1,12,6,1,5,11,1,2,4,1,1,9,1,2,2,4,1,5,8,1,2
bfl1bc2oafd8hrz2xswq,3,4,1,12,5,1,5,10,1,2,3,1,1,9,1,2,2,3,1,5,7,1,2
bgvt5n1h0qt51ze0md7w,2,5,1,10,6,1,5,10,1,1,4,1,1,8,1,1,2,4,1,5,8,1,1
buv73728fa9viqgrz5mj,3,5,1,12,6,1,5,11,1,2,4,1,1,9,1,2,2,4,1,5,8,1,2
bvz9hmtzknu45wvb0yaw,3,5,1,12,6,1,4,11,1,2,4,1,1,9,1,2,2,4,1,4,8,1,2
bwvpzqnhh752noqjqj8d,3,5,1,11,6,1,4,10,1,2,4,1,1,8,1,2,2,4,1,4,8,1,1
c00c91256ab1777d0dbc,3,5,1,12,6,1,5,11,1,2,4,1,1,9,1,2,2,4,1,5,8,1,2
c08165d73ae49215c391,3,5,1,12,6,1,5,11,1,2,4,1,1,9,1,2,2,4,1,5,8,1,2
c0884e4814b0f32935f8,3,5,1,12,6,1,5,11,1,2,4,1,1,9,1,2,2,4,1,5,8,1,2
c16e14d7aa5b4ef519e3,3,5,1,12,6,1,5,11,1,2,4,1,1,9,1,2,2,4,1,5,8,1,2
c200d8d792314a9d3575,3,4,1,12,6,1,5,11,1,2,3,1,1,9,1,2,2,4,1,5,8,1,2
c20c86d30d19b39745e2,3,5,1,12,6,1,5,11,1,2,4,1,1,9,1,2,2,4,1,5,8,1,2
c24bc0aaf20c79d2dfda,3,5,1,12,6,1,5,11,1,2,4,1,1,9,1,2,2,4,1,5,8,1,2
c352158bed343ccff8e5,3,5,1,12,6,1,5,11,1,2,4,1,1,9,1,2,2,4,1,5,8,1,2
c35834f349db8ef7c591,3,5,1,12,6,1,5,11,1,2,4,1,1,9,1,2,2,4,1,5,8,1,2
c42aff1f9940e24491cc,3,5,1,12,6,1,5,11,1,2,4,1,1,9,1,2,2,4,1,5,8,1,2
c4ffbc0ba8c38e725fc8,3,5,1,12,6,1,5,11,1,2,4,1,1,9,1,2,2,4,1,5,8,1,2
c53129098375fc7f17bc,3,5,1,12,6,1,4,11,1,2,4,1,1,9,1,2,2,4,1,4,8,1,2
c57c5ca2df494f27ca64,3,5,1,12,6,1,5,11,1,2,4,1,1,9,1,2,2,4,1,5,8,1,2
c5b9961e65ffa73d971e,3,5,1,12,6,1,5,11,1,2,4,1,1,9,1,2,2,4,1,5,8,1,2
c5c5601b771f1b4491fa,3,5,1,12,6,1,5,11,1,2,4,1,1,9,1,2,2,4,1,5,8,1,2
c5c5e10586e94f96fe95,3,5,1,12,6,1,5,11,1,2,4,1,1,9,1,2,2,4,1,5,8,1,2
c5d83404b165578ef794,3,5,1,12,6,1,5,11,1,2,4,1,1,9,1,2,2,4,1,5,8,1,2
c63d5a67687762a9f967,3,5,1,12,6,1,5,11,1,2,4,1,1,9,1,2,2,4,1,5,8,1,2
c681117f7f586fd730bb,3,5,1,12,6,1,5,11,1,2,4,1,1,9,1,2,2,4,1,5,8,1,2
c682f6819dfbfc964bc7,3,5,1,12,6,1,5,11,1,2,4,1,1,9,1,2,2,4,1,5,8,1,2
c6ab0de398cfcbd21dc5,3,5,1,12,6,1,5,11,1,2,4,1,1,9,1,2,2,4,1,5,8,1,2
c7bb8ace7e79b91b3346,3,5,1,12,6,1,5,11,1,2,4,1,1,9,1,2,2,4,1,5,8,1,2
c7c79725138f07b9c265,3,5,1,12,6,1,5,11,1,2,4,1,1,9,1,2,2,4,1,5,8,1,2
c7d5a3256a9f99ba3e98,3,5,1,12,6,1,5,11,1,2,4,1,1,9,1,2,2,4,1,5,8,1,2
c89e8b7b18082e2fa6df,3,5,1,12,6,1,5,11,1,2,4,1,1,9,1,2,2,4,1,5,8,1,2
c8d8f83d06b68fc2f944,3,5,1,12,6,1,5,11,1,2,4,1,1,9,1,2,2,4,1,5,8,1,2
c955c51bfd07134bc831,3,5,1,12,6,1,5,11,1,2,4,1,1,9,1,2,2,4,1,5,8,1,2
c99e6802625540e4d1e2,3,5,1,12,6,1,5,11,1,2,4,1,1,9,1,2,2,4,1,5,8,1,2
c9c946fe211251af32d1,3,5,1,12,6,1,5,11,1,2,4,1,1,9,1,2,2,4,1,5,8,1,2
c9c9f0b7606030f2aade,3,5,1,12,6,1,5,11,1,2,4,1,1,9,1,2,2,4,1,5,8,1,2
c9e6e9322dd7054e618c,3,5,1,12,6,1,5,11,1,2,4,1,1,9,1,2,2,4,1,5,8,1,2
ca10145a308249ed82e9,3,5,1,12,6,1,5,11,1,2,4,1,1,9,1,2,2,4,1,5,8,1,2
ca66ab7e59628143cf1e,3,5,1,12,6,1,5,11,1,2,4,1,1,9,1,2,2,4,1,5,8,1,2
cac3f85073c947532796,3,5,1,12,6,1,5,11,1,2,4,1,1,9,1,2,2,4,1,5,8,1,2
cac84b1c3033872272f0,3,5,1,12,6,1,5,11,1,2,4,1,1,9,1,2,2,4,1,5,8,1,2
cad61c88146ec4d99a6d,0,0,0,0,1,0,0,0,0,0,0,0,0,0,0,0,1,0,0,0,0,0,0
cade7d478dac7020a79b,3,5,1,12,6,1,5,11,1,2,4,1,1,9,1,2,2,4,1,5,8,1,2
cafe5989da5dfed9f404,3,5,1,12,6,1,5,11,1,2,4,1,1,9,1,2,2,4,1,5,8,1,2
cb2fbb322cc30a8b8fef,3,5,1,12,6,1,5,11,1,2,4,1,1,9,1,2,2,4,1,5,8,1,2
cb65e2038b786e801292,3,5,1,12,6,1,5,11,1,2,4,1,1,9,1,2,2,4,1,5,8,1,2
cb8c2285066597e012c6,3,5,1,12,6,1,5,11,1,2,4,1,1,9,1,2,2,4,1,5,8,1,2
cbc8550ffaf44443c7ad,3,5,1,12,6,1,5,11,1,2,4,1,1,9,1,2,2,4,1,5,8,1,2
cby6hsod14blxr7zyfjs,2,4,1,11,6,1,5,10,1,1,3,1,1,8,1,2,2,4,1,5,7,1,2
cc317db3f3bb874542a7,3,5,1,12,6,1,5,11,1,2,4,1,1,9,1,2,2,4,1,5,8,1,2
cd6355bf939a47577f6d,3,5,1,12,6,1,5,11,1,2,4,1,1,9,1,2,2,4,1,5,8,1,2
cdbfb55b48cefce540dd,3,5,1,12,6,1,5,11,1,2,4,1,1,9,1,2,2,4,1,5,8,1,2
ce1a32f22b91f4d81015,3,5,1,12,6,1,5,11,1,2,4,1,1,9,1,2,2,4,1,5,8,1,2
cef765c4375252a6029b,0,3,1,12,6,1,5,11,0,0,3,0,1,9,1,2,2,4,1,5,8,1,2
cev4eof26erqost96sw1,3,5,1,10,6,1,5,10,1,2,4,1,1,7,1,2,2,4,1,5,7,1,2
cf73246d819a1ea78e14,3,5,1,12,6,1,5,11,1,2,4,1,1,9,1,2,2,4,1,5,8,1,2
cf7f9c2c6872be9bf2d6,3,5,1,12,6,1,5,11,1,2,4,1,1,9,1,2,2,4,1,5,8,1,2
cfaac49f7cc94528ffa7,3,5,1,12,6,1,5,11,1,2,4,1,1,9,1,2,2,4,1,5,8,1,2
cfi8t4xrx12m2lt4flwz,3,5,1,12,6,1,5,11,1,2,4,1,1,9,1,2,2,4,1,5,8,1,2
cgydhui8n3uoxbq5rznl,3,5,1,11,6,1,4,11,1,2,4,1,1,8,1,2,2,4,1,4,8,1,2
cmy2w5due4kl6pn6uia5,3,5,1,12,6,1,5,11,1,2,4,1,1,9,1,2,2,4,1,5,8,1,2
cnkddx6ofjqd7ueylz0e,2,5,1,11,6,0,4,9,1,1,4,1,1,8,1,2,2,4,0,4,6,1,2
cnqyqc90n3ixrlc3mri7,3,5,1,9,6,1,5,11,1,2,4,1,1,8,0,1,2,4,1,5,8,1,2
co3hr8vy9u9x2j7vr0a3,2,4,1,11,6,1,5,11,1,1,3,1,1,8,1,2,2,4,1,5,8,1,2
cp4d94b2v0ws6am7mvuw,3,5,1,9,6,1,5,10,1,2,4,1,1,8,1,0,2,4,1,5,7,1,2
csvv3l0saxxx6pax18c3,2,5,1,10,4,1,5,11,1,1,4,1,1,8,1,1,1,3,1,5,8,1,2
csxiwtz34vm9vr0kbryx,3,5,1,12,6,1,5,10,1,2,4,1,1,9,1,2,2,4,1,5,7,1,2
cu903mvqchcup1lsf83t,3,5,1,11,6,1,5,11,1,2,4,1,1,8,1,2,2,4,1,5,8,1,2
cunf3y04zq0f90dgy36j,2,5,1,12,6,1,5,10,1,1,4,1,1,9,1,2,2,4,1,5,8,1,1
cuwakm24vlp785ky5w71,3,5,1,11,6,1,5,11,1,2,4,1,1,9,1,1,2,4,1,5,8,1,2
cy2sv8kkoybje2okbll0,3,4,1,11,5,1,5,11,1,2,3,1,1,8,1,2,2,3,1,5,8,1,2
cygc6ulxpz04ex7under,3,5,0,11,6,1,5,9,1,2,4,1,0,9,1,1,2,4,1,5,6,1,2
cz0pbk8vede7ey2oce4a,3,5,1,12,5,1,4,11,1,2,4,1,1,9,1,2,2,3,1,4,8,1,2
d02f48d05ce5e7ca16e1,3,5,1,12,0,1,5,11,1,2,4,1,1,9,1,2,0,0,1,5,8,1,2
d035c324a020e7948fe8,3,5,1,12,6,1,5,11,1,2,4,1,1,9,1,2,2,4,1,5,8,1,2
d059dfed16a6d1ca6ddf,3,5,1,12,6,1,5,11,1,2,4,1,1,9,1,2,2,4,1,5,8,1,2
d0a933a514028d777578,3,5,1,12,6,1,5,11,1,2,4,1,1,9,1,2,2,4,1,5,8,1,2
d103bd9455fb9258c805,3,5,1,12,6,1,5,11,1,2,4,1,1,9,1,2,2,4,1,5,8,1,2
d16ht4y29lrac1brhwm1,3,5,1,11,6,1,4,11,1,2,4,1,1,9,1,1,2,4,1,4,8,1,2
d1df92e9d19fb2f22ebb,3,5,1,12,6,1,5,11,1,2,4,1,1,9,1,2,2,4,1,5,8,1,2
d1e44a91dd4f37c03d43,3,5,1,12,6,1,5,11,1,2,4,1,1,9,1,2,2,4,1,5,8,1,2
d235a2c32940b970ab7c,3,5,1,12,6,1,5,11,1,2,4,1,1,9,1,2,2,4,1,5,8,1,2
d2403aa287eb869a170a,3,5,1,12,6,1,5,11,1,2,4,1,1,9,1,2,2,4,1,5,8,1,2
d27565678ffa4a9bfa85,3,5,1,12,6,1,5,11,1,2,4,1,1,9,1,2,2,4,1,5,8,1,2
d2c5423ea5fa0a995264,1,5,1,12,6,1,5,11,0,1,4,1,1,9,1,2,2,4,1,5,8,1,2
d2cb0d0da17471ee23a9,3,5,1,12,6,1,5,11,1,2,4,1,1,9,1,2,2,4,1,5,8,1,2
d2e033f11edce44fea3d,3,5,1,12,6,1,5,11,1,2,4,1,1,9,1,2,2,4,1,5,8,1,2
d311ac015e2e230935b2,3,5,1,12,6,1,5,11,1,2,4,1,1,9,1,2,2,4,1,5,8,1,2
d33a15d480f68c6ec82f,3,5,1,12,6,1,5,11,1,2,4,1,1,9,1,2,2,4,1,5,8,1,2
d3ba1fe030801d700cb6,3,5,1,12,6,1,5,11,1,2,4,1,1,9,1,2,2,4,1,5,8,1,2
d3e269bf68d51851097c,3,5,1,12,6,1,5,11,1,2,4,1,1,9,1,2,2,4,1,5,8,1,2
d3fd2319c0f3aa00c371,3,5,1,12,6,1,5,11,1,2,4,1,1,9,1,2,2,4,1,5,8,1,2
d3tt41de5iashfjr1txr,2,5,1,11,6,1,5,10,1,1,4,1,1,9,1,1,2,4,1,5,7,1,2
d45eea92ed42431d9076,3,5,1,12,6,1,5,11,1,2,4,1,1,9,1,2,2,4,1,5,8,1,2
d4d7a248a58363732f8e,3,5,1,12,6,1,5,11,1,2,4,1,1,9,1,2,2,4,1,5,8,1,2
d4geyy1ox6qzlz4ibz0z,2,5,1,12,6,1,5,11,1,1,4,1,1,9,1,2,2,4,1,5,8,1,2
d4xny47ows87zd7viwj5,3,5,1,12,6,1,5,10,1,2,4,1,1,9,1,2,2,4,1,5,8,0,2
d52b119f8da2a1812722,3,5,1,12,6,1,5,11,1,2,4,1,1,9,1,2,2,4,1,5,8,1,2
d536120baaef5495c028,3,5,1,12,6,1,5,11,1,2,4,1,1,9,1,2,2,4,1,5,8,1,2
d53a4fb612fb801fff3d,3,4,1,12,6,1,5,11,1,2,3,1,1,9,1,2,2,4,1,5,8,1,2
d6d4488fa27e11465974,3,5,1,12,6,1,5,11,1,2,4,1,1,9,1,2,2,4,1,5,8,1,2
d6d6e7da792fdf0106f0,3,5,1,12,6,1,5,11,1,2,4,1,1,9,1,2,2,4,1,5,8,1,2
d6f3f410bbb24244d270,3,5,1,12,6,1,5,11,1,2,4,1,1,9,1,2,2,4,1,5,8,1,2
d6qgzp196pwnzk7agyn6,3,5,1,12,6,1,5,10,1,2,4,1,1,9,1,2,2,4,1,5,8,1,1
d72abe041b8db9118e70,3,5,1,12,6,1,5,11,1,2,4,1,1,9,1,2,2,4,1,5,8,1,2
d76c58732e315933a6cf,3,4,1,12,6,1,5,11,1,2,3,1,1,9,1,2,2,4,1,5,8,1,2
d7ad1a5f3ab7d6237f8e,3,5,1,12,6,1,5,11,1,2,4,1,1,9,1,2,2,4,1,5,8,1,2
d8ed5a1897987ffdeaed,3,5,1,12,6,1,5,11,1,2,4,1,1,9,1,2,2,4,1,5,8,1,2
d93519b044de1fa037b0,3,5,1,12,6,1,5,11,1,2,4,1,1,9,1,2,2,4,1,5,8,1,2
d94c5dba40d9fcbfb8d9,3,5,1,12,6,1,5,11,1,2,4,1,1,9,1,2,2,4,1,5,8,1,2
d9qmlhyp13mf5nto4qih,3,4,1,12,6,1,5,11,1,2,3,1,1,9,1,2,2,4,1,5,8,1,2
d9xfdsxgmmiahcnwlqza,3,5,1,12,6,1,5,11,1,2,4,1,1,9,1,2,2,4,1,5,8,1,2
da2199a7da15995db5ff,3,5,1,12,6,1,5,11,1,2,4,1,1,9,1,2,2,4,1,5,8,1,2
daf693769d8638a22ee9,3,5,1,12,6,1,5,11,1,2,4,1,1,9,1,2,2,4,1,5,8,1,2
daty5mq7b20bkt2c2zfs,3,5,1,11,5,1,5,10,1,2,4,1,1,8,1,2,2,3,1,5,8,1,1
db0bcf208cbed26d0bfe,3,5,1,12,6,1,5,11,1,2,4,1,1,9,1,2,2,4,1,5,8,1,2
db2418c575c0a4f7239d,3,5,1,12,6,1,5,11,1,2,4,1,1,9,1,2,2,4,1,5,8,1,2
db54f15d48fa56b0d953,3,5,1,12,6,1,5,11,1,2,4,1,1,9,1,2,2,4,1,5,8,1,2
dba2bc2a15c1e8d696fe,3,5,1,12,6,1,5,11,1,2,4,1,1,9,1,2,2,4,1,5,8,1,2
dc83f9577ae72447a7b1,3,5,1,12,6,1,5,11,1,2,4,1,1,9,1,2,2,4,1,5,8,1,2
dc93d7d840a88e5efb17,3,5,1,12,6,1,5,11,1,2,4,1,1,9,1,2,2,4,1,5,8,1,2
dcd0562f8fb44933cb08,3,5,1,12,6,1,5,11,1,2,4,1,1,9,1,2,2,4,1,5,8,1,2
dddd7ba8769cf90bfd62,3,5,1,12,6,1,5,11,1,2,4,1,1,9,1,2,2,4,1,5,8,1,2
de5213e7b8c88440a298,3,5,1,12,6,1,5,11,1,2,4,1,1,9,1,2,2,4,1,5,8,1,2
dee7cfe3312551bdf5a5,3,5,1,12,6,1,5,11,1,2,4,1,1,9,1,2,2,4,1,5,8,1,2
def1216bf8f3009dbe41,3,5,1,12,6,1,5,11,1,2,4,1,1,9,1,2,2,4,1,5,8,1,2
deg9esxpiezaya5obs1e,3,5,1,12,6,1,5,10,1,2,4,1,1,9,1,2,2,4,1,5,8,1,1
df02e3643bb9ee33fb0c,3,5,1,12,6,1,5,11,1,2,4,1,1,9,1,2,2,4,1,5,8,1,2
df784e67883e018f88b8,3,5,1,12,6,1,5,11,1,2,4,1,1,9,1,2,2,4,1,5,8,1,2
dfa917b9dc15c87ab016,3,5,1,12,6,1,5,11,1,2,4,1,1,9,1,2,2,4,1,5,8,1,2
dfnvtf7qbi2955rjeaqx,2,5,1,11,6,1,4,11,1,1,4,1,1,8,1,2,2,4,1,4,8,1,2
dgoapkg9vpnafks22kx4,3,5,1,11,6,1,5,11,1,2,4,1,1,8,1,2,2,4,1,5,8,1,2
dgp0xkhu3d61usta1wjo,2,5,1,12,6,1,5,10,1,1,4,1,1,9,1,2,2,4,1,5,7,1,2
di7sclw5samggg4sxipv,3,5,1,12,6,1,5,11,1,2,4,1,1,9,1,2,2,4,1,5,8,1,2
dl5nz1ijx44owullijbb,3,5,1,11,6,1,5,11,1,2,4,1,1,8,1,2,2,4,1,5,8,1,2
dri4ey8he2jovloucu86,3,5,1,12,6,1,5,11,1,2,4,1,1,9,1,2,2,4,1,5,8,1,2
dsl763gdflunv3oaoejm,3,4,1,12,5,1,5,10,1,2,3,1,1,9,1,2,2,3,1,5,8,1,1
dt7s87imgsbma3l5scym,3,5,1,12,5,1,5,11,1,2,4,1,1,9,1,2,1,4,1,5,8,1,2
dwg6k0ka5vuwzo5h11m0,3,5,1,12,6,1,5,11,1,2,4,1,1,9,1,2,2,4,1,5,8,1,2
dxemww34f34hyq2xk6r7,3,5,1,12,6,1,5,11,1,2,4,1,1,9,1,2,2,4,1,5,8,1,2
e00bc7d9f2ce32c4f745,3,5,1,12,6,1,5,11,1,2,4,1,1,9,1,2,2,4,1,5,8,1,2
e0be3445997310f4d68e,3,5,1,12,6,1,5,11,1,2,4,1,1,9,1,2,2,4,1,5,8,1,2
e103cf810dfba59d0431,3,5,1,12,6,1,5,11,1,2,4,1,1,9,1,2,2,4,1,5,8,1,2
e17f01453906e3ae5716,3,5,1,12,6,1,5,11,1,2,4,1,1,9,1,2,2,4,1,5,8,1,2
e199ddadaaf5aee02eb8,3,5,1,12,6,1,5,11,1,2,4,1,1,9,1,2,2,4,1,5,8,1,2
e224221a9971f9f45489,3,5,1,12,6,1,5,11,1,2,4,1,1,9,1,2,2,4,1,5,8,1,2
e22c18eef214a779b4c2,3,5,1,12,6,1,5,11,1,2,4,1,1,9,1,2,2,4,1,5,8,1,2
e23ada44d3eac9b465d2,3,5,1,12,6,1,5,11,1,2,4,1,1,9,1,2,2,4,1,5,8,1,2
e28711e2f5500d3d6b04,3,5,1,12,6,1,5,11,1,2,4,1,1,9,1,2,2,4,1,5,8,1,2
e2d7ee3637149f7087b2,3,5,1,12,6,1,5,11,1,2,4,1,1,9,1,2,2,4,1,5,8,1,2
e2ee4818284ba527ef0a,3,5,1,12,6,1,5,11,1,2,4,1,1,9,1,2,2,4,1,5,8,1,2
e324cc9cb52a2b3cb9cb,3,5,1,12,6,1,5,11,1,2,4,1,1,9,1,2,2,4,1,5,8,1,2
e37bbe9fe37f92b785d9,3,5,1,12,6,1,5,11,1,2,4,1,1,9,1,2,2,4,1,5,8,1,2
e3b920878572dbcf8c9e,3,5,1,12,6,1,5,11,1,2,4,1,1,9,1,2,2,4,1,5,8,1,2
e3ce61b92eeae0a33633,3,5,1,12,6,1,5,11,1,2,4,1,1,9,1,2,2,4,1,5,8,1,2
e3d0782396c346359a8f,3,5,1,12,6,1,5,11,1,2,4,1,1,9,1,2,2,4,1,5,8,1,2
e43a0e28d5cd6b54a2af,3,5,1,12,6,1,5,11,1,2,4,1,1,9,1,2,2,4,1,5,8,1,2
e4af37199530e9ea523c,3,5,1,12,6,1,5,11,1,2,4,1,1,9,1,2,2,4,1,5,8,1,2
e4c80506c14da4ad563d,3,5,1,12,6,1,5,11,1,2,4,1,1,9,1,2,2,4,1,5,8,1,2
e4d6737b176e6ca5ef06,3,5,1,12,6,1,5,11,1,2,4,1,1,9,1,2,2,4,1,5,8,1,2
e50db74322430aa289b1,3,5,1,12,6,1,5,11,1,2,4,1,1,9,1,2,2,4,1,5,8,1,2
e58gk2f3crnwqnx0gett,2,4,1,10,6,1,5,9,1,1,3,1,1,8,1,1,2,4,1,5,7,1,1
e5b30ace9334d153e076,3,5,1,12,6,1,5,11,1,2,4,1,1,9,1,2,2,4,1,5,8,1,2
e5cab2ae37f3a9ed4f46,3,5,1,12,6,1,5,11,1,2,4,1,1,9,1,2,2,4,1,5,8,1,2
e62f7655cb5259abfbf1,3,5,1,12,6,1,5,11,1,2,4,1,1,9,1,2,2,4,1,5,8,1,2
e6b9a4292b6a8e8e0ef0,3,5,1,12,6,1,5,11,1,2,4,1,1,9,1,2,2,4,1,5,8,1,2
e6c8ce7f4d7b0b4ca4a6,3,5,1,12,6,1,5,11,1,2,4,1,1,9,1,2,2,4,1,5,8,1,2
e716574233e87591ff19,3,5,1,12,6,1,5,11,1,2,4,1,1,9,1,2,2,4,1,5,8,1,2
e73ae5f649c6f52b3fb1,3,5,1,12,6,1,5,11,1,2,4,1,1,9,1,2,2,4,1,5,8,1,2
e77eaaa90a75ea6167f4,3,5,1,12,6,1,5,11,1,2,4,1,1,9,1,2,2,4,1,5,8,1,2
e7958857e7d2292ffbc7,3,5,1,12,6,1,5,11,1,2,4,1,1,9,1,2,2,4,1,5,8,1,2
e7feb8599ea5f596aeac,3,5,1,12,6,1,5,11,1,2,4,1,1,9,1,2,2,4,1,5,8,1,2
e851f82a650692f8e591,3,5,1,12,6,1,5,11,1,2,4,1,1,9,1,2,2,4,1,5,8,1,2
e865c97bc96802575f80,3,5,1,12,6,1,5,11,1,2,4,1,1,9,1,2,2,4,1,5,8,1,2
e86f896d71d48d87464d,3,5,1,12,6,1,5,11,1,2,4,1,1,9,1,2,2,4,1,5,8,1,2
e877c03b218bddedd3b8,3,5,1,12,6,1,5,11,1,2,4,1,1,9,1,2,2,4,1,5,8,1,2
e89cdaa3f159a0d3f55e,3,5,1,12,6,1,5,11,1,2,4,1,1,9,1,2,2,4,1,5,8,1,2
e9b6fa8a87469779d732,3,5,1,12,6,1,5,11,1,2,4,1,1,9,1,2,2,4,1,5,8,1,2
eacb3353d7bc80cf3e7a,3,5,1,12,6,1,5,11,1,2,4,1,1,9,1,2,2,4,1,5,8,1,2
eb4493aa138e8edc3f6d,3,5,1,12,6,1,5,11,1,2,4,1,1,9,1,2,2,4,1,5,8,1,2
eb93cedc17b4eac76750,3,5,1,12,6,1,5,11,1,2,4,1,1,9,1,2,2,4,1,5,8,1,2
ec4897070f2d3b6eab89,3,5,1,12,6,1,5,11,1,2,4,1,1,9,1,2,2,4,1,5,8,1,2
ec5zb47nxjbuzemc81p0,2,5,1,11,6,1,5,11,0,2,4,1,1,8,1,2,2,4,1,5,8,1,2
ec86426a6e0331d06091,3,5,1,12,6,1,5,11,1,2,4,1,1,9,1,2,2,4,1,5,8,1,2
ed4b51eb098deb0ba58e,3,5,1,12,6,1,5,11,1,2,4,1,1,9,1,2,2,4,1,5,8,1,2
ed5a13234f04cae4894d,3,5,1,12,6,1,5,11,1,2,4,1,1,9,1,2,2,4,1,5,8,1,2
ed94d52e091b68ca5ee5,3,5,1,12,6,1,5,11,1,2,4,1,1,9,1,2,2,4,1,5,8,1,2
ee07cc24589beb775d33,3,5,1,12,6,1,5,11,1,2,4,1,1,9,1,2,2,4,1,5,8,1,2
ee1ef9674f9e0bfca48b,3,5,1,12,6,1,5,11,1,2,4,1,1,9,1,2,2,4,1,5,8,1,2
eec0307b4d47609d6933,3,5,1,12,6,1,5,11,1,2,4,1,1,9,1,2,2,4,1,5,8,1,2
ef04ejvyvmh5votejbif,3,4,1,11,5,1,5,11,1,2,3,1,1,8,1,2,2,3,1,5,8,1,2
ef133c92e274a97b6eeb,3,5,1,12,6,1,5,11,1,2,4,1,1,9,1,2,2,4,1,5,8,1,2
ef912a5602a5f70b244b,3,5,1,12,6,1,5,11,1,2,4,1,1,9,1,2,2,4,1,5,8,1,2
efb9fe363bdeb9f48d69,3,5,1,12,6,1,5,11,1,2,4,1,1,9,1,2,2,4,1,5,8,1,2
efd58fbebca61c41c881,1,5,1,12,6,1,5,11,0,1,4,1,1,9,1,2,2,4,1,5,8,1,2
em248gxmeso9cw0wzlv8,2,5,1,12,6,1,5,11,1,1,4,1,1,9,1,2,2,4,1,5,8,1,2
emnk7ob7xxxdiph6fun3,3,5,1,11,5,1,5,10,1,2,4,1,1,8,1,2,2,3,1,5,8,0,2
erjfooit15024g7nj8co,3,4,1,12,6,1,4,9,1,2,3,1,1,9,1,2,2,4,1,4,7,1,1
exaiz0y0uvpeg498cg4j,3,4,1,9,6,1,5,10,1,2,3,1,1,8,1,0,2,4,1,5,7,1,2
exj3a7hd6gwihbowgm3w,3,5,1,12,6,1,5,9,1,2,4,1,1,9,1,2,2,4,1,5,7,1,1
ezdogkk0jqt4nvvvbnxp,3,5,1,12,6,1,5,11,1,2,4,1,1,9,1,2,2,4,1,5,8,1,2
f05247f3d32a4bf5a6df,3,5,1,12,6,1,5,11,1,2,4,1,1,9,1,2,2,4,1,5,8,1,2
f058870b1bc33e288e82,3,5,1,12,6,1,5,11,1,2,4,1,1,9,1,2,2,4,1,5,8,1,2
f06c3ddb1a98713eeb32,3,5,1,12,6,1,5,11,1,2,4,1,1,9,1,2,2,4,1,5,8,1,2
f1c1c0932bfeb74762d0,3,5,1,12,6,1,5,11,1,2,4,1,1,9,1,2,2,4,1,5,8,1,2
f22c9341431a6123f670,3,5,1,12,6,1,5,11,1,2,4,1,1,9,1,2,2,4,1,5,8,1,2
f25a777dbbda3d4314d7,3,5,1,12,6,1,5,11,1,2,4,1,1,9,1,2,2,4,1,5,8,1,2
f26c1d520ac39293c68a,3,5,1,12,6,1,5,11,1,2,4,1,1,9,1,2,2,4,1,5,8,1,2
f286ac7cd0663855cc5f,3,5,1,12,6,1,5,11,1,2,4,1,1,9,1,2,2,4,1,5,8,1,2
f36a755a3fa5db5c0743,3,5,1,12,6,1,5,11,1,2,4,1,1,9,1,2,2,4,1,5,8,1,2
f47eab262dd5809d4d60,3,5,1,12,6,1,5,11,1,2,4,1,1,9,1,2,2,4,1,5,8,1,2
f4e46ba446c56e56259b,3,5,1,12,6,1,5,11,1,2,4,1,1,9,1,2,2,4,1,5,8,1,2
f50dcd09709383fea95f,3,5,1,12,6,1,5,11,1,2,4,1,1,9,1,2,2,4,1,5,8,1,2
f527k17lr4aumahjtj92,3,5,1,10,5,1,5,11,1,2,4,1,1,8,0,2,2,3,1,5,8,1,2
f5c3c6eb77fac482de13,3,5,1,12,6,1,5,11,1,2,4,1,1,9,1,2,2,4,1,5,8,1,2
f5j3cojh9fr5gvylr0yi,3,5,1,11,6,1,5,11,1,2,4,1,1,8,1,2,2,4,1,5,8,1,2
f5jwwahac3fyc6rq5tex,3,5,1,11,5,1,4,10,1,2,4,1,1,8,1,2,2,3,1,4,7,1,2
f63cab44b941c6ca80d6,3,5,1,12,6,1,5,11,1,2,4,1,1,9,1,2,2,4,1,5,8,1,2
f7a14eb1e15ceeea955c,3,5,1,12,6,1,5,11,1,2,4,1,1,9,1,2,2,4,1,5,8,1,2
f7c4a29d42220e1cea27,3,5,1,12,6,1,5,11,1,2,4,1,1,9,1,2,2,4,1,5,8,1,2
f81f52969ef1de783de3,3,5,1,12,6,1,5,11,1,2,4,1,1,9,1,2,2,4,1,5,8,1,2
f82461b84c9c48a36613,3,5,1,12,6,1,5,11,1,2,4,1,1,9,1,2,2,4,1,5,8,1,2
f964ee6bca634319a68f,3,5,1,12,6,1,5,11,1,2,4,1,1,9,1,2,2,4,1,5,8,1,2
f9c641e9c05c243a751e,3,5,1,12,6,1,5,10,1,2,4,1,1,9,1,2,2,4,1,5,7,1,2
f9d95830556934ae9a01,3,5,1,12,6,1,5,11,1,2,4,1,1,9,1,2,2,4,1,5,8,1,2
f9dde99f5db421171b51,3,5,1,12,6,1,5,11,1,2,4,1,1,9,1,2,2,4,1,5,8,1,2
f9ef2830cd485d038b53,2,2,1,10,5,1,5,10,1,1,2,0,1,9,0,1,2,3,1,5,7,1,2
faa31dca7ed1dd11fe44,3,5,1,12,6,1,5,11,1,2,4,1,1,9,1,2,2,4,1,5,8,1,2
fabad359607dabbaaed4,3,5,1,12,6,1,5,11,1,2,4,1,1,9,1,2,2,4,1,5,8,1,2
fb4411db1aac3cd2544b,2,5,1,12,6,1,5,11,1,1,4,1,1,9,1,2,2,4,1,5,8,1,2
fb5d5693ffa9f022a191,3,5,1,12,6,1,5,11,1,2,4,1,1,9,1,2,2,4,1,5,8,1,2
fb735wd248crm37cgmgw,3,5,0,12,5,1,5,10,1,2,4,1,0,9,1,2,2,3,1,5,7,1,2
fc1c9dd58091c33d8888,3,5,1,12,6,1,5,11,1,2,4,1,1,9,1,2,2,4,1,5,8,1,2
fc39de3859d890b9693d,3,5,1,12,6,1,5,11,1,2,4,1,1,9,1,2,2,4,1,5,8,1,2
fc5a9edc3413ecece4bd,3,5,1,12,6,1,5,11,1,2,4,1,1,9,1,2,2,4,1,5,8,1,2
fcf6463f948b24ac7cd8,3,5,1,12,6,1,5,11,1,2,4,1,1,9,1,2,2,4,1,5,8,1,2
fda1eaffdfa7350e5d97,3,5,1,12,6,1,5,11,1,2,4,1,1,9,1,2,2,4,1,5,8,1,2
fdd50b3ad56dcf116c82,3,5,1,12,6,1,5,11,1,2,4,1,1,9,1,2,2,4,1,5,8,1,2
fdd714a996ac8bd8006d,3,5,1,12,6,1,5,11,1,2,4,1,1,9,1,2,2,4,1,5,8,1,2
fdgrg81ki37uqa6afofq,3,5,1,11,6,1,5,10,1,2,4,1,1,8,1,2,2,4,1,5,8,1,1
fe40bd528b4fbbf591e1,3,5,1,12,6,1,5,11,1,2,4,1,1,9,1,2,2,4,1,5,8,1,2
fe5cf715d9c94fc7779e,3,5,1,12,6,1,5,11,1,2,4,1,1,9,1,2,2,4,1,5,8,1,2
fe752a6d1aa3d710d738,3,5,1,12,6,1,5,11,1,2,4,1,1,9,1,2,2,4,1,5,8,1,2
fef67841144f4c95a6c5,3,5,1,12,6,1,5,11,1,2,4,1,1,9,1,2,2,4,1,5,8,1,2
fej8lh1pgn1sikmt58d4,3,5,1,11,5,1,5,10,1,2,4,1,1,9,1,1,2,3,1,5,7,1,2
ff2d815d9ef74b153b54,3,5,1,12,6,1,5,11,1,2,4,1,1,9,1,2,2,4,1,5,8,1,2
ff59855075a6bc39d62b,3,5,1,12,6,1,5,11,1,2,4,1,1,9,1,2,2,4,1,5,8,1,2
ffe3886e3e3bab0249b5,3,5,1,12,6,1,5,11,1,2,4,1,1,9,1,2,2,4,1,5,8,1,2
fkenlzdweox7v0zaopqo,3,5,1,10,6,1,5,8,1,2,4,1,1,8,1,1,2,4,1,5,7,0,1
flde3irykh8wauaj2fuw,3,3,1,12,6,1,5,11,1,2,3,0,1,9,1,2,2,4,1,5,8,1,2
fnvhgnuqbir0drk8p1v2,3,5,1,11,5,1,5,10,1,2,4,1,1,8,1,2,2,3,1,5,7,1,2
fov3pbwdqzvhgcjp7o9f,3,5,1,11,6,1,5,10,1,2,4,1,1,8,1,2,2,4,1,5,7,1,2
fqcud1c5mt7pdp9w0v6y,2,5,1,11,5,1,4,9,1,1,4,1,1,8,1,2,2,3,1,4,7,1,1
fvlb9xi66oze7eo3yhdh,3,5,1,12,6,1,5,9,1,2,4,1,1,9,1,2,2,4,1,5,6,1,2
fvqo3hum9a1rl6rxbyre,3,4,1,9,6,1,5,11,1,2,3,1,1,8,1,0,2,4,1,5,8,1,2
fvurnsqlgyr9zbd6msqs,2,5,1,10,5,1,4,10,1,1,4,1,1,8,1,1,2,3,1,4,8,0,2
g4l5baozrnfblxayrhox,3,5,1,12,6,1,5,10,1,2,4,1,1,9,1,2,2,4,1,5,7,1,2
g5wbnnhq1jbyc32q3003,2,3,1,10,6,1,5,9,1,1,3,0,1,7,1,2,2,4,1,5,6,1,2
geps6umc1dv3t7we1ica,3,5,1,10,6,1,5,11,1,2,4,1,1,9,1,0,2,4,1,5,8,1,2
ggweeccb6anw0j3y32t0,3,5,1,10,6,1,5,11,1,2,4,1,1,8,1,1,2,4,1,5,8,1,2
gl03oba0pirnpnqsw1tt,3,5,1,11,6,1,5,10,1,2,4,1,1,8,1,2,2,4,1,5,8,1,1
gm1xiqmop9j2d2acc2jg,3,4,1,11,6,1,5,10,1,2,3,1,1,9,1,1,2,4,1,5,8,1,1
gzthlilac9ixoayq02u1,3,5,1,12,5,1,5,11,1,2,4,1,1,9,1,2,2,3,1,5,8,1,2
h6miro3m8713s3dxuipr,2,5,1,11,6,1,4,10,1,1,4,1,1,8,1,2,2,4,1,4,8,1,1
h7i4kmpsra4szfbhrcbh,3,5,0,12,6,1,5,8,1,2,4,1,0,9,1,2,2,4,1,5,6,1,1
h9urbo4ce8x02brjnloz,3,4,1,12,6,1,4,9,1,2,3,1,1,9,1,2,2,4,1,4,7,1,1
hcm6w0jxnfqhkpm745cu,2,5,1,12,6,1,5,11,1,1,4,1,1,9,1,2,2,4,1,5,8,1,2
hhplrx9xd7cm2w7aslma,3,5,1,12,6,1,5,10,1,2,4,1,1,9,1,2,2,4,1,5,8,1,1
hitoc7ngyvt9aaebo1na,3,5,1,10,6,1,5,11,1,2,4,1,1,8,1,1,2,4,1,5,8,1,2
hkk3qiui3e3r969oyfhf,3,5,1,11,5,1,5,11,1,2,4,1,1,8,1,2,2,3,1,5,8,1,2
hmju4kxemo560ilakak8,3,5,1,12,6,1,5,11,1,2,4,1,1,9,1,2,2,4,1,5,8,1,2
hoedc2pzfz6av5bn1jq3,3,3,1,12,6,1,5,11,1,2,3,0,1,9,1,2,2,4,1,5,8,1,2
hpb03ydulnt2b9ffa0j2,3,5,1,11,6,1,5,10,1,2,4,1,1,9,1,1,2,4,1,5,8,1,1
hpty3h6eij2tr467ueks,1,4,1,10,6,1,4,11,1,0,3,1,1,7,1,2,2,4,1,4,8,1,2
hu267zw9zywa4ew3d5bw,3,5,1,12,6,1,5,11,1,2,4,1,1,9,1,2,2,4,1,5,8,1,2
hva2hcwvh4mv0i4t59t6,3,5,1,10,6,1,5,11,1,2,4,1,1,8,1,1,2,4,1,5,8,1,2
hz3im1vs42bx5rxbn7wh,3,5,1,11,5,1,5,10,1,2,4,1,1,9,1,1,1,4,1,5,7,1,2
i1fr7kd71b2ni39kn958,3,5,1,11,6,1,5,10,1,2,4,1,1,8,1,2,2,4,1,5,7,1,2
i21qi5qdsjqcch2xvdd5,3,5,1,12,5,1,5,11,1,2,4,1,1,9,1,2,2,3,1,5,8,1,2
i39gdpglcxstun30b4yw,1,5,1,12,6,1,5,11,0,1,4,1,1,9,1,2,2,4,1,5,8,1,2
i5hexmb5zlzhd8lvwdv3,3,5,1,12,6,1,5,11,1,2,4,1,1,9,1,2,2,4,1,5,8,1,2
i8gdglua8vbd4ul9x09f,2,5,1,11,6,1,5,10,1,1,4,1,1,9,0,2,2,4,1,5,8,1,1
i8lx9f5ut0kaz120j30d,3,5,1,11,6,1,5,11,1,2,4,1,1,9,1,1,2,4,1,5,8,1,2
i8ryguu9cpkrb6ouhwqq,2,5,1,12,6,1,5,10,1,1,4,1,1,9,1,2,2,4,1,5,7,1,2
icu31mfcha34dnwbsui2,3,5,1,11,6,0,5,9,1,2,4,1,1,8,1,2,2,4,0,5,6,1,2
ifj584ryrjv639n4nnsu,3,5,1,12,6,0,5,9,1,2,4,1,1,9,1,2,2,4,0,5,7,1,1
igm3qwikiaey95nry3xj,2,5,1,12,5,1,5,10,1,1,4,1,1,9,1,2,2,3,1,5,8,1,1
ij9llitbhr4gi126l772,3,5,1,12,6,1,5,11,1,2,4,1,1,9,1,2,2,4,1,5,8,1,2
ijieo064jbrs5ss1cmol,3,5,1,12,5,1,5,11,1,2,4,1,1,9,1,2,1,4,1,5,8,1,2
ik7o5ykfnku0qp74sy1i,3,5,1,12,6,1,5,10,1,2,4,1,1,9,1,2,2,4,1,5,7,1,2
imkfiwhasub5ykkblh9s,3,5,1,11,6,1,5,11,1,2,4,1,1,8,1,2,2,4,1,5,8,1,2
inyirhdpjahiguhs9e5b,3,4,1,11,6,1,5,11,1,2,4,0,1,8,1,2,2,4,1,5,8,1,2
iqhpwbqkqi7kugzduhit,3,4,1,12,6,1,5,11,1,2,3,1,1,9,1,2,2,4,1,5,8,1,2
isa355t9q5rut5fm8aml,3,5,1,10,6,1,5,11,1,2,4,1,1,8,1,1,2,4,1,5,8,1,2
isavn2ahb9n5z1q8win5,3,5,1,11,5,0,5,10,1,2,4,1,1,9,1,1,1,4,0,5,7,1,2
iwjs5oi2pl8omkdrs53q,3,5,1,11,6,1,5,11,1,2,4,1,1,9,1,1,2,4,1,5,8,1,2
j07d6onchxesk14v7b8w,3,5,1,12,6,1,4,11,1,2,4,1,1,9,1,2,2,4,1,4,8,1,2
j605t14y7ie6vr2n8s2c,3,5,1,12,6,1,5,10,1,2,4,1,1,9,1,2,2,4,1,5,8,1,1
j8inicu0iafkpv3u9431,3,4,1,12,6,1,5,11,1,2,4,0,1,9,1,2,2,4,1,5,8,1,2
jb3fqd2b9oyprn83h646,3,5,1,11,6,1,5,11,1,2,4,1,1,8,1,2,2,4,1,5,8,1,2
jds77so748xfiefl16ad,3,5,1,12,6,1,5,11,1,2,4,1,1,9,1,2,2,4,1,5,8,1,2
je7kqkmpwkosa7nkgfpx,3,5,1,12,6,1,4,11,1,2,4,1,1,9,1,2,2,4,1,4,8,1,2
jhmn3s11l13woe6jy3zg,3,5,1,12,6,1,5,11,1,2,4,1,1,9,1,2,2,4,1,5,8,1,2
jitc82qpkhbudc8tgnui,3,4,1,9,6,1,5,9,1,2,3,1,1,6,1,2,2,4,1,5,7,1,1
jj1jl4nhnkxllubypoq3,3,5,0,11,6,1,5,10,1,2,4,1,0,8,1,2,2,4,1,5,7,1,2
jjx780kahllbp5y3x7p8,3,5,1,12,6,1,5,11,1,2,4,1,1,9,1,2,2,4,1,5,8,1,2
jkfou7hhzge0irwf1xmf,3,5,1,11,6,1,5,11,1,2,4,1,1,9,1,1,2,4,1,5,8,1,2
jnupp0jsv1kjsvbzlnrr,1,5,1,11,6,1,5,10,1,0,4,1,1,8,1,2,2,4,1,5,7,1,2
jsmqh4aa20rpfeqmyx4h,2,5,1,12,6,1,5,11,1,1,4,1,1,9,1,2,2,4,1,5,8,1,2
jv2j33i326cpj50ckvt7,2,5,1,12,6,1,5,11,1,1,4,1,1,9,1,2,2,4,1,5,8,1,2
jv67r7eqa9z2a1777eex,3,5,1,12,5,1,5,10,1,2,4,1,1,9,1,2,2,3,1,5,8,1,1
jwdjcrxdn0um79f0rjvw,3,5,1,11,5,1,4,10,1,2,4,1,1,9,1,1,2,3,1,4,7,1,2
jyaxybaq8vui614ytd8i,3,5,1,12,6,1,5,11,1,2,4,1,1,9,1,2,2,4,1,5,8,1,2
k1r03pvvsv9zxrft5jgi,3,5,1,11,4,1,4,11,1,2,4,1,1,8,1,2,1,3,1,4,8,1,2
k4usquerebza4uy0i57h,3,5,1,12,6,1,3,11,1,2,4,1,1,9,1,2,2,4,1,3,8,1,2
k6jujv82n727fuwbxa6f,3,4,1,10,6,1,5,10,1,2,3,1,1,7,1,2,2,4,1,5,7,1,2
k6kv9y9tqfll5d282ymb,3,5,1,12,6,1,5,10,1,2,4,1,1,9,1,2,2,4,1,5,7,1,2
k7bf90hpau5950c87l3i,3,5,0,11,6,1,5,10,1,2,4,1,0,9,1,1,2,4,1,5,7,1,2
k7fa3kdg6dq9avbiqv1f,3,5,1,12,6,1,5,10,1,2,4,1,1,9,1,2,2,4,1,5,7,1,2
kg28tppvvsvr918dkvlb,3,5,1,12,6,1,5,9,1,2,4,1,1,9,1,2,2,4,1,5,7,1,1
kilhyvtskm84umerpjee,2,5,1,12,6,1,5,11,1,1,4,1,1,9,1,2,2,4,1,5,8,1,2
kpw433bcv21ksp1wgrux,3,5,1,12,6,1,4,11,1,2,4,1,1,9,1,2,2,4,1,4,8,1,2
ksm67082xy9g2wnalt38,3,5,1,12,6,1,5,9,1,2,4,1,1,9,1,2,2,4,1,5,7,1,1
l1rn095adguamaugi4ux,3,5,1,12,6,1,5,11,1,2,4,1,1,9,1,2,2,4,1,5,8,1,2
l2yv9tvvcakn7ikerccy,2,5,1,12,6,1,5,10,1,1,4,1,1,9,1,2,2,4,1,5,8,1,1
l41f9f1gb0y5rxcqfv64,3,5,1,11,5,1,4,10,1,2,4,1,1,8,1,2,2,3,1,4,8,1,1
l82rq4xaymt7t5uytax9,2,5,1,12,6,1,5,11,1,1,4,1,1,9,1,2,2,4,1,5,8,1,2
lewkf2owb42ywhfto9yf,3,4,1,12,5,1,5,11,1,2,4,0,1,9,1,2,2,3,1,5,8,1,2
lexte4gc3dvjb7ty0qf5,3,5,1,12,6,1,5,9,1,2,4,1,1,9,1,2,2,4,1,5,7,1,1
lf5hmkicbiuolk7khwwb,2,5,1,12,6,1,4,11,1,1,4,1,1,9,1,2,2,4,1,4,8,1,2
ljylby8inwh5b93wkean,3,4,0,10,6,1,5,9,1,2,3,1,0,7,1,2,2,4,1,5,7,1,1
lqm8jh0uggps7yd0lx2x,3,5,0,11,6,1,5,10,1,2,4,1,0,9,1,1,2,4,1,5,7,1,2
lswzzwjmreuixxjqglhy,3,5,1,12,6,1,4,11,1,2,4,1,1,9,1,2,2,4,1,4,8,1,2
lvp2qmljigke8u0nfbvl,3,4,1,11,6,1,5,11,1,2,3,1,1,8,1,2,2,4,1,5,8,1,2
lx7vfcjhdxzh2wkt42hc,3,5,1,12,6,1,5,11,1,2,4,1,1,9,1,2,2,4,1,5,8,1,2
lzvutqpj9ggc0nwwsxcv,2,4,1,9,5,0,5,9,1,1,3,1,1,6,1,2,2,3,0,5,6,1,2
m380dsj058viwn3ly6j1,3,5,1,11,5,1,4,10,1,2,4,1,1,8,1,2,2,3,1,4,8,1,1
m3xzctvbxlbxz80zz042,2,5,1,11,5,1,5,10,1,1,4,1,1,9,1,1,2,3,1,5,7,1,2
m3y8jkkgflwqwcelrwzz,3,4,1,9,6,1,5,10,1,2,3,1,1,7,0,2,2,4,1,5,7,1,2
m4qqnaq8p8fn7b7bl5ic,3,5,1,10,6,1,5,7,1,2,4,1,1,7,1,2,2,4,1,5,5,1,1
m6p2hujqw21vc4lyt3f3,3,5,1,10,5,1,5,11,1,2,4,1,1,7,1,2,2,3,1,5,8,1,2
m7prwt2ubs9o4x4ecebj,3,5,0,12,6,1,5,10,1,2,4,1,0,9,1,2,2,4,1,5,7,1,2
mbbw64iibpv7ndj2iie1,3,4,1,12,6,1,5,10,1,2,3,1,1,9,1,2,2,4,1,5,8,1,1
me044us8pj1824r4dye2,3,4,1,12,6,1,5,10,1,2,3,1,1,9,1,2,2,4,1,5,8,1,1
me4d1o3nzhyoj0xfast0,3,4,1,11,6,1,5,11,1,2,3,1,1,9,1,1,2,4,1,5,8,1,2
mhufhb84kyqgs0anwy1d,3,5,1,12,5,1,5,9,1,2,4,1,1,9,1,2,2,3,1,5,8,1,0
mjfvt9ufmkjqp4yikle3,3,5,1,12,6,1,5,11,1,2,4,1,1,9,1,2,2,4,1,5,8,1,2
mm5p2ct8c21h4q753p3n,3,5,1,12,5,1,5,11,1,2,4,1,1,9,1,2,2,3,1,5,8,1,2
mn8t0yyppsznr674ic1a,3,5,1,12,6,1,5,11,1,2,4,1,1,9,1,2,2,4,1,5,8,1,2
mqqf68ny1kdp6i69i7tt,3,4,1,11,6,1,5,10,1,2,3,1,1,8,1,2,2,4,1,5,8,1,1
mrlo3h9nf858pnzqzu5u,3,5,0,11,6,1,5,10,1,2,4,1,0,8,1,2,2,4,1,5,7,1,2
mwmft9w9vjod1g7jidmb,3,5,1,11,6,1,5,10,1,2,4,1,1,9,1,1,2,4,1,5,7,1,2
n20d6b4o2g64oaa3q8ym,3,5,1,11,5,1,5,11,1,2,4,1,1,9,1,1,2,3,1,5,8,1,2
n2bgnbybijni2e9crs4x,3,5,1,12,6,1,4,10,1,2,4,1,1,9,1,2,2,4,1,4,8,1,1
n3dkt0eq0ekpby9lv06i,3,5,1,12,6,1,5,11,1,2,4,1,1,9,1,2,2,4,1,5,8,1,2
n55nfedky5fh684bamej,3,4,1,11,5,1,5,11,1,2,3,1,1,8,1,2,2,3,1,5,8,1,2
n8pe3tt7qmlgojwhhsj0,3,5,1,11,5,1,5,11,1,2,4,1,1,9,1,1,2,3,1,5,8,1,2
nd9xpohv0s4ttw0o7fts,2,5,1,11,6,1,5,11,0,2,4,1,1,9,1,1,2,4,1,5,8,1,2
ng2c52g74hfaudyxmm6m,3,4,1,12,6,1,5,11,1,2,4,0,1,9,1,2,2,4,1,5,8,1,2
nilkp0a54b01p87udccl,3,5,1,12,5,1,5,10,1,2,4,1,1,9,1,2,2,3,1,5,7,1,2
nkr2o4v6q9alvt7ju51e,3,5,1,12,6,1,5,11,1,2,4,1,1,9,1,2,2,4,1,5,8,1,2
nl4vt11ikn4we06zu0zj,2,5,1,11,6,1,5,10,1,1,4,1,1,8,1,2,2,4,1,5,8,1,1
no0afrue2n6m8hcnuek1,3,4,1,11,6,1,4,11,1,2,3,1,1,8,1,2,2,4,1,4,8,1,2
nq4jln5s1zqjk7nwbbeo,3,4,1,10,6,1,5,9,1,2,3,1,1,7,1,2,2,4,1,5,7,1,1
nrv5a6tr3ya2iv3p5xpo,3,5,1,11,6,1,5,10,1,2,4,1,1,8,1,2,2,4,1,5,7,1,2
nx4zicy1jbulkuen41s5,3,4,1,11,6,1,4,10,1,2,3,1,1,8,1,2,2,4,1,4,7,1,2
ny6yox8nvtlotclebkk8,2,5,1,11,6,1,5,11,0,2,4,1,1,9,1,1,2,4,1,5,8,1,2
o3jddioub8dsv0fm22qn,3,5,1,12,6,1,5,9,1,2,4,1,1,9,1,2,2,4,1,5,7,0,2
o5lo8q4tb8yt0v8imkw4,3,5,1,12,5,0,5,10,1,2,4,1,1,9,1,2,2,3,0,5,7,1,2
o6kw9thwvq6csdr9taal,3,5,1,12,6,1,5,9,1,2,4,1,1,9,1,2,2,4,1,5,7,1,1
o6tn58jvkqobrz2qmf5i,3,5,1,12,6,1,5,11,1,2,4,1,1,9,1,2,2,4,1,5,8,1,2
oc0ww31yssff9rktgowo,3,4,1,11,5,1,4,11,1,2,3,1,1,9,1,1,2,3,1,4,8,1,2
oi7j42phxrp4mc1n9h4b,3,5,1,11,6,1,5,10,1,2,4,1,1,9,1,1,2,4,1,5,8,1,1
oit2xadfbpuveswzx4pf,3,5,1,12,6,1,4,10,1,2,4,1,1,9,1,2,2,4,1,4,8,1,1
okcti3afv5drqqbxtxm6,3,5,1,12,6,1,5,11,1,2,4,1,1,9,1,2,2,4,1,5,8,1,2
omzalmrzys0ymf4cgt03,3,5,1,10,6,1,5,11,1,2,4,1,1,9,1,0,2,4,1,5,8,1,2
oppl3ojvw61dvd5yw1wl,2,5,1,10,5,0,5,10,1,1,4,1,1,8,1,1,2,3,0,5,7,1,2
orgvbr9mbmfo4z8tbsa3,3,5,1,10,6,0,5,9,1,2,4,1,1,7,1,2,2,4,0,5,6,1,2
orubxhpr5e1heat93ue4,3,5,1,11,6,1,5,11,1,2,4,1,1,9,1,1,2,4,1,5,8,1,2
otznu9tyqq50x0xij3br,3,5,1,11,6,1,5,11,1,2,4,1,1,8,1,2,2,4,1,5,8,1,2
owzdfs89mm4ci0382a3b,2,5,1,11,6,1,5,11,0,2,4,1,1,8,1,2,2,4,1,5,8,1,2
oyaoqkf2b1we4b67bv8l,3,5,1,12,6,1,4,10,1,2,4,1,1,9,1,2,2,4,1,4,7,1,2
p10d5vx8mpn0v82i51gp,3,5,1,12,6,1,5,11,1,2,4,1,1,9,1,2,2,4,1,5,8,1,2
p3cs5x8cxrwubesmagvl,3,5,1,11,6,1,5,11,1,2,4,1,1,8,1,2,2,4,1,5,8,1,2
p611flt77czmqgut14jl,2,5,1,11,5,0,5,9,1,1,4,1,1,8,1,2,2,3,0,5,6,1,2
p6cp3ogj6xy2riczfupv,3,5,1,10,6,1,4,10,1,2,4,1,1,7,1,2,2,4,1,4,8,1,1
p8bk6cdfntr0humt6q45,3,5,1,12,6,0,5,10,1,2,4,1,1,9,1,2,2,4,0,5,7,1,2
p9enp5lzhiufas1xpd8p,3,5,1,10,6,1,5,10,1,2,4,1,1,8,1,1,2,4,1,5,7,1,2
pammg9gw4enjosw3z60e,3,5,1,11,5,1,5,11,1,2,4,1,1,8,1,2,2,3,1,5,8,1,2
pg8ucem69ixbqhznx0x2,3,4,1,11,6,1,5,11,1,2,3,1,1,8,1,2,2,4,1,5,8,1,2
pgknalznufvmvwgc1ca8,3,5,1,12,6,1,5,11,1,2,4,1,1,9,1,2,2,4,1,5,8,1,2
pgrig4vo54owe59j2j5f,3,5,1,11,6,1,5,11,1,2,4,1,1,9,1,1,2,4,1,5,8,1,2
pgz595amcuc1566oihze,3,5,1,11,6,1,5,10,1,2,4,1,1,8,1,2,2,4,1,5,7,1,2
pkjom9yr5m9690fg6wsi,3,4,1,10,6,1,4,11,1,2,3,1,1,9,0,1,2,4,1,4,8,1,2
pr6b1twg5sgsrzek6adi,3,5,1,12,5,1,5,11,1,2,4,1,1,9,1,2,2,3,1,5,8,1,2
pr7s208qauxqsfra6xbm,3,5,1,12,6,0,5,10,1,2,4,1,1,9,1,2,2,4,0,5,7,1,2
preni1j2j1gkvq1knpag,3,5,1,11,6,1,5,10,1,2,4,1,1,8,1,2,2,4,1,5,7,1,2
putb7ja6dwpdag4bwvnj,3,5,1,11,5,1,5,11,1,2,4,1,1,8,1,2,2,3,1,5,8,1,2
pv0c4za1m616k25gfwfb,2,4,1,11,5,1,5,11,0,2,3,1,1,8,1,2,2,3,1,5,8,1,2
pva49fsfcbexwz1crjvg,3,4,1,10,6,1,5,11,1,2,3,1,1,7,1,2,2,4,1,5,8,1,2
pwt0tr48brmkbj3e3wmy,3,5,1,12,6,1,5,9,1,2,4,1,1,9,1,2,2,4,1,5,7,1,1
pxnnkthuxasggux3hyae,3,5,1,12,5,1,5,10,1,2,4,1,1,9,1,2,1,4,1,5,8,1,1
q1movls9kc4kglv6sb5g,3,5,1,10,5,1,5,10,1,2,4,1,1,8,1,1,2,3,1,5,7,1,2
q3pyoy44nn6q6nyjgy9n,3,4,1,11,5,1,5,11,1,2,3,1,1,9,1,1,2,3,1,5,8,1,2
q42hf4ad91sqkl0lbfh4,3,5,1,12,5,1,5,11,1,2,4,1,1,9,1,2,2,3,1,5,8,1,2
qaubz3kt65qtoit8g4vi,3,5,1,11,5,1,5,11,1,2,4,1,1,8,1,2,2,3,1,5,8,1,2
qd5cqu3du8n28xxtkftw,3,5,1,11,6,1,5,11,1,2,4,1,1,9,0,2,2,4,1,5,8,1,2
qg0soq1i1uy7yndj17gd,3,4,1,9,6,1,5,9,1,2,3,1,1,7,1,1,2,4,1,5,7,1,1
qkc2f9omqulfmn3j0m9p,3,4,1,12,6,0,5,9,1,2,3,1,1,9,1,2,2,4,0,5,6,1,2
qmf8702zbahi9083s7aq,3,5,1,12,6,1,5,9,1,2,4,1,1,9,1,2,2,4,1,5,6,1,2
qrrck1nnty89cmohw40b,3,5,1,12,6,1,5,11,1,2,4,1,1,9,1,2,2,4,1,5,8,1,2
quam8ci0euq2dz8xldzz,2,5,1,12,6,1,5,10,1,1,4,1,1,9,1,2,2,4,1,5,7,1,2
qw1seyo5nrhlm8vby58w,2,5,1,12,6,1,5,11,1,1,4,1,1,9,1,2,2,4,1,5,8,1,2
qxfeg29o1ytsgt3wd41i,3,5,1,12,6,1,5,11,1,2,4,1,1,9,1,2,2,4,1,5,8,1,2
qxnna0of95m3oebjc84f,3,5,1,12,6,1,5,10,1,2,4,1,1,9,1,2,2,4,1,5,8,1,1
qz6jjynwbd3szlp0rj04,3,5,1,12,5,1,4,11,1,2,4,1,1,9,1,2,2,3,1,4,8,1,2
r28s9kyo7knrvytyvmt8,3,5,1,11,6,1,5,11,1,2,4,1,1,8,1,2,2,4,1,5,8,1,2
r3uk44zat2tcyj5wmojt,3,5,1,12,5,1,5,10,1,2,4,1,1,9,1,2,2,3,1,5,7,1,2
r4oklg89q3yx9o2dfq3q,3,5,1,12,5,1,5,11,1,2,4,1,1,9,1,2,2,3,1,5,8,1,2
r7embk7pqzg5g5p245x4,3,5,1,11,6,1,5,10,1,2,4,1,1,9,1,1,2,4,1,5,7,1,2
r9m46ndmmmzeeehft96z,3,5,1,11,5,1,5,9,1,2,4,1,1,9,1,1,2,3,1,5,8,1,0
rd32gyblqsfn03xatnmt,3,5,1,11,6,1,5,11,1,2,4,1,1,9,1,1,2,4,1,5,8,1,2
rd4p70jwu852pbdjwl2d,3,5,1,12,6,1,4,11,1,2,4,1,1,9,1,2,2,4,1,4,8,1,2
reo07h0d5zehmotdlz2w,3,5,1,11,6,1,5,11,1,2,4,1,1,8,1,2,2,4,1,5,8,1,2
rgl39qjfatpnh3v4o28m,3,5,1,12,6,1,5,11,1,2,4,1,1,9,1,2,2,4,1,5,8,1,2
ri34qjuyhs63ar95i8mx,3,5,1,12,6,1,5,11,1,2,4,1,1,9,1,2,2,4,1,5,8,1,2
riyfiej5klr0bqfnptv3,3,5,1,12,6,1,5,11,1,2,4,1,1,9,1,2,2,4,1,5,8,1,2
rq44ojyrvdtad0tzsm32,3,5,1,12,5,1,5,11,1,2,4,1,1,9,1,2,2,3,1,5,8,1,2
rsclhbtmbxt0xrye64ax,2,4,1,12,5,1,4,10,1,1,3,1,1,9,1,2,2,3,1,4,8,1,1
rufanlg0slv70u876a05,3,5,1,10,6,1,5,11,1,2,4,1,1,8,1,1,2,4,1,5,8,1,2
s0vfgmhobw9jq6al8iww,3,5,1,11,5,1,5,11,1,2,4,1,1,8,1,2,2,3,1,5,8,1,2
s97masc6nt48h4ly8s1w,3,4,1,12,5,1,5,11,1,2,3,1,1,9,1,2,2,3,1,5,8,1,2
sbb3va36jvpkdpj257ek,3,4,1,12,5,1,5,11,1,2,3,1,1,9,1,2,2,3,1,5,8,1,2
scl0uh5ig9ehluvs46h2,3,5,1,11,6,1,5,11,1,2,4,1,1,9,1,1,2,4,1,5,8,1,2
sdun9fmcol7sud39mllw,3,5,1,11,6,1,5,10,1,2,4,1,1,8,1,2,2,4,1,5,8,1,1
sf30f3p1koevnfztc2pd,2,5,1,11,6,1,4,11,0,2,4,1,1,9,1,1,2,4,1,4,8,1,2
shtnl1wh1mconb8od5ko,3,5,1,11,5,1,5,11,1,2,4,1,1,8,1,2,2,3,1,5,8,1,2
si6ymh6w7xbo2f40o0p8,3,5,1,12,6,1,5,11,1,2,4,1,1,9,1,2,2,4,1,5,8,1,2
sie4alrjjjvlk0w9ye5l,3,5,1,12,6,1,5,11,1,2,4,1,1,9,1,2,2,4,1,5,8,1,2
skyax9iocbd5gzronpru,3,4,1,12,6,1,4,11,1,2,3,1,1,9,1,2,2,4,1,4,8,1,2
slmfpw1fyabrtys8ufg9,3,4,1,11,6,1,4,10,1,2,3,1,1,8,1,2,2,4,1,4,7,1,2
spyu1at0d9k1wxtenlhe,3,5,1,12,5,1,5,11,1,2,4,1,1,9,1,2,2,3,1,5,8,1,2
ss27ig83t1pi1ztsy5w8,3,5,1,11,5,1,5,11,1,2,4,1,1,9,1,1,2,3,1,5,8,1,2
styld7k1gge5cvjria5b,2,5,1,11,6,1,4,10,1,1,4,1,1,8,1,2,2,4,1,4,8,1,1
sushd67p0jy6f04a3h0m,3,5,1,12,5,1,5,11,1,2,4,1,1,9,1,2,2,3,1,5,8,1,2
svxexhg20hs3bbqd4fm7,3,5,1,10,6,1,5,10,1,2,4,1,1,9,0,1,2,4,1,5,8,1,1
sx57v4y3hp52f9selxdo,3,5,1,10,6,1,5,11,1,2,4,1,1,7,1,2,2,4,1,5,8,1,2
t3wo8xb4rq94n3fpfk35,3,5,1,11,6,1,5,11,1,2,4,1,1,8,1,2,2,4,1,5,8,1,2
t5uf4x6hffga8in2ua6l,3,5,1,9,6,1,5,11,1,2,4,1,1,8,0,1,2,4,1,5,8,1,2
t7x7ydt3u1cd2svfvk4q,3,3,1,12,6,1,5,11,1,2,3,0,1,9,1,2,2,4,1,5,8,1,2
t8a5fgt3wo8w18amulu3,3,5,1,11,6,1,4,9,1,2,4,1,1,8,1,2,2,4,1,4,6,1,2
t8sflynjwck4f650mtvp,3,5,1,12,6,1,5,9,1,2,4,1,1,9,1,2,2,4,1,5,6,1,2
t8zrwu8iwkcdnwf3ruse,3,4,1,12,6,1,5,11,1,2,3,1,1,9,1,2,2,4,1,5,8,1,2
t9a891e0764br5ujna1a,3,5,1,12,6,1,5,11,1,2,4,1,1,9,1,2,2,4,1,5,8,1,2
ta1gbqs6pw15bx0jb5on,3,3,1,11,6,1,5,11,1,2,2,1,1,8,1,2,2,4,1,5,8,1,2
te17utf5x961ldgs8zwn,2,4,1,12,6,1,5,11,1,1,3,1,1,9,1,2,2,4,1,5,8,1,2
tezxtgugzffgu5fxr0cz,2,3,1,11,6,1,5,11,1,1,3,0,1,8,1,2,2,4,1,5,8,1,2
th28zykgzvfex40v22hz,3,5,1,11,6,1,5,10,1,2,4,1,1,9,1,1,2,4,1,5,7,1,2
tndsnutlm99ld8f4uya0,2,4,1,11,6,1,5,11,1,1,3,1,1,8,1,2,2,4,1,5,8,1,2
tp8x8dgd7d6dhpth8xni,3,5,1,12,6,1,5,11,1,2,4,1,1,9,1,2,2,4,1,5,8,1,2
ttsjumez81r1ot6tfe7n,2,5,1,11,5,1,5,11,0,2,4,1,1,8,1,2,2,3,1,5,8,1,2
tuidsy7wcktf3jppecp5,3,5,1,12,5,1,5,11,1,2,4,1,1,9,1,2,2,3,1,5,8,1,2
tv0sptqq56ri3dpcd9nl,3,4,1,11,6,1,5,11,1,2,3,1,1,8,1,2,2,4,1,5,8,1,2
tvsgkf4oqh769h40lj43,3,4,1,11,6,1,5,11,1,2,4,0,1,9,1,1,2,4,1,5,8,1,2
twa56vh9h75mwaqdma1y,3,5,1,12,6,1,5,11,1,2,4,1,1,9,1,2,2,4,1,5,8,1,2
tzaeahyy9lpjuc2r3hl4,3,5,1,10,5,1,5,9,1,2,4,1,1,8,0,2,2,3,1,5,7,1,1
u2rchqp6tof1bkr07izf,3,4,1,11,6,1,4,11,1,2,3,1,1,9,1,1,2,4,1,4,8,1,2
u5w6lxf8tt0j0ilwb1sy,3,5,1,12,6,0,5,9,1,2,4,1,1,9,1,2,2,4,0,5,7,1,1
u968v341lom8drwdzqqj,3,5,1,12,5,1,4,11,1,2,4,1,1,9,1,2,1,4,1,4,8,1,2
u9owl1eky0jf8t3nc50o,3,5,1,12,6,1,5,10,1,2,4,1,1,9,1,2,2,4,1,5,7,1,2
ubi6gd21j9e9rw46hoz6,2,5,1,12,6,1,5,11,1,1,4,1,1,9,1,2,2,4,1,5,8,1,2
ubp24rey0y6wfj6dtdxp,3,5,1,10,6,1,5,10,1,2,4,1,1,7,1,2,2,4,1,5,7,1,2
ucxxvfcovdwuokyswife,3,5,1,12,6,1,5,10,1,2,4,1,1,9,1,2,2,4,1,5,8,0,2
uem908xkm2x04s4iu84k,3,5,1,11,6,1,5,10,1,2,4,1,1,8,1,2,2,4,1,5,8,1,1
ug9ichhtvfwespnsuy07,2,5,1,11,6,1,5,11,1,1,4,1,1,9,1,1,2,4,1,5,8,1,2
ugaiak78ggmnku4yndlt,3,5,1,9,5,1,4,9,1,2,4,1,1,8,1,0,2,3,1,4,7,1,1
ugbkntr3cmljocvngvq0,3,5,1,12,6,1,5,10,1,2,4,1,1,9,1,2,2,4,1,5,8,0,2
uhky1uwx18u1e4nixzzf,2,3,1,10,6,1,5,10,1,1,2,1,1,8,1,1,2,4,1,5,7,1,2
uhthvh60xp911d47x7xm,3,5,1,11,5,1,5,11,1,2,4,1,1,9,1,1,2,3,1,5,8,1,2
uk8sadmdmw8p7e22l2yr,3,5,1,12,6,1,5,11,1,2,4,1,1,9,1,2,2,4,1,5,8,1,2
ulowmljtsh72z64haltq,3,5,1,10,6,1,5,11,1,2,4,1,1,8,1,1,2,4,1,5,8,1,2
uon3zzl9a1zr5zmeodmr,3,5,1,9,6,1,4,11,1,2,4,1,1,7,1,1,2,4,1,4,8,1,2
urr54xfqlfy6uq8nuo0n,3,5,1,11,6,1,5,11,1,2,4,1,1,9,1,1,2,4,1,5,8,1,2
uvh2zil455wi0dcdan51,3,5,1,12,5,1,5,11,1,2,4,1,1,9,1,2,2,3,1,5,8,1,2
uy29im7a6hnc34lfp8ae,3,5,1,12,5,1,5,11,1,2,4,1,1,9,1,2,2,3,1,5,8,1,2
uzk23hynw87co5ru0tr8,3,5,1,11,6,1,5,11,1,2,4,1,1,9,1,1,2,4,1,5,8,1,2
v1ya43au2scaq7man13k,3,5,1,11,6,1,5,10,1,2,4,1,1,8,1,2,2,4,1,5,7,1,2
v4k20n9xryqdpe6fx42x,3,5,0,12,6,1,5,8,1,2,4,1,0,9,1,2,2,4,1,5,5,1,2
vbgs2hp7aiiw880dpm1s,3,5,1,12,6,1,5,11,1,2,4,1,1,9,1,2,2,4,1,5,8,1,2
vcw0s2e0akak8rqunatk,3,5,1,10,6,1,5,11,1,2,4,1,1,8,1,1,2,4,1,5,8,1,2
vgj44dnko7croq2qytng,3,5,1,12,4,1,5,11,1,2,4,1,1,9,1,2,1,3,1,5,8,1,2
vhlntoniujqiclub2juy,2,5,1,10,6,1,5,10,1,1,4,1,1,8,1,1,2,4,1,5,7,1,2
votyzmo33yg7y89dag17,2,5,1,11,5,1,5,11,0,2,4,1,1,9,1,1,2,3,1,5,8,1,2
vou4hlfvp8hv0r4odzq6,3,5,1,12,6,1,5,10,1,2,4,1,1,9,1,2,2,4,1,5,8,0,2
vqz1prz6hwnqepxsieip,2,5,1,11,6,1,5,10,1,1,4,1,1,8,1,2,2,4,1,5,8,1,1
vrdxefyyyx3tkticfqnv,3,5,1,11,6,1,4,11,1,2,4,1,1,8,1,2,2,4,1,4,8,1,2
vrx3ianblcyuixzmhzl2,3,4,1,11,6,1,5,10,1,2,3,1,1,8,1,2,2,4,1,5,8,1,1
vzdurh8f0rfus5h4bde2,3,5,1,12,6,1,4,11,1,2,4,1,1,9,1,2,2,4,1,4,8,1,2
w0u7vzowm7eimiupvmm3,3,5,1,12,6,1,5,10,1,2,4,1,1,9,1,2,2,4,1,5,7,1,2
w1uwjc89gv68yxkutpoe,3,5,1,12,5,1,5,11,1,2,4,1,1,9,1,2,2,3,1,5,8,1,2
w9iskllhyjto6qq01elo,3,5,1,10,6,1,5,11,1,2,4,1,1,8,1,1,2,4,1,5,8,1,2
wbdvbdebq64ujpi9u7mn,3,5,1,12,6,1,5,11,1,2,4,1,1,9,1,2,2,4,1,5,8,1,2
wf7yq9n2spgto3w5ad9r,3,5,1,12,6,1,4,11,1,2,4,1,1,9,1,2,2,4,1,4,8,1,2
wfsgbko6rfmajn85khu4,2,5,1,11,6,1,5,10,1,1,4,1,1,8,1,2,2,4,1,5,7,1,2
wgbapm8b0r5hu08acewa,3,5,1,12,6,1,5,10,1,2,4,1,1,9,1,2,2,4,1,5,8,0,2
whzjoeh34i7o86p37u99,3,5,1,11,6,1,5,11,1,2,4,1,1,8,1,2,2,4,1,5,8,1,2
wi36b9plgjc82atx6z7h,3,5,0,10,6,0,5,7,1,2,4,1,0,9,1,0,2,4,0,5,5,1,1
wmep7eexur6wwrlrz9sv,3,4,1,12,5,1,5,10,1,2,3,1,1,9,1,2,2,3,1,5,7,1,2
wty9xgte39cr5rp39e50,3,5,1,12,6,1,5,11,1,2,4,1,1,9,1,2,2,4,1,5,8,1,2
wu3cwt7cavxrllp6s123,2,5,1,11,5,1,4,11,1,1,4,1,1,8,1,2,1,4,1,4,8,1,2
wwh529n48kyjq1xe9h46,3,5,1,10,6,1,4,11,1,2,4,1,1,8,1,1,2,4,1,4,8,1,2
wxgj9kdmdrmullrthnso,2,5,1,12,6,0,5,9,1,1,4,1,1,9,1,2,2,4,0,5,6,1,2
wyhkcaf32y8h3707qzrz,3,5,1,12,6,1,4,11,1,2,4,1,1,9,1,2,2,4,1,4,8,1,2
wzc5k9w9l08gue9h43cs,3,5,1,12,6,1,5,11,1,2,4,1,1,9,1,2,2,4,1,5,8,1,2
wzfry2domlqnblox9w1b,3,5,1,12,5,1,5,11,1,2,4,1,1,9,1,2,2,3,1,5,8,1,2
x7xh8m5fvmipvkav1cb4,3,5,1,11,6,1,5,10,1,2,4,1,1,9,1,1,2,4,1,5,8,1,1
x8hldszj3z40bgxl4mci,3,5,1,10,5,1,5,11,1,2,4,1,1,7,1,2,2,3,1,5,8,1,2
x8hocidvl3emcmrhw2f8,3,5,1,11,6,1,5,11,1,2,4,1,1,8,1,2,2,4,1,5,8,1,2
x9xz7kb08kmf1tytnc1f,3,5,1,12,6,1,5,11,1,2,4,1,1,9,1,2,2,4,1,5,8,1,2
xb18hp4yezg65dlw1tz1,3,5,1,12,5,1,5,11,1,2,4,1,1,9,1,2,2,3,1,5,8,1,2
xf5q0ixkpbxl3w7k16qo,3,4,1,11,6,1,5,10,1,2,3,1,1,8,1,2,2,4,1,5,7,1,2
xgvqpyg5mro3wihwngur,3,5,1,12,6,1,5,11,1,2,4,1,1,9,1,2,2,4,1,5,8,1,2
xh8a7nmtz192pknhec33,3,4,1,12,6,1,5,10,1,2,3,1,1,9,1,2,2,4,1,5,8,0,2
xlp4p1b56hrhhyr2y3kd,2,5,0,12,6,1,5,10,1,1,4,1,0,9,1,2,2,4,1,5,7,1,2
xnvmb8uox3576k142awg,3,4,1,10,6,1,5,9,1,2,4,0,1,8,1,1,2,4,1,5,6,1,2
xsxczvs8iluovs3pt5q7,3,5,1,11,6,1,5,11,1,2,4,1,1,9,1,1,2,4,1,5,8,1,2
xvfa4ysm4deeobu8wkym,3,5,1,12,6,1,5,11,1,2,4,1,1,9,1,2,2,4,1,5,8,1,2
xw0r5n17yfqv2va40bhi,2,5,1,12,6,1,4,10,1,1,4,1,1,9,1,2,2,4,1,4,7,1,2
xy7cro773yqyoblucwkp,3,5,1,12,6,1,5,10,1,2,4,1,1,9,1,2,2,4,1,5,8,1,1
xyk8hksfilgpf8301ir4,3,5,1,12,6,1,5,11,1,2,4,1,1,9,1,2,2,4,1,5,8,1,2
xz7x7kwsn26marn29mag,3,4,1,11,6,1,5,9,1,2,4,0,1,8,1,2,2,4,1,5,8,1,0
yb4sqfrwu788fa6y4zeb,1,4,1,12,5,1,5,10,0,1,3,1,1,9,1,2,1,4,1,5,8,1,1
ygc6nfsry40yon3nicac,3,5,1,11,6,1,5,11,1,2,4,1,1,8,1,2,2,4,1,5,8,1,2
ygoahstwe9gz9w87qncs,1,5,1,12,6,1,5,11,1,0,4,1,1,9,1,2,2,4,1,5,8,1,2
yj708ceb2o5gueez45or,3,5,1,12,6,1,4,11,1,2,4,1,1,9,1,2,2,4,1,4,8,1,2
ymb5gxf0fi27kpj2f101,2,5,1,10,6,1,4,10,1,1,4,1,1,8,1,1,2,4,1,4,7,1,2
yums89f0epz009xrrwrf,3,4,1,11,6,1,5,10,1,2,3,1,1,8,1,2,2,4,1,5,8,1,1
yvyud23n1eara086vntf,3,5,1,10,6,1,5,11,1,2,4,1,1,7,1,2,2,4,1,5,8,1,2
yyz9rmyzzdp52h0glddp,3,5,1,11,5,1,5,11,1,2,4,1,1,8,1,2,2,3,1,5,8,1,2
z0ti2nr5nh9fpad7wntt,3,5,1,11,5,1,5,10,1,2,4,1,1,8,1,2,2,3,1,5,7,1,2
z23fh1v40p3hmxxspbo9,3,5,1,9,6,1,5,11,1,2,4,1,1,7,1,1,2,4,1,5,8,1,2
z9q10sbk27qpuvatlkuw,3,5,1,12,5,1,4,10,1,2,4,1,1,9,1,2,1,4,1,4,7,1,2
zc7xkcpo969z98kh6bg8,3,5,1,12,6,1,5,11,1,2,4,1,1,9,1,2,2,4,1,5,8,1,2
zeuj2ypen39p38d4m3oj,3,5,1,12,5,1,5,11,1,2,4,1,1,9,1,2,2,3,1,5,8,1,2
zeuj820acn6zhcbx617v,3,5,1,11,6,1,5,9,1,2,4,1,1,9,1,1,2,4,1,5,7,1,1
zfurn56bm4hyk0d7w4bm,3,5,1,10,6,1,5,9,1,2,4,1,1,7,1,2,2,4,1,5,6,1,2
zhx5rxgopln1p5hd10ql,3,5,1,12,6,1,4,11,1,2,4,1,1,9,1,2,2,4,1,4,8,1,2
zlaig56ve06t7jruk2mr,3,5,1,11,5,1,5,11,1,2,4,1,1,8,1,2,2,3,1,5,8,1,2
zon2ut7eqwqd7i86etaw,2,4,1,12,6,1,5,9,1,1,3,1,1,9,1,2,2,4,1,5,7,1,1
zoo8a9uj8a0dplifqzdp,3,4,1,11,6,1,5,11,1,2,3,1,1,8,1,2,2,4,1,5,8,1,2
zprxec1qxs8nqsmc5830,3,5,1,12,5,1,5,10,1,2,4,1,1,9,1,2,2,3,1,5,8,1,1
zq3xohaut5o9dbd9064z,3,5,1,11,5,1,5,11,1,2,4,1,1,9,1,1,2,3,1,5,8,1,2
zse4s5wowlo5xntqyqb4,3,5,1,12,6,1,5,11,1,2,4,1,1,9,1,2,2,4,1,5,8,1,2
zsjdx6d73id8z82obo3a,3,5,1,11,6,1,4,11,1,2,4,1,1,8,1,2,2,4,1,4,8,1,2
zuw35j06tzftt6oon4c5,3,4,1,12,6,1,5,11,1,2,3,1,1,9,1,2,2,4,1,5,8,1,2
zyfp520tbnq5p2pvrkin,3,5,1,12,6,1,5,10,1,2,4,1,1,9,1,2,2,4,1,5,7,1,2
