student_ID,accuracy_submit,accuracy_problem
0088dc183f73c83f763e,0.20930232558139536,1.0
00cbf05221bb479e66c3,0.19166666666666668,1.0
00df647ee4bf7173642f,0.1108786610878661,1.0
0107f72b66cbd1a0926d,0.3277310924369748,1.0
011d454f199c123d44ad,0.19607843137254902,1.0
01558eef77a8d39b7103,0.2827586206896552,1.0
016226278e6a69e10aa4,0.15810276679841898,1.0
01a691413dc5897db83f,0.08103130755064457,1.0
01d8aa21ef476b66c573,0.23076923076923078,1.0
01qkq6w2v62cimidb3b7,0.2047244094488189,0.5714285714285714
02068067a434adb6556a,0.0,0.0
0258f681a9e1756dfc76,0.10633946830265849,1.0
03754dce5ec7731fb3e2,0.32113821138211385,1.0
037a76bc8e6bf5fe1fc0,0.926829268292683,1.0
03aa0b20dd4af1888eef,0.2134387351778656,1.0
03b463f52c0fff35433b,0.5555555555555556,1.0
03e0c9bff3a9557480d9,0.24615384615384617,0.8333333333333334
04f2689b4ea16d8d7d9a,0.07248764415156507,0.7631578947368421
0557b1363a5092b5811f,0.116,1.0
056ab41140f68c15db14,0.16793893129770993,1.0
058c03d945c4ae0978a0,0.45977011494252873,1.0
05e1c3ce1728da7e37e0,0.16556291390728478,0.9166666666666666
05e6d9723ab3cde0841d,0.07166666666666667,1.0
061db2c91f94c612f2d4,0.59375,1.0
06309f4c8785254f4c13,0.4810126582278481,1.0
06aff3e28c5db152f506,0.460431654676259,1.0
071685b292483b04e836,0.4878048780487805,1.0
074d7f43de7264306775,0.19811320754716982,0.9210526315789473
077d5c82c9ee5019220f,0.34782608695652173,1.0
07e3362d20ff4337671b,0.5,1.0
091554ffa26fc9b17c36,0.5733333333333334,1.0
09400a9b50b6c96c5510,0.313953488372093,1.0
098b2c66cbc1ed736e14,0.3235294117647059,1.0
0999173c045ee29a0b44,0.35714285714285715,1.0
09dfa3f18e48917f0242,0.138328530259366,1.0
09e4bfadd7e012c37c7c,0.3591549295774648,1.0
0a7f1a73361654329281,0.32786885245901637,1.0
0a8736f6520cea837d94,0.13782051282051283,1.0
0b02f701b1179f9f74f9,0.2360248447204969,1.0
0b16d35f1f39a063708a,0.1225,1.0
0b28c0a454678b75eefb,0.6385542168674698,1.0
0b307ee95b41e222f204,0.2994011976047904,1.0
0b828e1ae026c57b34dd,0.4431818181818182,1.0
0b8bea274b24847526b7,0.3627450980392157,0.9473684210526315
0bb8692f43a372e8d967,0.4715447154471545,1.0
0c57caf5358d30408034,0.20967741935483872,1.0
0c670262b3941d307600,0.2620689655172414,1.0
0c81ca27b7d931b6ff6e,0.1889400921658986,1.0
0d260d8fac2289c8ed9e,0.1780821917808219,1.0
0d4a3518a188f6888380,0.8181818181818182,1.0
0df40593e76a840fd64b,0.12322274881516587,1.0
0e062d9fa22dc8e3bca2,0.4634146341463415,1.0
0e804947f4cdc2721046,0.30985915492957744,1.0
0eb6eec8b4bee8ab6a44,0.2857142857142857,1.0
0ef8b2c9e039eaace596,0.25268817204301075,1.0
0f160cd19890b97092b9,0.3445378151260504,1.0
0f8bd9e33125347965a1,0.20652173913043478,1.0
0fc996fff93c00ca5ced,0.08754863813229571,1.0
0gfiioqi5g8djhh1wzol,0.2905405405405405,0.6666666666666666
0i1e50rz4mkhee97xvpo,0.22727272727272727,0.5405405405405406
0lgtv09uoh3ova8sjbze,0.18125,0.4864864864864865
0m2kzubx9r60wyrsjj7j,0.22,0.5675675675675675
0m8o7nuv982vnv3328qw,0.2890625,0.6842105263157895
0maggb1hf886m5u6p2vr,0.1910828025477707,0.6052631578947368
0qamadarf6xhm9pm2jta,0.25757575757575757,0.6111111111111112
0sgnvj4zfg3xjjb9fl6h,0.18518518518518517,0.5833333333333334
0txd5enpfmbrth46w74b,0.1937984496124031,0.4594594594594595
0z4mockl76xn8mhdaehw,0.174496644295302,0.5
1096bd470d3ddff1ec1c,0.203125,1.0
10de703c06bf9d873d68,0.37305699481865284,1.0
10qi28ikwz4c4v22b06i,0.3333333333333333,0.6857142857142857
117ee98c7f916c88ddbb,0.17592592592592593,1.0
119b36a5797d5ce69625,0.288135593220339,1.0
11dae4659d30031a10dd,0.2712765957446808,1.0
1202c731c612353ceef0,0.13712374581939799,1.0
1224ceafb61456a033d0,0.2682926829268293,1.0
12s3yomv0kltozc1qxc4,0.27848101265822783,0.6578947368421053
1329b6cf41debecda787,0.4485981308411215,1.0
132c90d4a027a4477ad0,0.29411764705882354,1.0
1367d35cf39783effa7a,0.1780821917808219,1.0
139429592a9c23c08b71,0.3888888888888889,1.0
1397545fbe9882e5cd42,0.2995169082125604,1.0
13de1d3a55477a0c0329,0.3111111111111111,1.0
13f8b8305f6c25c21921,0.0958904109589041,1.0
13nq2h723zixyhir01lf,0.2634730538922156,0.6842105263157895
151cd83784ab9007e8d8,0.19760479041916168,1.0
152a0c17daaaa4e65e14,0.2787878787878788,1.0
1552f58e2818ce7fa863,0.22596153846153846,1.0
15ab118362ecbbd03b52,0.36752136752136755,1.0
1629f353a742f6a73251,0.3865546218487395,1.0
166cb02ac436c9d3662f,0.08210526315789474,0.9736842105263158
16c505069c1e5c2bece5,0.6440677966101694,1.0
16d68f70cf5e52d0b34a,0.23853211009174313,1.0
170a695a2717bcd9b74b,0.15441176470588236,1.0
17656005bd4086137ab7,0.2582781456953642,1.0
17dda5f588bed077c742,0.3574144486692015,1.0
17e429460d5fda251953,0.12686567164179105,1.0
17f2d0e73044110cdea5,0.3120567375886525,1.0
18654732ca312afc173f,0.1939655172413793,1.0
1883af270e36a7580332,0.3464052287581699,1.0
18cdd44af62c6935e7a0,0.27734375,1.0
1974349ec27d7d67bf08,0.1843137254901961,1.0
19793e7e55b68c8dd776,0.29133858267716534,0.9473684210526315
19buea1jycypffshcw38,0.23776223776223776,0.6111111111111112
19fb3075dd2798538c9d,0.5131578947368421,1.0
19rc4zj7sw4ms0996992,0.23076923076923078,0.6666666666666666
1afepx549ssnar1m9acp,0.18543046357615894,0.6388888888888888
1b0baf552d2cd47ee10b,0.6551724137931034,1.0
1b25734414fcc7466153,0.16333333333333333,1.0
1b36a3223f9dd94a211f,0.22596153846153846,1.0
1bd9bb053a3ac1bba507,0.6705882352941176,1.0
1ca19e51244cdd3f09ff,0.4367816091954023,1.0
1cfe33c5b178a0c2367f,0.3277310924369748,1.0
1d50eac067378042684b,0.23577235772357724,1.0
1d7229e0f5f825007870,0.38317757009345793,1.0
1e25b47eaef62694a236,0.4351145038167939,1.0
1eekhswi2ckx4uw0j1c9,0.25170068027210885,0.6842105263157895
1f56b6bda24efafcf3a4,0.2358490566037736,1.0
1f67cb2e7affbb00b6c8,0.14166666666666666,1.0
1fa4f2361b8a03040292,0.25668449197860965,1.0
1fc5b87acdfc2a8b580c,0.3464566929133858,1.0
1feef8b4129f5bf21e67,0.4016393442622951,1.0
1hrtipd0awjpggdje5e2,0.23648648648648649,0.6176470588235294
1jzg1fpf08iiahfbdqc1,0.3076923076923077,0.6857142857142857
1kvfwfp2hr5hjxjxzjqd,0.2867132867132867,0.7297297297297297
1mp9yiw6rkrr3846047g,0.22556390977443608,0.6
1n42senfkcjopw1zh39l,0.11194029850746269,0.3783783783783784
1nebcwra7a0fduy8c1fa,0.18181818181818182,0.5675675675675675
1otvyki9oso9bg6ob16u,0.21621621621621623,0.5675675675675675
1t6e0wa99fijxi3ssnzk,0.3384615384615385,0.7352941176470589
1vb2vsoy23nr0monflhx,0.22377622377622378,0.6666666666666666
1wctsudkyal73r2xhycw,0.2932330827067669,0.6363636363636364
204a7d6db340a3c18ca7,0.7735849056603774,1.0
204fdbe885269686a392,0.2625,1.0
20f97b68982d1b2f5c73,0.14982578397212543,1.0
211ed39c57c6e6cdefbf,0.2822085889570552,1.0
2150588a5903d9a77b79,0.20304568527918782,1.0
217c87d59a4372c4f3fc,0.16115702479338842,1.0
219jkfkejubvu4dvuv13,0.25316455696202533,0.5675675675675675
21e23771e52cb5291b19,0.1079136690647482,1.0
21fc5674d24be8e9da89,0.7450980392156863,1.0
222d5ee50487a2b8601b,0.363013698630137,1.0
22ae866c664a147f9971,0.40860215053763443,1.0
22fey6dqzcrm0jbtfnmm,0.29936305732484075,0.7837837837837838
22wb5ostye8edvfar59p,0.20496894409937888,0.5405405405405406
23dd64a1d2e4965198bf,0.3883495145631068,1.0
23f1f5d3d90e2890a423,0.19844357976653695,1.0
23mn6b9vjnjy55hgo4au,0.26515151515151514,0.6216216216216216
24524df0ca55659c384e,0.30198019801980197,1.0
24ca7714d40e2fe53821,0.25333333333333335,0.972972972972973
25019b8f1c3ac537894b,0.3170731707317073,1.0
25c8e1ae2335e8c3e5b3,0.14583333333333334,1.0
264320c6b92b92795ba0,0.17937219730941703,1.0
27cc9165eef05eb1733f,0.39805825242718446,1.0
2826ec26211d83efd2c6,0.26785714285714285,1.0
2842c82981077b78b3cd,0.13043478260869565,1.0
28719a42e0cbf4991b7f,0.2824858757062147,1.0
28bc8af257c48eac3bf1,0.4,1.0
28d90a892cc66338f962,0.19704433497536947,1.0
28tmrs0kyrrh1odyvf21,0.25157232704402516,0.6756756756756757
29172d2e39ca0d890848,0.4329896907216495,1.0
2933a3227c7ce7fe21eb,0.3684210526315789,0.9428571428571428
2959d8017312337a2ba6,0.11959287531806616,1.0
29acddb87cfe062d73f5,0.2568306010928962,1.0
2a003b122e9500e465c4,0.2670807453416149,1.0
2a515047aa9d085849a2,0.19112627986348124,1.0
2a6ap0t2rsvoogmydj3a,0.20279720279720279,0.4864864864864865
2af634997fba501740c2,0.23036649214659685,1.0
2b54ed4af8281eb82f58,0.21787709497206703,1.0
2b935bfe06ef02369807,0.42391304347826086,1.0
2b9ef4e3749f713870b0,0.21212121212121213,0.9736842105263158
2c3b89432513b2035664,0.47619047619047616,1.0
2c6339f7c23a64d02081,0.384,1.0
2ccfa5f79c8b61e465d4,0.24290220820189273,1.0
2d526c27123e59103e29,0.10482180293501048,1.0
2db6dd71f1d07300382c,0.5125,1.0
2ddkknvpbz2j9wlvybtj,0.2937062937062937,0.7368421052631579
2e2c00240c341a4265e3,0.32575757575757575,1.0
2e3e7cbe0e69add8d31a,0.5666666666666667,0.9714285714285714
2e40c1b07d32d3b80862,0.16317991631799164,1.0
2e54b1c7bff5847c82a8,0.1900647948164147,1.0
2ea821273e01ec758583,0.21739130434782608,1.0
2ecb7fb5ff8899614c12,0.23076923076923078,1.0
2egpenarap9h0a2k0bc5,0.23943661971830985,0.6666666666666666
2f3c37735e817244e646,0.40384615384615385,1.0
2f3ef424b925a9881b81,0.2777777777777778,1.0
2fe9648ea28753c73c2c,0.16535433070866143,1.0
2h9c9tdsnoz1hyzo5frt,0.2549019607843137,0.631578947368421
2jvnsh0veb6qnn3uv6i8,0.3356164383561644,0.7777777777777778
2krjeqjgjqfuumdo3ibt,0.2624113475177305,0.6388888888888888
2ui63dibc4r8oo0p9agh,0.23684210526315788,0.6285714285714286
2uxkhe454qk8jvk0ufvp,0.36923076923076925,0.7567567567567568
2xsbkm76x36qvddrl2yo,0.2898550724637681,0.6944444444444444
2zfdinkl7qrn0o62tlp4,0.26515151515151514,0.6470588235294118
301f57984e5d2969c938,0.2945205479452055,1.0
306627b1ecbdf4e3aa34,0.2375,0.9473684210526315
3094825929f936abb792,0.4068627450980392,1.0
311abc37a94ae8afe41a,0.3355263157894737,1.0
31741464205aa8cdb4f5,0.3181818181818182,1.0
3267b84814316e2fa25e,0.23493975903614459,1.0
329622100fe091a4c48c,0.16820276497695852,1.0
32n93dfesjggabieb85t,0.31125827814569534,0.75
3313c40ea45a87f9d2e7,0.46017699115044247,1.0
33184c1cba6a37cdbda2,0.09592326139088729,1.0
33b73273ab8e1a11fcda,0.46987951807228917,1.0
33c123d08dc07edb50f9,0.5671641791044776,1.0
33ddb1517601db520cd6,0.31297709923664124,1.0
34aaaa47df8c4aa4d926,0.17427385892116182,1.0
34qcy2qj5lij7g82hpvw,0.17123287671232876,0.5263157894736842
3531c5f9d520759ba697,0.19262295081967212,1.0
3555053023c67d592439,0.38095238095238093,1.0
3565d61f3efec69e611c,0.49382716049382713,1.0
359f25d9131a0699405b,0.24691358024691357,1.0
35e028ec34bfdb7a6d26,0.27388535031847133,1.0
35wcdp4s13xmtyq5f7os,0.3103448275862069,0.7222222222222222
360820d6620d17d1b48b,0.20068027210884354,1.0
3672e2896ad7d8f2404e,0.39622641509433965,1.0
367c27a001837dabb2e9,0.3125,0.9736842105263158
36ebf305b7206112f676,0.27932960893854747,0.9736842105263158
374ff25490a1f0aba47f,0.31840796019900497,1.0
37905cfdcd105683aaf4,0.3194444444444444,1.0
37ae91c472189108a737,0.4270833333333333,1.0
37f3b3d773c5c073bc9a,0.3644859813084112,1.0
38357be0ab369a9ae942,0.40298507462686567,1.0
388090578f22a3c33738,0.4105263157894737,1.0
390d1fc3b78420815190,0.18269230769230768,1.0
3919286d3d8c4f4d339c,0.22277227722772278,1.0
3a9d955e2ef47191a742,0.24413145539906103,1.0
3ab864e1e692786fefd2,0.30303030303030304,1.0
3ac65fbc295f5fbd2ff7,0.3577981651376147,1.0
3b3b2319b0995f149ecc,0.20161290322580644,1.0
3b6f3bb370f3107e257d,0.7450980392156863,1.0
3ba42ec5350aacb0750a,0.13903743315508021,1.0
3bf7b3c9aa7d93ecb603,0.1836734693877551,1.0
3c1b9222136b752563f6,0.5616438356164384,1.0
3c37e3ad275dcdd39e2c,0.23383084577114427,1.0
3c71b62d597098c4cd18,0.4368932038834951,1.0
3c89c7f1db26ae691db8,0.14248704663212436,1.0
3cic5ziycjx4ik4ll0v1,0.2905405405405405,0.7222222222222222
3d63ba961a5f3a60616a,0.40186915887850466,1.0
3dba043eb6065ad3a343,0.2,1.0
3dglsy7ee3ytfq1lpwlv,0.22839506172839505,0.6756756756756757
3f34e3108d1108dab0fd,0.5844155844155844,1.0
3f55d44d7572d52b2987,0.46808510638297873,1.0
3f81bf9625e47ca1963f,0.3308270676691729,1.0
3fee5c27236cbb682727,0.3445378151260504,1.0
3ff069e95a9047dbfa8b,0.3004115226337449,1.0
3iz4t53ooerb6sruxf3n,0.35714285714285715,0.7352941176470589
3j2vbe9wnsfu4lpkyne4,0.2138364779874214,0.5945945945945946
3lbe8ny12qw7qwcyihpn,0.2692307692307692,0.6666666666666666
3m4gx52iq3mwqdycm8mm,0.29375,0.8611111111111112
3p34idi1traz2k8j0ulk,0.25333333333333335,0.7368421052631579
3pmmf04ujwm9fuffa0ss,0.15447154471544716,0.4166666666666667
3qvqfnzdg358mord1cku,0.3053435114503817,0.6842105263157895
3sc0054rs9ik2p3l3zzr,0.2634730538922156,0.6578947368421053
3w0b2b1gz9i1nhmtab7s,0.2827586206896552,0.6756756756756757
3ywgcurp27qp1fydp27z,0.275,0.7222222222222222
40eb36011ced9a882ea9,0.5042016806722689,1.0
41126caf1874c098d357,0.4148148148148148,1.0
4130weedl0x9hc7qe5a4,0.19480519480519481,0.5675675675675675
413cbf664ac3ba8307ea,0.2556053811659193,1.0
4156dc6090d72c95c23b,0.5,1.0
418f4730434eaced55a2,0.5416666666666666,1.0
41abb1b9df74d29b7732,0.4,1.0
41e9ff991a4a21f423a8,0.3885350318471338,1.0
41f718ae2aed1d6c2573,0.33620689655172414,0.9473684210526315
424de2c5e2c1f5652cdc,0.20689655172413793,1.0
42dd5f9cd9e2c3ac9ed7,0.2716049382716049,1.0
42e83553ca9d77ab4aee,0.3373493975903614,1.0
430420fb41fe0a889868,0.17716535433070865,1.0
432fd26823e230070734,0.140893470790378,1.0
4388d48ebff4cf866ecd,0.2826086956521739,0.6944444444444444
43d34a076620e32fedfa,0.2412280701754386,1.0
43d98a750c726bb39d11,0.35766423357664234,1.0
446d2ad0ca2908ffa4f9,0.6451612903225806,1.0
4474f24ef69e01e2c001,0.2073170731707317,0.9285714285714286
4478eae73fb84cedb102,0.15498154981549817,1.0
44c7cf3881ae07f7fb3e,0.31176470588235294,1.0
44x159fl0pw2uucriuga,0.2789115646258503,0.6578947368421053
451b0095938a3c54efc4,0.35,1.0
453d43b3f6bdf467e672,0.28413284132841327,1.0
454c91e8f96c1dc4e994,0.1634980988593156,1.0
45b6cc87a7e957f83027,0.39751552795031053,1.0
460fa4961434cf281423,0.22988505747126436,1.0
46a60ed041c8ebf98061,0.4883720930232558,1.0
46a7a18ca160c829a15f,0.13725490196078433,1.0
46e2d5243b6eef040f97,0.39215686274509803,1.0
4738a118c8b8fa271fd6,0.3722627737226277,1.0
47b08a7751ab609be9e5,0.3838383838383838,1.0
47eeab842793b09300c3,0.29605263157894735,0.9473684210526315
47vclaej1xmb0rc8kgka,0.22818791946308725,0.631578947368421
4884f3bdc068ef01e042,0.1523545706371191,1.0
488934d01a504bc212b4,0.3007518796992481,1.0
488fc49e8fccd665c3e2,0.08878504672897196,1.0
48a71a6a5a15e31084e3,0.35294117647058826,1.0
48a96425072cefa0dc69,0.2746478873239437,1.0
48ad93c227abfa9542aa,0.22727272727272727,1.0
490bhm7of35x1ixmdp9v,0.25,0.6486486486486487
498121d2486259ef1b3a,0.21367521367521367,1.0
49a91a4dce6838ffcbcd,0.33505154639175255,1.0
49b95110a8c59f6b6c58,0.15406976744186046,1.0
49ef48443e09f8be12f6,0.33613445378151263,1.0
4a0890c15c26984c191f,0.22641509433962265,1.0
4a6e1cf1e4e9d8f54717,0.6666666666666666,1.0
4a7f53c0a376edadf38a,0.16141732283464566,1.0
4acutl013itvh9va99p7,0.32558139534883723,0.6764705882352942
4atjmlccken75lck9ffp,0.23529411764705882,0.6470588235294118
4bceaffe5e429ed3333b,0.475,1.0
4bq1kdgygbtif8w80s5y,0.18705035971223022,0.4864864864864865
4c26df96293b4a52bc03,0.26174496644295303,1.0
4c79be630ae9d3db6aaf,0.1443661971830986,1.0
4c90f16c0fcd85d3de25,0.11197916666666667,1.0
4ca5c8ea55be09213d14,0.3333333333333333,1.0
4cb96f0d9108066442a8,0.39090909090909093,1.0
4cc0dc56eecea1d928d1,0.3128834355828221,1.0
4cmc1clqeje7atfrg4db,0.2357142857142857,0.5833333333333334
4dfdfa5e1a04c832b9b4,0.26903553299492383,1.0
4e4bb1f26e34ca0a13dc,0.273972602739726,1.0
4e508744a9816cc4586a,0.4691358024691358,1.0
4e768251c78b687fa993,0.18992248062015504,1.0
4edfd2e1b7c5c5d1d384,0.44155844155844154,0.8611111111111112
4erna0vkk9gu5umle1se,0.31297709923664124,0.7352941176470589
4ewf46mylf75olvvihqj,0.24444444444444444,0.6111111111111112
4fl8e5s0nf65bm2m34f0,0.28776978417266186,0.6486486486486487
4glo109mkgy7azntyttp,0.3181818181818182,0.75
4i0t5tq7o78lvc1zglgr,0.18548387096774194,0.5142857142857142
4nun1ah7qw10q705a2aq,0.2978723404255319,0.6666666666666666
4oqxw56hzk4fk8aqh3e0,0.22857142857142856,0.6756756756756757
4v5xbvn3yhmvs97477pc,0.26666666666666666,0.5405405405405406
4v8jwi9ynwjob7t67edm,0.24615384615384617,0.5675675675675675
4vnvytgnlmv4jbfw9h3t,0.3153846153846154,0.7027027027027027
4x441h9y6wzknmtdw7q4,0.2789115646258503,0.6571428571428571
4xh67ezjc331pg9q3kfv,0.23841059602649006,0.6
4y1vvkscejq34042oag4,0.24806201550387597,0.5428571428571428
504278569f7c6dff25e3,0.6794871794871795,1.0
50673b01fd2b0c765572,0.2694300518134715,1.0
50fec4ca4283ad18c000,0.43333333333333335,1.0
510a90cd169e2eb042ab,0.1016597510373444,1.0
522837ace4fd8dd743f2,0.07954545454545454,1.0
52a24e35d5356ab34a2e,0.25252525252525254,1.0
52d965ebf3ec0518bc0f,0.43333333333333335,1.0
52f1bca9ac9c792e4457,0.25165562913907286,1.0
52f4899e918b57df28da,0.42857142857142855,1.0
533bc4c6716035e694ac,0.21904761904761905,1.0
539911ee11c1b2aaeb88,0.2909090909090909,1.0
53d51965c40a54cff1a0,0.4322033898305085,1.0
54342435561e775ce97f,0.19291338582677164,1.0
545eb6c8154273344669,0.233502538071066,1.0
5479f88afb95288d6392,0.3577981651376147,1.0
54826f4abf592713d585,0.3225806451612903,1.0
54f91ccb08cbece520da,0.2662337662337662,1.0
552365f82674884bcaaa,0.547945205479452,1.0
553l2g7kpifbvn82knxk,0.3310344827586207,0.8055555555555556
55a47a152d359522e38d,0.22897196261682243,1.0
57709f904b1cc9ec60b1,0.21,1.0
57c33a6126c456c5ada8,0.25190839694656486,0.8421052631578947
57f84519c468df122d69,0.3474576271186441,1.0
57lp5aje49glffj2mavj,0.26865671641791045,0.7777777777777778
580e98185da72b5f34cd,0.12813370473537605,1.0
58n0dsxyyqnriomw67id,0.28859060402684567,0.7222222222222222
58widcj6smafuwyqxw2m,0.3333333333333333,0.7714285714285715
5914db0d4427b322e8af,0.15217391304347827,0.9047619047619048
5963ba5cd9d242a00e22,0.2468354430379747,1.0
59bybxqvhton27u0jtfm,0.19852941176470587,0.5833333333333334
5a44a7c59729d41d596a,0.3938053097345133,0.9736842105263158
5a8cce5abee961fc77f3,0.3360655737704918,1.0
5abcc9d4fb5e764b2f6f,0.19066147859922178,0.8947368421052632
5ada57d72f07c3803d33,0.30434782608695654,1.0
5b5ef66e547d63806a56,0.13125,1.0
5bdad002590327215ae0,0.5287356321839081,1.0
5be7405ad4ae9d9a2853,0.3107344632768362,0.8947368421052632
5bv3jsp9s9e00dmfn4yz,0.3333333333333333,0.7027027027027027
5c33bb784bb99763ed74,0.3235294117647059,1.0
5c83f4ed6601ddf1a6fa,0.34545454545454546,1.0
5cda8273b348fbda9f29,0.23048327137546468,1.0
5cvh2l8k7xnsm53a53hq,0.25384615384615383,0.6
5d16326e4577a67d94c6,0.3087248322147651,1.0
5d2379fb72082166dee3,0.32592592592592595,1.0
5d580a610c7f8114eb5c,0.449438202247191,1.0
5d89810b20079366fcc2,0.6290322580645161,1.0
5dmn9cwdf4l1snqfjw1p,0.24390243902439024,0.6
5e12a0421c20717035cb,0.12105263157894737,1.0
5e29473eb1e80fde79a0,0.19083969465648856,1.0
5e89fad73b2ada2a30bf,0.2621951219512195,1.0
5ez4c53h3kdamnlvkpna,0.26618705035971224,0.5675675675675675
5f55600069b483f999f5,0.13651877133105803,1.0
5f7b406b2bbf9789735f,0.39814814814814814,1.0
5f8d87412f69e3d9fb13,0.5588235294117647,1.0
5faa3d19e595ab735fda,0.26063829787234044,1.0
5fbaf8a0f524358778bb,0.3353658536585366,1.0
5gs9643ghg39gpkgi3e5,0.18518518518518517,0.4722222222222222
5jxldd3plo4x6oq140l5,0.2625,0.7142857142857143
5kqtdcvyt7rgqdoextw8,0.2714285714285714,0.7222222222222222
5mrih4nj5agvu67vao4m,0.3383458646616541,0.7105263157894737
5qfsd40k8fv54hc102p2,0.3023255813953488,0.7027027027027027
5slhcx7pnjhcmlbfffu6,0.2676056338028169,0.6486486486486487
6002b9ec0f4ad0b281cf,0.3223684210526316,1.0
60c3549c706fe13322ce,0.2689655172413793,1.0
6106e5232ac32bc22d1d,0.21674876847290642,1.0
61de1e21015e07aacbe8,0.27191011235955054,1.0
62156eada978f707f5d2,0.45,1.0
6273f50d9a0b4e6d971c,0.38392857142857145,1.0
628bztd9ybuth5efk7nw,0.3176470588235294,0.8055555555555556
62a877b83219f7974fd0,0.7735849056603774,1.0
62olkigg7ntlaf6fzytl,0.348993288590604,0.8378378378378378
6314d7cbc465e29f357c,0.3828125,1.0
63aded37545ab92d41d4,0.19298245614035087,1.0
63c38a00d97e62c31e08,0.2054794520547945,1.0
63eef37311aaac915a45,0.12025316455696203,1.0
63ff3dff3eb31d62ab3e,0.20444444444444446,1.0
6486c0664d217470d126,0.4418604651162791,1.0
6496d6268092ef8e7e9d,0.1990521327014218,1.0
64d1d58d40bca568347c,0.3533834586466165,1.0
64d65eddd629b80922f1,0.8947368421052632,0.8947368421052632
6569uz69or21mbcejw25,0.2231404958677686,0.5294117647058824
65pjnae3qrygsy0t42jg,0.3037037037037037,0.7368421052631579
6604efc6fd93e070f40a,0.3584905660377358,1.0
66d7c0bdb21b7d5bd83d,0.11145038167938931,1.0
66f99grd556eyxjqk7pz,0.22151898734177214,0.6216216216216216
67456512891f96cc0fc3,0.40404040404040403,1.0
67f8d47cfb7b7b3d2095,0.14022140221402213,1.0
6837091518a3524730fb,0.2064676616915423,1.0
687ndz7mxhpv3gg91ie2,0.2773722627737226,0.6756756756756757
68c45e933c2dc939e7c9,0.20930232558139536,1.0
6923e581d76689cb57a1,0.27450980392156865,1.0
6964a3d507ac1ecf9e52,0.11058823529411765,1.0
69a4b3d15a5bf0d0e43e,0.23563218390804597,0.8421052631578947
69ae85efb03510241445,0.27972027972027974,1.0
6a62f52203bda35656be,0.10684931506849316,1.0
6ab4994b59925a6d1bba,0.1384928716904277,1.0
6abeead45fd57abadaff,0.3312883435582822,1.0
6ae7d356ba998218af82,0.4936708860759494,0.9736842105263158
6b0cc09c9daf2966d1a7,0.17295597484276728,1.0
6b22922bfe081d68c7a6,0.2724358974358974,1.0
6b9ee688551136da2eb9,0.31932773109243695,1.0
6cbcdec2dffbcf09a91a,0.6964285714285714,1.0
6cxj0lsinp9d7215gtpe,0.29518072289156627,0.7105263157894737
6d22912e7e93a96a8690,0.7090909090909091,1.0
6d35a9a33338a84dd077,0.19469026548672566,1.0
6d90c2fd38f2ea52ffd8,0.432258064516129,1.0
6dx4zt62b8m37krb5l3n,0.29559748427672955,0.8378378378378378
6e7d56f652020f046204,0.3037974683544304,1.0
6e8118d5ad3c7093b869,0.33695652173913043,1.0
6efd353d32bd3d908b23,0.32592592592592595,1.0
6fc66606e74242398444,0.18456375838926176,1.0
6fe309a58b787e7010eb,0.13523131672597866,1.0
6fefd33cf297f69bcae3,0.10602409638554217,1.0
6g7c63m95z8acd3vx5ct,0.21052631578947367,0.5135135135135135
6iag08nt7se7f2hkgzx4,0.2746478873239437,0.6857142857142857
6ixkthdoadcwip3r1sy2,0.24161073825503357,0.6944444444444444
6o68qswzkvrrtbiz6bzr,0.25,0.7631578947368421
6tq9irjllweqmqe4u7sf,0.2543859649122807,0.5675675675675675
6wrt24mg5gnuu8bre1y9,0.2361111111111111,0.5135135135135135
700915d303cc358e662a,0.37410071942446044,1.0
701a989d65a59c18845b,0.2662337662337662,1.0
7086b49d3d6c2cf79c1a,0.38016528925619836,1.0
70ym0xeqaqmx14dv6myx,0.19718309859154928,0.5135135135135135
71ca74e191e71b0219b5,0.46601941747572817,0.9444444444444444
71d0a8156e59c4dcedfd,0.6,0.8947368421052632
71f6622e7caa6ed92506,0.415929203539823,1.0
7207088b2ef28ff6b669,0.336283185840708,0.9722222222222222
728a4a393899c37a5429,0.5277777777777778,1.0
72b4334deffff31dea8b,0.2608695652173913,1.0
72d383f55803c5a81bd6,0.3333333333333333,1.0
72fbfd24cdff0454a0e2,0.24848484848484848,1.0
7380885aaba482170588,0.36363636363636365,1.0
73ae359d8e93d41ae4ff,0.5102040816326531,1.0
74137c4db75be61c10fa,0.14285714285714285,1.0
744e7141564ed216b812,0.6290322580645161,1.0
749fec50db4020e9bfcc,0.3170731707317073,0.972972972972973
74e22a3421e605061ef1,0.15555555555555556,1.0
74g1r714u01v7nb4vn8w,0.21710526315789475,0.5675675675675675
75097aa30e9373a612c7,0.25510204081632654,1.0
7509bbe0d23fe15928ba,0.2805755395683453,0.9210526315789473
758a52e21fd5c23cd7ed,0.3493150684931507,0.9736842105263158
75a72c46b8271a57fba6,0.5060240963855421,1.0
75c2677c8d156032e303,0.12688172043010754,1.0
75dcc10ba89fd0c25d50,0.23923444976076555,1.0
75e30b71e38030454877,0.25133689839572193,1.0
76366e9c264169b2bae1,0.27722772277227725,1.0
766836b5f30556e81da4,0.4,1.0
767e222eeb367b2b010f,0.12082262210796915,1.0
768c216e172762b85899,0.17647058823529413,0.9142857142857143
7694d71417c2f5202940,0.288135593220339,0.9473684210526315
76a2f2705490042bb8cb,0.5054945054945055,1.0
76fe2c19fa84d58b584b,0.16129032258064516,1.0
7742559d8e833fbcd326,0.20168067226890757,1.0
781f69b185122bfaddca,0.33043478260869563,1.0
78e6c80ea8dc73ec747d,0.6666666666666666,1.0
78uyv6k6u49krocgtkzu,0.24113475177304963,0.6388888888888888
798ff22d126a0f8034ff,0.3611111111111111,1.0
79cvflltnemb9zpg6pgl,0.18055555555555555,0.5526315789473685
79ea7a2f63285f2fe26b,0.3783783783783784,1.0
79fdbcf16db75f75383a,0.25806451612903225,1.0
7a600fb7e3750998e7ae,0.37142857142857144,1.0
7ab9a2516b2dba99c36c,0.5285714285714286,0.9166666666666666
7ae6jy1vw15ppmnq6sba,0.17293233082706766,0.5135135135135135
7agicm1atkhpdu12y95z,0.28368794326241137,0.7105263157894737
7b1d65c8c7637c14d9f2,0.32231404958677684,1.0
7bb37669654dedc7e397,0.33098591549295775,1.0
7bfbef4127aeec4b344e,0.20863309352517986,1.0
7c1d8516e6c2ab2d3030,0.5529411764705883,1.0
7c27b1482db039a6eee9,0.48717948717948717,1.0
7c2qxvccum7f93e8ohgt,0.28859060402684567,0.7567567567567568
7c3fa9ed66d940d49692,0.17857142857142858,1.0
7d882daa0b4d418d1d0c,0.3422818791946309,1.0
7ddzwidmh4uwbopvlast,0.2222222222222222,0.6216216216216216
7ec5fc60b1ce755e0e17,0.403030303030303,1.0
7eeq2weegodhsqj7bxc2,0.34415584415584416,0.7631578947368421
7f1c076b22be73eef99b,0.20388349514563106,1.0
7f58862bfed16feedfd6,0.4418604651162791,1.0
7f91b4ad141d21887b79,0.18220338983050846,1.0
7ffc1d4e5026fc5195ea,0.49473684210526314,1.0
7iulsxm22wz4v82hgb2g,0.22448979591836735,0.631578947368421
7n0vh1m7hm3g0v8ggv7v,0.22448979591836735,0.5833333333333334
7r0ywonplo8up7m35eav,0.29365079365079366,0.6
7rzwry01x1n79a7rw5va,0.2222222222222222,0.6285714285714286
7ssihtyt72rzukfci0o1,0.22058823529411764,0.6578947368421053
7tgwr4y5vwq4rojo38ot,0.2734375,0.5675675675675675
800d0095388d11344b78,0.2926829268292683,0.868421052631579
80423084979315c20dbf,0.18719211822660098,1.0
8068144149e4ba65ef38,0.1519434628975265,1.0
80xvovy2zizaj5kr0va5,0.23129251700680273,0.5526315789473685
81931021ce711e124d0b,0.14366197183098592,1.0
81c441973fd4e024d60a,0.19745222929936307,1.0
81c4c46f19cb21d54bbb,0.3486238532110092,1.0
81e59e96ce9bd6a76bdb,0.3357142857142857,1.0
8242b99ad9d6609fd19c,0.5277777777777778,0.9736842105263158
82da6d26645f8f71bd61,0.5,1.0
83b54209fa2b1055369b,0.2541436464088398,1.0
83bf9b0424c17c9e13e7,0.4772727272727273,1.0
84146496b8d6256d6982,0.7307692307692307,1.0
84e8300978b600b5f0ba,0.3227848101265823,1.0
84f116e542feb4ff69c0,0.3064516129032258,0.8918918918918919
852687af72e9ee38fb42,0.7037037037037037,1.0
854ce9f7f4d7b6115854,0.4625,1.0
855b21869c4fdbed8047,0.5588235294117647,1.0
8596e232b0d863cd3130,0.38461538461538464,1.0
86215294b080f19af22f,0.2145922746781116,1.0
86366c9920186cc4d1a3,0.21212121212121213,1.0
869eacc999a52155ed53,0.24324324324324326,1.0
8711049a2e0ef13bb10c,0.5797101449275363,1.0
875704a45c0214c68eae,0.2222222222222222,1.0
876aca2b8ce1958ea773,0.09320388349514563,1.0
8777bd09f180d330b147,0.18099547511312217,1.0
87aa4503451b6a77b2b7,0.33587786259541985,1.0
882ccee198e25b49b30d,0.06929510155316607,1.0
8979427badebb9e2bd10,0.3153846153846154,1.0
897f6d3de550ebf68384,0.3493150684931507,1.0
89af2669cc93dc97f545,0.21578947368421053,1.0
8a45d6748ec853f7694c,0.2074468085106383,1.0
8a9f3822aaa08e579e4f,0.30578512396694213,0.9736842105263158
8ajv97zyciosc57q0cng,0.2848101265822785,0.7567567567567568
8b1fbc97391699e46cef,0.0967741935483871,1.0
8b586d8b9c06414b2487,0.1636904761904762,1.0
8b6d1125760bd3939b6e,0.5066666666666667,1.0
8bece93f0b270602e64f,0.34558823529411764,1.0
8bf3625652581859dcd1,0.25,1.0
8bj43lrpbsn3smxxn3xn,0.24369747899159663,0.4722222222222222
8ca890875272aede0af5,0.30708661417322836,1.0
8cdbc02c05d6ebafa9eb,0.5232558139534884,1.0
8cvzwcc62ql4rqj0pyzl,0.2535211267605634,0.7222222222222222
8d422b817027d7721870,0.4,1.0
8d93485dc6a4b2a9f03f,0.43023255813953487,0.9473684210526315
8e1012c9f4775ba6a451,0.07827788649706457,0.972972972972973
8e25bcfa51d165f162f6,0.49382716049382713,1.0
8ee4fdce37fceab5620a,0.6461538461538462,1.0
8f1ddd99ac8c59bbd788,0.3409090909090909,1.0
8f477d2c60ec76ce22b7,0.3076923076923077,1.0
8f81bd9cbc5471ebfc60,0.16842105263157894,1.0
8f98bfcea1b9f0dba97e,0.4782608695652174,1.0
8f9ecba976a15fa5d900,0.23728813559322035,1.0
8fb30cb5c7ad360c995f,0.14659685863874344,1.0
8fe25991951e1f37568b,0.3381294964028777,1.0
8ivuhc6n7pr63b39dupt,0.2905405405405405,0.7222222222222222
8jo5o2abn697lg482k0e,0.25,0.6111111111111112
8kvpozl8kjupzd4yvwbv,0.16153846153846155,0.47368421052631576
8l44g9ws39dgfe4os5d8,0.35947712418300654,0.8
8urc1lsyw615q5prnxwh,0.24096385542168675,0.6842105263157895
8wkyo305dh8esq6eop37,0.302158273381295,0.5789473684210527
8wnv6qj0ldurx7px1177,0.2826086956521739,0.7142857142857143
906ffe092972df38360a,0.42574257425742573,1.0
90f3fbedfce50f644011,0.08382066276803118,1.0
90z3slav21r61p88ksba,0.20496894409937888,0.5789473684210527
9104b8987aefa9d8e884,0.41904761904761906,1.0
912794ea0c6936c83ce2,0.16883116883116883,1.0
91439fcb2590c49dd20d,0.38461538461538464,1.0
914f82268754cbf71a54,0.37142857142857144,1.0
915813ad1b5f1bbe2d6e,0.5121951219512195,1.0
918236b530adbe510201,0.3034825870646766,1.0
919b6f74756bdb77edab,0.3275862068965517,1.0
91ybnlkli8x332l13rrk,0.17647058823529413,0.5405405405405406
9294393fcd13593bc537,0.27419354838709675,1.0
9369995cb6743cb69182,0.31932773109243695,1.0
93c2f240de504736b8d0,0.3305785123966942,1.0
93f200d7351d4980fec6,0.24742268041237114,1.0
93f451c36b535d39003d,0.5806451612903226,0.9473684210526315
93iq4xjhvlc8072fsfet,0.26811594202898553,0.6756756756756757
94066a900026329cd5cd,0.1773049645390071,1.0
9417c1b4c24e428984bc,0.12398921832884097,1.0
94752e120f6bb6178ad5,0.3333333333333333,0.9736842105263158
9493dac6dc982d2b3dbe,0.09647058823529411,1.0
94a770d27cae58950a5b,0.3697478991596639,1.0
951678e2f3db4cd9911d,0.4482758620689655,1.0
951d2aca1b8a1c336908,0.20987654320987653,1.0
951eea03695f436017d3,0.43820224719101125,0.9736842105263158
952e59666bdde6dad94c,0.18012422360248448,1.0
953123cfe1c275e6d8a9,0.27941176470588236,1.0
95889f5d20e344714084,0.19047619047619047,1.0
95i3ttsko6c6ol53ebql,0.18110236220472442,0.5294117647058824
960bf72352d4f58ad083,0.25301204819277107,1.0
96c23b85b0b4ffdc3cae,0.31451612903225806,1.0
96dc0554852b5a94a400,0.27586206896551724,1.0
9723ceb0cf2dca42c118,0.20297029702970298,1.0
97442da123c449f6a146,0.29285714285714287,1.0
977ece9de941d85308ac,0.23394495412844038,1.0
9795edf22e930bc30fa4,0.14588859416445624,1.0
981cf48df067d975675b,0.20098039215686275,1.0
98be3476791a8df7e937,0.22181818181818183,1.0
98e10f84d94623f8b39e,0.125,0.8421052631578947
9952cc289c9f690621ec,0.4823529411764706,1.0
99a53846658ba3341de6,0.325,1.0
99d6b8a1cc0020112951,0.2777777777777778,1.0
99dj4o3b2f6m4jemke7d,0.3058823529411765,0.8108108108108109
9a25hcbd3mhgaj0fyelo,0.2867647058823529,0.7272727272727273
9a630f9e9f4ec26d8fcd,0.3046875,1.0
9ad512cc6cbd79aa81c7,0.41346153846153844,1.0
9b0guld0vdm0ggmmfb8k,0.3203125,0.6571428571428571
9b1c065069dbb7a71617,0.14393939393939395,1.0
9b43f5fcb5d592a689af,0.2864583333333333,1.0
9be4ba08415daa1ee6fe,0.40425531914893614,1.0
9btb3ax7qaitktvbvn8g,0.2206896551724138,0.5428571428571428
9c2b85496091fd7f66d4,0.14376996805111822,1.0
9c39551b2cbe4f0c6d03,0.23952095808383234,1.0
9c48779f6e97be993771,0.2663316582914573,1.0
9d02a160cd171c5f4c18,0.27564102564102566,1.0
9d030ebc092b353b9906,0.325,1.0
9dbg3fyz4qnj7x9qug6x,0.26973684210526316,0.6944444444444444
9e4c54a008ee874fc270,0.2781456953642384,1.0
9e7bdc44129bf5acc196,0.22950819672131148,1.0
9ea29e4a747ea4a7c70a,0.19784172661870503,1.0
9ee3e6df01c7cc22d066,0.14982578397212543,1.0
9ee4ff457095eaf23309,0.1934156378600823,1.0
9ef8a5baccebc3841cb2,0.5733333333333334,1.0
9f447b50d5788f7b4d0a,0.358974358974359,1.0
9lfh7vk4u8eh6zz1dmvp,0.23255813953488372,0.5675675675675675
9llibjm0o9fjr5maydvm,0.2926829268292683,0.7272727272727273
9nfrfi8p7oktnfr9c30b,0.16455696202531644,0.5263157894736842
9npnusbksscam12fc4ut,0.2978723404255319,0.7105263157894737
9trgand057juzal1kecf,0.3469387755102041,0.8108108108108109
9wax6sfj9cuqbbxc95om,0.26666666666666666,0.6111111111111112
a05da04117e032cb4977,0.3609022556390977,1.0
a06fdb8743c4d4ef09fe,0.41284403669724773,1.0
a0973be15e5e7116f121,0.35537190082644626,1.0
a0a1991396f865c9e3dc,0.13062098501070663,1.0
a0b36e07079573966740,0.7450980392156863,1.0
a0fa57995e3e8cdcc13a,0.28793774319066145,1.0
a108f1103f798c85d061,0.9318181818181818,0.9736842105263158
a11b89c60677835e450c,0.4807692307692308,1.0
a12c27630a75f6a4a64a,0.22790697674418606,1.0
a14b9aa97f66fc82ede3,0.29473684210526313,1.0
a1d00fdd7660b7e88077,0.3106060606060606,1.0
a1ed24a77c97b05064ef,0.2903225806451613,0.8947368421052632
a1fa76b5d99a411d6649,0.34285714285714286,1.0
a2b5174e55754addcd68,0.3409090909090909,1.0
a30afe3tftu3pgsdxxdq,0.17355371900826447,0.4857142857142857
a337d5368b0d110803b1,0.4878048780487805,1.0
a34fbbb7d9a19eb82450,0.3524590163934426,1.0
a3a0e2129e405aef3d87,0.475,1.0
a3c8ab369e2e928ed523,0.6551724137931034,1.0
a3cd849a5a8d682e18db,0.3504273504273504,1.0
a4bfb84ab74e59389e7a,0.16199376947040497,1.0
a55511198784610bf30b,0.2702702702702703,1.0
a5966200ae4d58200438,0.3472222222222222,1.0
a5c03c57b0930cb5c2ac,0.6129032258064516,1.0
a624e4f6e0a8f026cba9,0.5108695652173914,1.0
a7fc1ba478db11fde063,0.4875,1.0
a8350dcececa0b02dd14,0.25654450261780104,1.0
a856f10303ba34926fdd,0.2932330827067669,1.0
a867295d48d4b4134903,0.176056338028169,1.0
a87767892344a954c746,0.24087591240875914,1.0
a8846b79555746e4f9df,0.5757575757575758,1.0
a8eea517e36b20757b2e,0.2028985507246377,0.8421052631578947
a94a32ebd5f7d177053a,0.23834196891191708,1.0
a9554f5c3d61d05617e1,0.2634730538922156,1.0
a959b7dd7f65365313a4,0.10101010101010101,1.0
a95a606f0110653858b2,0.19796954314720813,1.0
a96027a83196027cf822,0.2634730538922156,1.0
a9e1aff282e8d6356dce,0.3140495867768595,1.0
aa83cf5fc68c1dcb5038,0.3236994219653179,1.0
aai4o855shne2taonl8m,0.2602739726027397,0.7714285714285715
ac4d829c715fb0c36ad5,0.8085106382978723,1.0
ac7214620207dfdd149d,0.4883720930232558,1.0
ac896071204b0ce26a1e,0.13448275862068965,1.0
ad29c5822807dabe497c,0.16853932584269662,1.0
adcc5c13042d66cbfc8b,0.22596153846153846,1.0
ade35014b25afed24916,0.2275449101796407,1.0
ae2e4cb7985c4ac71795,0.38461538461538464,1.0
af8dedf6ecb4605a09fa,0.250814332247557,1.0
afc99b4940e933922aca,0.22727272727272727,1.0
agfcocn4dt52pwozf4px,0.2857142857142857,0.7567567567567568
alj4azvv1eqg1cyr3ae3,0.3007518796992481,0.6052631578947368
amzij11bls4wa79p3cj8,0.2565789473684211,0.6388888888888888
ao2x473zwn7k7a6gpfr9,0.23404255319148937,0.6578947368421053
apxifjd35xfq6t47ysls,0.302158273381295,0.6944444444444444
aqpg6qwtponj9ojmx6ls,0.1678832116788321,0.4594594594594595
awxiqzybhp95e08qx1h5,0.256198347107438,0.6666666666666666
axunv0aihh5wvi27tx50,0.2932330827067669,0.7058823529411765
b050239b47c66a7280c9,0.2768361581920904,0.9459459459459459
b083663157e08e36d335,0.6212121212121212,1.0
b0a62c35bfc7f529e83b,0.312,1.0
b1976734aee3bf129820,0.34545454545454546,1.0
b1b3363b7086aaa99b0d,0.5512820512820513,1.0
b1fbf77b475e79c3d413,0.10541310541310542,0.8421052631578947
b217bae3c84d59dde71f,0.2303370786516854,1.0
b21ec59d991586279d95,0.1634980988593156,0.9473684210526315
b26aab632fd33a01020a,0.36885245901639346,1.0
b2imd0ms1p4fxkfcpygc,0.256,0.5
b32b82ebae5971dd48df,0.30538922155688625,1.0
b345ecad87a7fbac77ce,0.28534031413612565,1.0
b34d4dc5b6c5fd7c5def,0.5466666666666666,1.0
b37bdce835e610d26c0c,0.4716981132075472,0.9565217391304348
b3ac0cebf20ee45135ca,0.17647058823529413,1.0
b3e8039d33099e1d066c,0.4166666666666667,1.0
b43532c7a35b6aedd478,0.7169811320754716,1.0
b4a2138f577d9306f593,0.15217391304347827,1.0
b57bc31cac59b3d26216,0.25076452599388377,1.0
b5863cc5a1b448ca1cab,0.26011560693641617,1.0
b6808721d4a7900e360a,0.15631691648822268,1.0
b6b2f975de58052aae0c,0.16996047430830039,1.0
b6ed77b2b3283f9379c8,0.10093896713615023,1.0
b6nwoi7doh1m1yzbkxup,0.3076923076923077,0.7222222222222222
b79c2d9d8148403a3720,0.13196480938416422,1.0
b7ef250772618a089b48,0.22790697674418606,1.0
b7f42d4b51972267680e,0.18,1.0
b8162292f2171005c2ba,0.12974683544303797,1.0
b8290aea71e7a5421a02,0.6615384615384615,1.0
b8a4fd679898150ef87a,0.19247787610619468,1.0
b8c0c68e7f1220949deb,0.449438202247191,1.0
b92448e12093e45dc6ff,0.15693430656934307,1.0
b93d9fe2a844b416581d,0.3120567375886525,0.9736842105263158
b9a8b9ee84232efd7d61,0.37209302325581395,1.0
b9c7c66c8b57b9d3c6fa,0.19689119170984457,1.0
b9d88af0a70c4ccb592e,0.6052631578947368,1.0
ba563fef8484139dc84d,0.211340206185567,1.0
ba8c301bda7090bda756,0.639344262295082,1.0
bab3d23935ae4f8e798c,0.3326530612244898,1.0
baed8a816ea02ae929f4,0.2459016393442623,1.0
bafdbc62a48daf6840c9,0.24571428571428572,1.0
bb3328d3b1eecb5e1a8a,0.11894273127753303,1.0
bc48d03763657ec4aa63,0.35687732342007433,1.0
bc7286901f708e9069eb,0.26,1.0
bca2be7a89b9b36b45cc,0.5103092783505154,1.0
bd099a9fd29545e3766a,0.4489795918367347,1.0
bd657014cfd3fe7a8fe2,0.4105263157894737,1.0
bd8eb49a6b08f5e66a70,0.3418803418803419,1.0
be032ee60c336e4701e0,0.28859060402684567,1.0
be24259f2867b231800d,0.2550335570469799,1.0
be503fccbf0ae5532639,0.2422360248447205,1.0
be52205cb48c05e10567,0.16363636363636364,0.7272727272727273
be75e05b9db5efb1258a,0.41414141414141414,1.0
bf07cdd92f1ff3197397,0.155893536121673,1.0
bfc3a5cb3b9c29f08176,0.1458966565349544,1.0
bfcf5965e6024248f0a3,0.40816326530612246,1.0
bfl1bc2oafd8hrz2xswq,0.24489795918367346,0.7428571428571429
bgvt5n1h0qt51ze0md7w,0.10687022900763359,0.35294117647058826
buv73728fa9viqgrz5mj,0.1984732824427481,0.5526315789473685
bvz9hmtzknu45wvb0yaw,0.3669064748201439,0.8108108108108109
bwvpzqnhh752noqjqj8d,0.2971014492753623,0.7428571428571429
c00c91256ab1777d0dbc,0.18421052631578946,1.0
c08165d73ae49215c391,0.4161849710982659,1.0
c0884e4814b0f32935f8,0.7959183673469388,1.0
c16e14d7aa5b4ef519e3,0.5909090909090909,0.9736842105263158
c200d8d792314a9d3575,0.27624309392265195,0.972972972972973
c20c86d30d19b39745e2,0.3018867924528302,1.0
c24bc0aaf20c79d2dfda,0.2648648648648649,1.0
c352158bed343ccff8e5,0.2658959537572254,1.0
c35834f349db8ef7c591,0.1393939393939394,1.0
c42aff1f9940e24491cc,0.4479166666666667,1.0
c4ffbc0ba8c38e725fc8,0.48717948717948717,1.0
c53129098375fc7f17bc,0.10601719197707736,0.8378378378378378
c57c5ca2df494f27ca64,0.3049645390070922,1.0
c5b9961e65ffa73d971e,0.23788546255506607,1.0
c5c5601b771f1b4491fa,0.45,1.0
c5c5e10586e94f96fe95,0.21367521367521367,1.0
c5d83404b165578ef794,0.4411764705882353,1.0
c63d5a67687762a9f967,0.3493975903614458,1.0
c681117f7f586fd730bb,0.25824175824175827,1.0
c682f6819dfbfc964bc7,0.2100456621004566,1.0
c6ab0de398cfcbd21dc5,0.3853211009174312,1.0
c7bb8ace7e79b91b3346,0.2679738562091503,1.0
c7c79725138f07b9c265,0.142570281124498,1.0
c7d5a3256a9f99ba3e98,0.27710843373493976,1.0
c89e8b7b18082e2fa6df,0.2345132743362832,1.0
c8d8f83d06b68fc2f944,0.3023255813953488,1.0
c955c51bfd07134bc831,0.3888888888888889,1.0
c99e6802625540e4d1e2,0.4444444444444444,1.0
c9c946fe211251af32d1,0.22340425531914893,1.0
c9c9f0b7606030f2aade,0.5746268656716418,1.0
c9e6e9322dd7054e618c,0.45348837209302323,1.0
ca10145a308249ed82e9,0.4015151515151515,1.0
ca66ab7e59628143cf1e,0.41414141414141414,1.0
cac3f85073c947532796,0.2747603833865815,1.0
cac84b1c3033872272f0,0.2679738562091503,1.0
cad61c88146ec4d99a6d,0.16666666666666666,1.0
cade7d478dac7020a79b,0.2925170068027211,1.0
cafe5989da5dfed9f404,0.1037037037037037,0.9473684210526315
cb2fbb322cc30a8b8fef,0.20430107526881722,1.0
cb65e2038b786e801292,0.7090909090909091,1.0
cb8c2285066597e012c6,0.312,1.0
cbc8550ffaf44443c7ad,0.22807017543859648,1.0
cby6hsod14blxr7zyfjs,0.22,0.6285714285714286
cc317db3f3bb874542a7,0.23595505617977527,1.0
cd6355bf939a47577f6d,0.19370860927152317,1.0
cdbfb55b48cefce540dd,0.475,1.0
ce1a32f22b91f4d81015,0.19523809523809524,1.0
cef765c4375252a6029b,0.2777777777777778,0.9090909090909091
cev4eof26erqost96sw1,0.3157894736842105,0.75
cf73246d819a1ea78e14,0.2866666666666667,1.0
cf7f9c2c6872be9bf2d6,0.2347417840375587,1.0
cfaac49f7cc94528ffa7,0.5567010309278351,1.0
cfi8t4xrx12m2lt4flwz,0.1895424836601307,0.5526315789473685
cgydhui8n3uoxbq5rznl,0.18571428571428572,0.5555555555555556
cmy2w5due4kl6pn6uia5,0.1917808219178082,0.5263157894736842
cnkddx6ofjqd7ueylz0e,0.24836601307189543,0.7352941176470589
cnqyqc90n3ixrlc3mri7,0.23809523809523808,0.6285714285714286
co3hr8vy9u9x2j7vr0a3,0.3357142857142857,0.7222222222222222
cp4d94b2v0ws6am7mvuw,0.21951219512195122,0.6176470588235294
csvv3l0saxxx6pax18c3,0.3114754098360656,0.6666666666666666
csxiwtz34vm9vr0kbryx,0.20359281437125748,0.6756756756756757
cu903mvqchcup1lsf83t,0.28888888888888886,0.6486486486486487
cunf3y04zq0f90dgy36j,0.22,0.6666666666666666
cuwakm24vlp785ky5w71,0.19760479041916168,0.5675675675675675
cy2sv8kkoybje2okbll0,0.25874125874125875,0.6944444444444444
cygc6ulxpz04ex7under,0.31654676258992803,0.8
cz0pbk8vede7ey2oce4a,0.24050632911392406,0.6666666666666666
d02f48d05ce5e7ca16e1,0.302158273381295,1.0
d035c324a020e7948fe8,0.22346368715083798,1.0
d059dfed16a6d1ca6ddf,0.24293785310734464,1.0
d0a933a514028d777578,0.3333333333333333,1.0
d103bd9455fb9258c805,0.375,1.0
d16ht4y29lrac1brhwm1,0.2230769230769231,0.5833333333333334
d1df92e9d19fb2f22ebb,0.18414918414918416,1.0
d1e44a91dd4f37c03d43,0.3283582089552239,1.0
d235a2c32940b970ab7c,0.76,1.0
d2403aa287eb869a170a,0.10068649885583524,1.0
d27565678ffa4a9bfa85,0.5395348837209303,1.0
d2c5423ea5fa0a995264,0.35714285714285715,0.9722222222222222
d2cb0d0da17471ee23a9,0.21693121693121692,1.0
d2e033f11edce44fea3d,0.4270833333333333,1.0
d311ac015e2e230935b2,0.39,1.0
d33a15d480f68c6ec82f,0.2631578947368421,1.0
d3ba1fe030801d700cb6,0.3246753246753247,0.9473684210526315
d3e269bf68d51851097c,0.14736842105263157,1.0
d3fd2319c0f3aa00c371,0.37037037037037035,1.0
d3tt41de5iashfjr1txr,0.25,0.6285714285714286
d45eea92ed42431d9076,0.43617021276595747,1.0
d4d7a248a58363732f8e,0.2484076433121019,1.0
d4geyy1ox6qzlz4ibz0z,0.24242424242424243,0.5945945945945946
d4xny47ows87zd7viwj5,0.29375,0.6756756756756757
d52b119f8da2a1812722,0.26666666666666666,1.0
d536120baaef5495c028,0.2857142857142857,1.0
d53a4fb612fb801fff3d,0.17766497461928935,0.9459459459459459
d6d4488fa27e11465974,0.6229508196721312,1.0
d6d6e7da792fdf0106f0,0.3360655737704918,1.0
d6f3f410bbb24244d270,0.23952095808383234,1.0
d6qgzp196pwnzk7agyn6,0.30303030303030304,0.7027027027027027
d72abe041b8db9118e70,0.336283185840708,1.0
d76c58732e315933a6cf,0.5189873417721519,0.972972972972973
d7ad1a5f3ab7d6237f8e,0.2,0.8421052631578947
d8ed5a1897987ffdeaed,0.373015873015873,1.0
d93519b044de1fa037b0,0.7254901960784313,0.9736842105263158
d94c5dba40d9fcbfb8d9,0.37012987012987014,1.0
d9qmlhyp13mf5nto4qih,0.2662337662337662,0.6216216216216216
d9xfdsxgmmiahcnwlqza,0.30303030303030304,0.631578947368421
da2199a7da15995db5ff,0.36134453781512604,1.0
daf693769d8638a22ee9,0.3125,1.0
daty5mq7b20bkt2c2zfs,0.14102564102564102,0.45714285714285713
db0bcf208cbed26d0bfe,0.7843137254901961,1.0
db2418c575c0a4f7239d,0.26993865030674846,1.0
db54f15d48fa56b0d953,0.30708661417322836,1.0
dba2bc2a15c1e8d696fe,0.34234234234234234,0.9736842105263158
dc83f9577ae72447a7b1,0.14465408805031446,1.0
dc93d7d840a88e5efb17,0.24193548387096775,1.0
dcd0562f8fb44933cb08,0.4166666666666667,0.9210526315789473
dddd7ba8769cf90bfd62,0.4032258064516129,1.0
de5213e7b8c88440a298,0.14018691588785046,1.0
dee7cfe3312551bdf5a5,0.3761467889908257,1.0
def1216bf8f3009dbe41,0.2893081761006289,1.0
deg9esxpiezaya5obs1e,0.3829787234042553,0.7027027027027027
df02e3643bb9ee33fb0c,0.4838709677419355,1.0
df784e67883e018f88b8,0.4177215189873418,0.868421052631579
dfa917b9dc15c87ab016,0.08346709470304976,1.0
dfnvtf7qbi2955rjeaqx,0.3684210526315789,0.8285714285714286
dgoapkg9vpnafks22kx4,0.35570469798657717,0.8378378378378378
dgp0xkhu3d61usta1wjo,0.34306569343065696,0.7222222222222222
di7sclw5samggg4sxipv,0.2913907284768212,0.7368421052631579
dl5nz1ijx44owullijbb,0.2108843537414966,0.6216216216216216
dri4ey8he2jovloucu86,0.18604651162790697,0.5
dsl763gdflunv3oaoejm,0.25,0.6571428571428571
dt7s87imgsbma3l5scym,0.2569444444444444,0.6486486486486487
dwg6k0ka5vuwzo5h11m0,0.23076923076923078,0.5789473684210527
dxemww34f34hyq2xk6r7,0.3141025641025641,0.6842105263157895
e00bc7d9f2ce32c4f745,0.22,1.0
e0be3445997310f4d68e,0.12962962962962962,1.0
e103cf810dfba59d0431,0.2948717948717949,1.0
e17f01453906e3ae5716,0.146875,1.0
e199ddadaaf5aee02eb8,0.25757575757575757,1.0
e224221a9971f9f45489,0.34299516908212563,1.0
e22c18eef214a779b4c2,0.29949238578680204,1.0
e23ada44d3eac9b465d2,0.45054945054945056,1.0
e28711e2f5500d3d6b04,0.06534954407294832,1.0
e2d7ee3637149f7087b2,0.1762114537444934,1.0
e2ee4818284ba527ef0a,0.4,1.0
e324cc9cb52a2b3cb9cb,0.15648854961832062,1.0
e37bbe9fe37f92b785d9,0.30638297872340425,1.0
e3b920878572dbcf8c9e,1.0,1.0
e3ce61b92eeae0a33633,0.47674418604651164,1.0
e3d0782396c346359a8f,0.4224137931034483,1.0
e43a0e28d5cd6b54a2af,0.45555555555555555,1.0
e4af37199530e9ea523c,0.15384615384615385,1.0
e4c80506c14da4ad563d,0.2578616352201258,0.9736842105263158
e4d6737b176e6ca5ef06,0.2864583333333333,1.0
e50db74322430aa289b1,0.28378378378378377,1.0
e58gk2f3crnwqnx0gett,0.31343283582089554,0.696969696969697
e5b30ace9334d153e076,0.1981981981981982,1.0
e5cab2ae37f3a9ed4f46,0.2624113475177305,0.8421052631578947
e62f7655cb5259abfbf1,0.23655913978494625,1.0
e6b9a4292b6a8e8e0ef0,0.7692307692307693,1.0
e6c8ce7f4d7b0b4ca4a6,0.24581005586592178,1.0
e716574233e87591ff19,0.15471698113207547,1.0
e73ae5f649c6f52b3fb1,0.3246753246753247,1.0
e77eaaa90a75ea6167f4,0.2847682119205298,1.0
e7958857e7d2292ffbc7,0.22641509433962265,0.9210526315789473
e7feb8599ea5f596aeac,0.368,1.0
e851f82a650692f8e591,0.23696682464454977,1.0
e865c97bc96802575f80,0.1358313817330211,1.0
e86f896d71d48d87464d,0.2903225806451613,1.0
e877c03b218bddedd3b8,0.2653061224489796,0.9736842105263158
e89cdaa3f159a0d3f55e,0.12322274881516587,1.0
e9b6fa8a87469779d732,0.19123505976095617,1.0
eacb3353d7bc80cf3e7a,0.43478260869565216,1.0
eb4493aa138e8edc3f6d,0.21666666666666667,1.0
eb93cedc17b4eac76750,0.23333333333333334,1.0
ec4897070f2d3b6eab89,0.3275862068965517,1.0
ec5zb47nxjbuzemc81p0,0.20253164556962025,0.5833333333333334
ec86426a6e0331d06091,0.37254901960784315,1.0
ed4b51eb098deb0ba58e,0.34615384615384615,1.0
ed5a13234f04cae4894d,0.6666666666666666,0.9473684210526315
ed94d52e091b68ca5ee5,0.33816425120772947,1.0
ee07cc24589beb775d33,0.22596153846153846,1.0
ee1ef9674f9e0bfca48b,0.6615384615384615,1.0
eec0307b4d47609d6933,0.12162162162162163,1.0
ef04ejvyvmh5votejbif,0.2185430463576159,0.6285714285714286
ef133c92e274a97b6eeb,0.5652173913043478,1.0
ef912a5602a5f70b244b,0.4418604651162791,1.0
efb9fe363bdeb9f48d69,0.37254901960784315,1.0
efd58fbebca61c41c881,1.0,1.0
em248gxmeso9cw0wzlv8,0.1895424836601307,0.5675675675675675
emnk7ob7xxxdiph6fun3,0.2565789473684211,0.6857142857142857
erjfooit15024g7nj8co,0.30434782608695654,0.6176470588235294
exaiz0y0uvpeg498cg4j,0.2112676056338028,0.6470588235294118
exj3a7hd6gwihbowgm3w,0.20689655172413793,0.5
ezdogkk0jqt4nvvvbnxp,0.2857142857142857,0.5789473684210527
f05247f3d32a4bf5a6df,0.1452991452991453,1.0
f058870b1bc33e288e82,0.3602941176470588,1.0
f06c3ddb1a98713eeb32,0.16791044776119404,1.0
f1c1c0932bfeb74762d0,0.10112359550561797,1.0
f22c9341431a6123f670,0.3023255813953488,1.0
f25a777dbbda3d4314d7,0.3287671232876712,1.0
f26c1d520ac39293c68a,0.12072892938496584,1.0
f286ac7cd0663855cc5f,0.3108108108108108,1.0
f36a755a3fa5db5c0743,0.25,1.0
f47eab262dd5809d4d60,0.33064516129032256,1.0
f4e46ba446c56e56259b,0.2546583850931677,1.0
f50dcd09709383fea95f,0.2639593908629442,1.0
f527k17lr4aumahjtj92,0.1079136690647482,0.3142857142857143
f5c3c6eb77fac482de13,0.4470588235294118,1.0
f5j3cojh9fr5gvylr0yi,0.176056338028169,0.4594594594594595
f5jwwahac3fyc6rq5tex,0.28169014084507044,0.6470588235294118
f63cab44b941c6ca80d6,0.25225225225225223,1.0
f7a14eb1e15ceeea955c,0.27710843373493976,1.0
f7c4a29d42220e1cea27,0.34459459459459457,1.0
f81f52969ef1de783de3,0.2345679012345679,1.0
f82461b84c9c48a36613,0.24705882352941178,1.0
f964ee6bca634319a68f,0.18345323741007194,1.0
f9c641e9c05c243a751e,0.2611464968152866,0.972972972972973
f9d95830556934ae9a01,0.23236514522821577,1.0
f9dde99f5db421171b51,0.07289719626168224,1.0
f9ef2830cd485d038b53,0.9354838709677419,0.9666666666666667
faa31dca7ed1dd11fe44,0.10983981693363844,1.0
fabad359607dabbaaed4,0.35384615384615387,1.0
fb4411db1aac3cd2544b,0.26811594202898553,1.0
fb5d5693ffa9f022a191,0.43478260869565216,1.0
fb735wd248crm37cgmgw,0.30158730158730157,0.75
fc1c9dd58091c33d8888,0.16195372750642673,1.0
fc39de3859d890b9693d,0.2062780269058296,1.0
fc5a9edc3413ecece4bd,0.6052631578947368,1.0
fcf6463f948b24ac7cd8,0.325,1.0
fda1eaffdfa7350e5d97,0.18627450980392157,1.0
fdd50b3ad56dcf116c82,0.4,1.0
fdd714a996ac8bd8006d,0.6612903225806451,1.0
fdgrg81ki37uqa6afofq,0.3028169014084507,0.75
fe40bd528b4fbbf591e1,0.1902439024390244,1.0
fe5cf715d9c94fc7779e,0.5194805194805194,1.0
fe752a6d1aa3d710d738,0.19123505976095617,1.0
fef67841144f4c95a6c5,0.5454545454545454,1.0
fej8lh1pgn1sikmt58d4,0.3106060606060606,0.7142857142857143
ff2d815d9ef74b153b54,0.41509433962264153,1.0
ff59855075a6bc39d62b,0.5863636363636363,1.0
ffe3886e3e3bab0249b5,0.30113636363636365,1.0
fkenlzdweox7v0zaopqo,0.2366412213740458,0.6470588235294118
flde3irykh8wauaj2fuw,0.17142857142857143,0.4166666666666667
fnvhgnuqbir0drk8p1v2,0.27419354838709675,0.7142857142857143
fov3pbwdqzvhgcjp7o9f,0.2732919254658385,0.7222222222222222
fqcud1c5mt7pdp9w0v6y,0.25,0.5757575757575758
fvlb9xi66oze7eo3yhdh,0.31645569620253167,0.8055555555555556
fvqo3hum9a1rl6rxbyre,0.1958041958041958,0.5428571428571428
fvurnsqlgyr9zbd6msqs,0.20930232558139536,0.53125
g4l5baozrnfblxayrhox,0.2727272727272727,0.6756756756756757
g5wbnnhq1jbyc32q3003,0.2191780821917808,0.6060606060606061
geps6umc1dv3t7we1ica,0.2605633802816901,0.6111111111111112
ggweeccb6anw0j3y32t0,0.22784810126582278,0.6388888888888888
gl03oba0pirnpnqsw1tt,0.2929936305732484,0.6944444444444444
gm1xiqmop9j2d2acc2jg,0.15384615384615385,0.5142857142857142
gzthlilac9ixoayq02u1,0.2922077922077922,0.7837837837837838
h6miro3m8713s3dxuipr,0.27205882352941174,0.5588235294117647
h7i4kmpsra4szfbhrcbh,0.2517482517482518,0.7428571428571429
h9urbo4ce8x02brjnloz,0.22556390977443608,0.6470588235294118
hcm6w0jxnfqhkpm745cu,0.29411764705882354,0.6756756756756757
hhplrx9xd7cm2w7aslma,0.16129032258064516,0.5405405405405406
hitoc7ngyvt9aaebo1na,0.2847222222222222,0.7222222222222222
hkk3qiui3e3r969oyfhf,0.20754716981132076,0.6111111111111112
hmju4kxemo560ilakak8,0.32167832167832167,0.8157894736842105
hoedc2pzfz6av5bn1jq3,0.2932330827067669,0.6666666666666666
hpb03ydulnt2b9ffa0j2,0.23648648648648649,0.5555555555555556
hpty3h6eij2tr467ueks,0.23770491803278687,0.5757575757575758
hu267zw9zywa4ew3d5bw,0.27647058823529413,0.8157894736842105
hva2hcwvh4mv0i4t59t6,0.2734375,0.6111111111111112
hz3im1vs42bx5rxbn7wh,0.2206896551724138,0.5142857142857142
i1fr7kd71b2ni39kn958,0.23529411764705882,0.5405405405405406
i21qi5qdsjqcch2xvdd5,0.21052631578947367,0.6216216216216216
i39gdpglcxstun30b4yw,0.25925925925925924,0.6388888888888888
i5hexmb5zlzhd8lvwdv3,0.24390243902439024,0.6578947368421053
i8gdglua8vbd4ul9x09f,0.2733333333333333,0.7428571428571429
i8lx9f5ut0kaz120j30d,0.2230769230769231,0.5675675675675675
i8ryguu9cpkrb6ouhwqq,0.34355828220858897,0.7777777777777778
icu31mfcha34dnwbsui2,0.2773109243697479,0.6857142857142857
ifj584ryrjv639n4nnsu,0.2465753424657534,0.6666666666666666
igm3qwikiaey95nry3xj,0.2569444444444444,0.6857142857142857
ij9llitbhr4gi126l772,0.21875,0.631578947368421
ijieo064jbrs5ss1cmol,0.2302158273381295,0.5945945945945946
ik7o5ykfnku0qp74sy1i,0.29850746268656714,0.7297297297297297
imkfiwhasub5ykkblh9s,0.31496062992125984,0.6486486486486487
inyirhdpjahiguhs9e5b,0.2052980132450331,0.6388888888888888
iqhpwbqkqi7kugzduhit,0.24836601307189543,0.6216216216216216
isa355t9q5rut5fm8aml,0.2517482517482518,0.6111111111111112
isavn2ahb9n5z1q8win5,0.2440944881889764,0.6
iwjs5oi2pl8omkdrs53q,0.27702702702702703,0.6216216216216216
j07d6onchxesk14v7b8w,0.2462686567164179,0.5945945945945946
j605t14y7ie6vr2n8s2c,0.22302158273381295,0.5405405405405406
j8inicu0iafkpv3u9431,0.22857142857142856,0.5135135135135135
jb3fqd2b9oyprn83h646,0.27586206896551724,0.5675675675675675
jds77so748xfiefl16ad,0.4105960264900662,0.8421052631578947
je7kqkmpwkosa7nkgfpx,0.25,0.5945945945945946
jhmn3s11l13woe6jy3zg,0.25882352941176473,0.6842105263157895
jitc82qpkhbudc8tgnui,0.28346456692913385,0.6764705882352942
jj1jl4nhnkxllubypoq3,0.19424460431654678,0.5833333333333334
jjx780kahllbp5y3x7p8,0.24836601307189543,0.6578947368421053
jkfou7hhzge0irwf1xmf,0.2909090909090909,0.7837837837837838
jnupp0jsv1kjsvbzlnrr,0.14285714285714285,0.42857142857142855
jsmqh4aa20rpfeqmyx4h,0.2781954887218045,0.7027027027027027
jv2j33i326cpj50ckvt7,0.3,0.6756756756756757
jv67r7eqa9z2a1777eex,0.31788079470198677,0.6944444444444444
jwdjcrxdn0um79f0rjvw,0.2463768115942029,0.7352941176470589
jyaxybaq8vui614ytd8i,0.26174496644295303,0.6842105263157895
k1r03pvvsv9zxrft5jgi,0.2,0.6176470588235294
k4usquerebza4uy0i57h,0.18181818181818182,0.4722222222222222
k6jujv82n727fuwbxa6f,0.2564102564102564,0.7142857142857143
k6kv9y9tqfll5d282ymb,0.3076923076923077,0.6486486486486487
k7bf90hpau5950c87l3i,0.24,0.6666666666666666
k7fa3kdg6dq9avbiqv1f,0.23026315789473684,0.6486486486486487
kg28tppvvsvr918dkvlb,0.2809917355371901,0.6388888888888888
kilhyvtskm84umerpjee,0.25,0.7027027027027027
kpw433bcv21ksp1wgrux,0.323943661971831,0.7027027027027027
ksm67082xy9g2wnalt38,0.29411764705882354,0.6944444444444444
l1rn095adguamaugi4ux,0.34838709677419355,0.7894736842105263
l2yv9tvvcakn7ikerccy,0.1925925925925926,0.5277777777777778
l41f9f1gb0y5rxcqfv64,0.16417910447761194,0.47058823529411764
l82rq4xaymt7t5uytax9,0.22058823529411764,0.5675675675675675
lewkf2owb42ywhfto9yf,0.19727891156462585,0.5833333333333334
lexte4gc3dvjb7ty0qf5,0.28368794326241137,0.8055555555555556
lf5hmkicbiuolk7khwwb,0.21333333333333335,0.5555555555555556
ljylby8inwh5b93wkean,0.2,0.5294117647058824
lqm8jh0uggps7yd0lx2x,0.21804511278195488,0.4722222222222222
lswzzwjmreuixxjqglhy,0.2198581560283688,0.6216216216216216
lvp2qmljigke8u0nfbvl,0.21052631578947367,0.4864864864864865
lx7vfcjhdxzh2wkt42hc,0.25949367088607594,0.7105263157894737
lzvutqpj9ggc0nwwsxcv,0.15384615384615385,0.46875
m380dsj058viwn3ly6j1,0.22535211267605634,0.6764705882352942
m3xzctvbxlbxz80zz042,0.20437956204379562,0.5882352941176471
m3y8jkkgflwqwcelrwzz,0.28888888888888886,0.7352941176470589
m4qqnaq8p8fn7b7bl5ic,0.2727272727272727,0.7058823529411765
m6p2hujqw21vc4lyt3f3,0.11678832116788321,0.34285714285714286
m7prwt2ubs9o4x4ecebj,0.2356687898089172,0.5675675675675675
mbbw64iibpv7ndj2iie1,0.22857142857142856,0.5833333333333334
me044us8pj1824r4dye2,0.16875,0.5
me4d1o3nzhyoj0xfast0,0.24031007751937986,0.5833333333333334
mhufhb84kyqgs0anwy1d,0.21014492753623187,0.5714285714285714
mjfvt9ufmkjqp4yikle3,0.296551724137931,0.7105263157894737
mm5p2ct8c21h4q753p3n,0.2913907284768212,0.6216216216216216
mn8t0yyppsznr674ic1a,0.16783216783216784,0.4473684210526316
mqqf68ny1kdp6i69i7tt,0.24822695035460993,0.6666666666666666
mrlo3h9nf858pnzqzu5u,0.2926829268292683,0.8611111111111112
mwmft9w9vjod1g7jidmb,0.3776223776223776,0.7777777777777778
n20d6b4o2g64oaa3q8ym,0.2236842105263158,0.6666666666666666
n2bgnbybijni2e9crs4x,0.3181818181818182,0.75
n3dkt0eq0ekpby9lv06i,0.3816793893129771,0.7894736842105263
n55nfedky5fh684bamej,0.2698412698412698,0.6111111111111112
n8pe3tt7qmlgojwhhsj0,0.23684210526315788,0.5555555555555556
nd9xpohv0s4ttw0o7fts,0.18055555555555555,0.5555555555555556
ng2c52g74hfaudyxmm6m,0.2275449101796407,0.7027027027027027
nilkp0a54b01p87udccl,0.24242424242424243,0.6111111111111112
nkr2o4v6q9alvt7ju51e,0.19718309859154928,0.5
nl4vt11ikn4we06zu0zj,0.30666666666666664,0.6857142857142857
no0afrue2n6m8hcnuek1,0.2774566473988439,0.75
nq4jln5s1zqjk7nwbbeo,0.33980582524271846,0.7575757575757576
nrv5a6tr3ya2iv3p5xpo,0.3125,0.75
nx4zicy1jbulkuen41s5,0.18471337579617833,0.5882352941176471
ny6yox8nvtlotclebkk8,0.2246376811594203,0.5555555555555556
o3jddioub8dsv0fm22qn,0.20149253731343283,0.6111111111111112
o5lo8q4tb8yt0v8imkw4,0.23448275862068965,0.5833333333333334
o6kw9thwvq6csdr9taal,0.2804878048780488,0.75
o6tn58jvkqobrz2qmf5i,0.3287671232876712,0.631578947368421
oc0ww31yssff9rktgowo,0.21568627450980393,0.6176470588235294
oi7j42phxrp4mc1n9h4b,0.25806451612903225,0.5833333333333334
oit2xadfbpuveswzx4pf,0.23308270676691728,0.5833333333333334
okcti3afv5drqqbxtxm6,0.2894736842105263,0.6842105263157895
omzalmrzys0ymf4cgt03,0.2865853658536585,0.8611111111111112
oppl3ojvw61dvd5yw1wl,0.24431818181818182,0.7575757575757576
orgvbr9mbmfo4z8tbsa3,0.23809523809523808,0.6571428571428571
orubxhpr5e1heat93ue4,0.17777777777777778,0.4864864864864865
otznu9tyqq50x0xij3br,0.1366906474820144,0.3783783783783784
owzdfs89mm4ci0382a3b,0.23943661971830985,0.6388888888888888
oyaoqkf2b1we4b67bv8l,0.24,0.6944444444444444
p10d5vx8mpn0v82i51gp,0.27564102564102566,0.6578947368421053
p3cs5x8cxrwubesmagvl,0.22641509433962265,0.6486486486486487
p611flt77czmqgut14jl,0.16666666666666666,0.47058823529411764
p6cp3ogj6xy2riczfupv,0.29285714285714287,0.7941176470588235
p8bk6cdfntr0humt6q45,0.32558139534883723,0.5945945945945946
p9enp5lzhiufas1xpd8p,0.22900763358778625,0.5
pammg9gw4enjosw3z60e,0.2426470588235294,0.6666666666666666
pg8ucem69ixbqhznx0x2,0.2542372881355932,0.5833333333333334
pgknalznufvmvwgc1ca8,0.2054794520547945,0.5
pgrig4vo54owe59j2j5f,0.24305555555555555,0.5675675675675675
pgz595amcuc1566oihze,0.2932330827067669,0.6216216216216216
pkjom9yr5m9690fg6wsi,0.2677165354330709,0.7058823529411765
pr6b1twg5sgsrzek6adi,0.17088607594936708,0.5405405405405406
pr7s208qauxqsfra6xbm,0.3625,0.8378378378378378
preni1j2j1gkvq1knpag,0.2222222222222222,0.5405405405405406
putb7ja6dwpdag4bwvnj,0.28859060402684567,0.75
pv0c4za1m616k25gfwfb,0.2916666666666667,0.7714285714285715
pva49fsfcbexwz1crjvg,0.25,0.5833333333333334
pwt0tr48brmkbj3e3wmy,0.375,0.75
pxnnkthuxasggux3hyae,0.24342105263157895,0.5833333333333334
q1movls9kc4kglv6sb5g,0.38513513513513514,0.7714285714285715
q3pyoy44nn6q6nyjgy9n,0.2890625,0.6571428571428571
q42hf4ad91sqkl0lbfh4,0.3129251700680272,0.6486486486486487
qaubz3kt65qtoit8g4vi,0.2789115646258503,0.6666666666666666
qd5cqu3du8n28xxtkftw,0.31901840490797545,0.7837837837837838
qg0soq1i1uy7yndj17gd,0.288,0.65625
qkc2f9omqulfmn3j0m9p,0.3106060606060606,0.6571428571428571
qmf8702zbahi9083s7aq,0.2907801418439716,0.6666666666666666
qrrck1nnty89cmohw40b,0.32,0.6578947368421053
quam8ci0euq2dz8xldzz,0.22818791946308725,0.6111111111111112
qw1seyo5nrhlm8vby58w,0.17333333333333334,0.4594594594594595
qxfeg29o1ytsgt3wd41i,0.2972972972972973,0.7368421052631579
qxnna0of95m3oebjc84f,0.20300751879699247,0.5405405405405406
qz6jjynwbd3szlp0rj04,0.23357664233576642,0.6111111111111112
r28s9kyo7knrvytyvmt8,0.24822695035460993,0.5945945945945946
r3uk44zat2tcyj5wmojt,0.23026315789473684,0.5833333333333334
r4oklg89q3yx9o2dfq3q,0.256,0.5675675675675675
r7embk7pqzg5g5p245x4,0.2702702702702703,0.6666666666666666
r9m46ndmmmzeeehft96z,0.2624113475177305,0.5882352941176471
rd32gyblqsfn03xatnmt,0.28651685393258425,0.7027027027027027
rd4p70jwu852pbdjwl2d,0.2847222222222222,0.6756756756756757
reo07h0d5zehmotdlz2w,0.2764227642276423,0.6486486486486487
rgl39qjfatpnh3v4o28m,0.2392638036809816,0.7631578947368421
ri34qjuyhs63ar95i8mx,0.2708333333333333,0.631578947368421
riyfiej5klr0bqfnptv3,0.3695652173913043,0.631578947368421
rq44ojyrvdtad0tzsm32,0.23837209302325582,0.7297297297297297
rsclhbtmbxt0xrye64ax,0.19014084507042253,0.5151515151515151
rufanlg0slv70u876a05,0.2848101265822785,0.6666666666666666
s0vfgmhobw9jq6al8iww,0.21323529411764705,0.5277777777777778
s97masc6nt48h4ly8s1w,0.22377622377622378,0.5277777777777778
sbb3va36jvpkdpj257ek,0.3333333333333333,0.8055555555555556
scl0uh5ig9ehluvs46h2,0.2945205479452055,0.7027027027027027
sdun9fmcol7sud39mllw,0.2331288343558282,0.6666666666666666
sf30f3p1koevnfztc2pd,0.22900763358778625,0.6285714285714286
shtnl1wh1mconb8od5ko,0.2589928057553957,0.6944444444444444
si6ymh6w7xbo2f40o0p8,0.2777777777777778,0.6052631578947368
sie4alrjjjvlk0w9ye5l,0.22784810126582278,0.6052631578947368
skyax9iocbd5gzronpru,0.34177215189873417,0.8611111111111112
slmfpw1fyabrtys8ufg9,0.28,0.6571428571428571
spyu1at0d9k1wxtenlhe,0.2222222222222222,0.5135135135135135
ss27ig83t1pi1ztsy5w8,0.25517241379310346,0.6111111111111112
styld7k1gge5cvjria5b,0.28346456692913385,0.6764705882352942
sushd67p0jy6f04a3h0m,0.22794117647058823,0.6216216216216216
svxexhg20hs3bbqd4fm7,0.24305555555555555,0.6571428571428571
sx57v4y3hp52f9selxdo,0.2986111111111111,0.6388888888888888
t3wo8xb4rq94n3fpfk35,0.23776223776223776,0.6216216216216216
t5uf4x6hffga8in2ua6l,0.22,0.6571428571428571
t7x7ydt3u1cd2svfvk4q,0.3533834586466165,0.7777777777777778
t8a5fgt3wo8w18amulu3,0.24324324324324326,0.5428571428571428
t8sflynjwck4f650mtvp,0.2413793103448276,0.6111111111111112
t8zrwu8iwkcdnwf3ruse,0.1895424836601307,0.5135135135135135
t9a891e0764br5ujna1a,0.23684210526315788,0.6578947368421053
ta1gbqs6pw15bx0jb5on,0.2302158273381295,0.6388888888888888
te17utf5x961ldgs8zwn,0.2206896551724138,0.6944444444444444
tezxtgugzffgu5fxr0cz,0.2903225806451613,0.7714285714285715
th28zykgzvfex40v22hz,0.23178807947019867,0.6666666666666666
tndsnutlm99ld8f4uya0,0.2878787878787879,0.6857142857142857
tp8x8dgd7d6dhpth8xni,0.1984126984126984,0.4473684210526316
ttsjumez81r1ot6tfe7n,0.232,0.6
tuidsy7wcktf3jppecp5,0.2546583850931677,0.7297297297297297
tv0sptqq56ri3dpcd9nl,0.1746987951807229,0.5405405405405406
tvsgkf4oqh769h40lj43,0.2389937106918239,0.5555555555555556
twa56vh9h75mwaqdma1y,0.32867132867132864,0.7631578947368421
tzaeahyy9lpjuc2r3hl4,0.2827586206896552,0.6666666666666666
u2rchqp6tof1bkr07izf,0.2755905511811024,0.6571428571428571
u5w6lxf8tt0j0ilwb1sy,0.24444444444444444,0.6944444444444444
u968v341lom8drwdzqqj,0.16783216783216784,0.5277777777777778
u9owl1eky0jf8t3nc50o,0.16447368421052633,0.5405405405405406
ubi6gd21j9e9rw46hoz6,0.17985611510791366,0.4864864864864865
ubp24rey0y6wfj6dtdxp,0.2602739726027397,0.6857142857142857
ucxxvfcovdwuokyswife,0.19424460431654678,0.5675675675675675
uem908xkm2x04s4iu84k,0.22556390977443608,0.6388888888888888
ug9ichhtvfwespnsuy07,0.25,0.5555555555555556
ugaiak78ggmnku4yndlt,0.2706766917293233,0.7096774193548387
ugbkntr3cmljocvngvq0,0.33557046979865773,0.7837837837837838
uhky1uwx18u1e4nixzzf,0.2,0.6363636363636364
uhthvh60xp911d47x7xm,0.19014084507042253,0.5277777777777778
uk8sadmdmw8p7e22l2yr,0.3,0.8157894736842105
ulowmljtsh72z64haltq,0.18115942028985507,0.4444444444444444
uon3zzl9a1zr5zmeodmr,0.3082706766917293,0.7058823529411765
urr54xfqlfy6uq8nuo0n,0.21518987341772153,0.43243243243243246
uvh2zil455wi0dcdan51,0.21153846153846154,0.5945945945945946
uy29im7a6hnc34lfp8ae,0.2777777777777778,0.7837837837837838
uzk23hynw87co5ru0tr8,0.27976190476190477,0.7297297297297297
v1ya43au2scaq7man13k,0.2777777777777778,0.7567567567567568
v4k20n9xryqdpe6fx42x,0.32142857142857145,0.7428571428571429
vbgs2hp7aiiw880dpm1s,0.3611111111111111,0.7894736842105263
vcw0s2e0akak8rqunatk,0.24647887323943662,0.5833333333333334
vgj44dnko7croq2qytng,0.23809523809523808,0.6388888888888888
vhlntoniujqiclub2juy,0.2366412213740458,0.5882352941176471
votyzmo33yg7y89dag17,0.18382352941176472,0.5142857142857142
vou4hlfvp8hv0r4odzq6,0.3115942028985507,0.6486486486486487
vqz1prz6hwnqepxsieip,0.2740740740740741,0.6571428571428571
vrdxefyyyx3tkticfqnv,0.23841059602649006,0.6944444444444444
vrx3ianblcyuixzmhzl2,0.21935483870967742,0.6111111111111112
vzdurh8f0rfus5h4bde2,0.22302158273381295,0.5405405405405406
w0u7vzowm7eimiupvmm3,0.22448979591836735,0.5675675675675675
w1uwjc89gv68yxkutpoe,0.19444444444444445,0.4864864864864865
w9iskllhyjto6qq01elo,0.2689655172413793,0.7222222222222222
wbdvbdebq64ujpi9u7mn,0.2962962962962963,0.6842105263157895
wf7yq9n2spgto3w5ad9r,0.21830985915492956,0.6486486486486487
wfsgbko6rfmajn85khu4,0.29365079365079366,0.5555555555555556
wgbapm8b0r5hu08acewa,0.28289473684210525,0.7567567567567568
whzjoeh34i7o86p37u99,0.34965034965034963,0.8378378378378378
wi36b9plgjc82atx6z7h,0.256,0.625
wmep7eexur6wwrlrz9sv,0.256,0.6857142857142857
wty9xgte39cr5rp39e50,0.1875,0.47368421052631576
wu3cwt7cavxrllp6s123,0.23129251700680273,0.6470588235294118
wwh529n48kyjq1xe9h46,0.2672413793103448,0.5714285714285714
wxgj9kdmdrmullrthnso,0.28187919463087246,0.6571428571428571
wyhkcaf32y8h3707qzrz,0.21428571428571427,0.5405405405405406
wzc5k9w9l08gue9h43cs,0.2978723404255319,0.7631578947368421
wzfry2domlqnblox9w1b,0.18518518518518517,0.40540540540540543
x7xh8m5fvmipvkav1cb4,0.21476510067114093,0.6666666666666666
x8hldszj3z40bgxl4mci,0.32142857142857145,0.9142857142857143
x8hocidvl3emcmrhw2f8,0.22972972972972974,0.5945945945945946
x9xz7kb08kmf1tytnc1f,0.22794117647058823,0.5263157894736842
xb18hp4yezg65dlw1tz1,0.3125,0.6756756756756757
xf5q0ixkpbxl3w7k16qo,0.2631578947368421,0.6666666666666666
xgvqpyg5mro3wihwngur,0.19375,0.6052631578947368
xh8a7nmtz192pknhec33,0.23809523809523808,0.5
xlp4p1b56hrhhyr2y3kd,0.18518518518518517,0.4722222222222222
xnvmb8uox3576k142awg,0.11940298507462686,0.38235294117647056
xsxczvs8iluovs3pt5q7,0.21052631578947367,0.5945945945945946
xvfa4ysm4deeobu8wkym,0.2549019607843137,0.631578947368421
xw0r5n17yfqv2va40bhi,0.20833333333333334,0.5714285714285714
xy7cro773yqyoblucwkp,0.27611940298507465,0.5945945945945946
xyk8hksfilgpf8301ir4,0.2635135135135135,0.6052631578947368
xz7x7kwsn26marn29mag,0.2857142857142857,0.7941176470588235
yb4sqfrwu788fa6y4zeb,0.17829457364341086,0.6060606060606061
ygc6nfsry40yon3nicac,0.25517241379310346,0.6756756756756757
ygoahstwe9gz9w87qncs,0.17142857142857143,0.4722222222222222
yj708ceb2o5gueez45or,0.2925170068027211,0.7837837837837838
ymb5gxf0fi27kpj2f101,0.2824427480916031,0.7941176470588235
yums89f0epz009xrrwrf,0.24031007751937986,0.6111111111111112
yvyud23n1eara086vntf,0.2323943661971831,0.6944444444444444
yyz9rmyzzdp52h0glddp,0.25,0.6666666666666666
z0ti2nr5nh9fpad7wntt,0.3178294573643411,0.7714285714285715
z23fh1v40p3hmxxspbo9,0.26119402985074625,0.5714285714285714
z9q10sbk27qpuvatlkuw,0.1347517730496454,0.42857142857142855
zc7xkcpo969z98kh6bg8,0.24598930481283424,0.7368421052631579
zeuj2ypen39p38d4m3oj,0.1437908496732026,0.4594594594594595
zeuj820acn6zhcbx617v,0.25806451612903225,0.6
zfurn56bm4hyk0d7w4bm,0.25806451612903225,0.4857142857142857
zhx5rxgopln1p5hd10ql,0.2391304347826087,0.5135135135135135
zlaig56ve06t7jruk2mr,0.2676056338028169,0.75
zon2ut7eqwqd7i86etaw,0.26811594202898553,0.7352941176470589
zoo8a9uj8a0dplifqzdp,0.33774834437086093,0.7567567567567568
zprxec1qxs8nqsmc5830,0.3184713375796178,0.8055555555555556
zq3xohaut5o9dbd9064z,0.18120805369127516,0.5555555555555556
zse4s5wowlo5xntqyqb4,0.32075471698113206,0.7105263157894737
zsjdx6d73id8z82obo3a,0.28654970760233917,0.6666666666666666
zuw35j06tzftt6oon4c5,0.2389937106918239,0.6486486486486487
zyfp520tbnq5p2pvrkin,0.32413793103448274,0.7567567567567568
