index,student_ID,sex,age,major
1,8b6d1125760bd3939b6e,male,18,J87654
2,63eef37311aaac915a45,male,23,J57489
3,5d89810b20079366fcc2,female,20,J23517
4,47eeab842793b09300c3,male,18,J87654
5,a8eea517e36b20757b2e,female,19,J40192
6,e89cdaa3f159a0d3f55e,female,19,J57489
7,e324cc9cb52a2b3cb9cb,male,22,J87654
8,98e10f84d94623f8b39e,female,24,J40192
9,3c89c7f1db26ae691db8,male,21,J57489
10,9ea29e4a747ea4a7c70a,female,18,J23517
11,e23ada44d3eac9b465d2,female,23,J23517
12,b79c2d9d8148403a3720,female,21,J87654
13,01d8aa21ef476b66c573,male,24,J57489
14,9417c1b4c24e428984bc,female,19,J57489
15,3d63ba961a5f3a60616a,female,18,J40192
16,57709f904b1cc9ec60b1,female,20,J23517
17,8979427badebb9e2bd10,female,19,J57489
18,6e7d56f652020f046204,female,21,J40192
19,03aa0b20dd4af1888eef,male,20,J57489
20,1b25734414fcc7466153,female,21,J87654
21,8777bd09f180d330b147,male,18,J87654
22,8b1fbc97391699e46cef,female,19,J78901
23,dc83f9577ae72447a7b1,male,18,J87654
24,be503fccbf0ae5532639,female,22,J78901
25,cd6355bf939a47577f6d,female,22,J78901
26,fb4411db1aac3cd2544b,female,20,J40192
27,f06c3ddb1a98713eeb32,female,22,J78901
28,bca2be7a89b9b36b45cc,male,22,J40192
29,f058870b1bc33e288e82,female,23,J40192
30,a1fa76b5d99a411d6649,male,20,J57489
31,79ea7a2f63285f2fe26b,male,24,J78901
32,54826f4abf592713d585,male,23,J57489
33,e716574233e87591ff19,female,20,J40192
34,bab3d23935ae4f8e798c,female,23,J78901
35,d2403aa287eb869a170a,female,18,J23517
36,ce1a32f22b91f4d81015,female,21,J40192
37,d0a933a514028d777578,male,18,J57489
38,81c4c46f19cb21d54bbb,female,22,J57489
39,876aca2b8ce1958ea773,male,21,J87654
40,c57c5ca2df494f27ca64,female,22,J87654
41,64d1d58d40bca568347c,female,23,J23517
42,75c2677c8d156032e303,male,18,J23517
43,b345ecad87a7fbac77ce,female,18,J87654
44,360820d6620d17d1b48b,female,23,J78901
45,7086b49d3d6c2cf79c1a,female,24,J57489
46,cac3f85073c947532796,female,20,J40192
47,e37bbe9fe37f92b785d9,female,19,J87654
48,0a8736f6520cea837d94,male,19,J40192
49,37ae91c472189108a737,male,18,J87654
50,488934d01a504bc212b4,male,20,J78901
51,545eb6c8154273344669,female,20,J40192
52,22ae866c664a147f9971,male,23,J40192
53,86215294b080f19af22f,female,21,J40192
54,1e25b47eaef62694a236,female,19,J78901
55,580e98185da72b5f34cd,female,21,J78901
56,99d6b8a1cc0020112951,female,23,J23517
57,ff59855075a6bc39d62b,female,21,J87654
58,8d422b817027d7721870,male,20,J87654
59,18cdd44af62c6935e7a0,male,24,J23517
60,c00c91256ab1777d0dbc,female,22,J57489
61,10de703c06bf9d873d68,male,18,J23517
62,t3wo8xb4rq94n3fpfk35,female,24,J40192
63,8cvzwcc62ql4rqj0pyzl,male,20,J78901
64,79cvflltnemb9zpg6pgl,male,22,J40192
65,i21qi5qdsjqcch2xvdd5,male,19,J87654
66,qw1seyo5nrhlm8vby58w,male,19,J57489
67,exj3a7hd6gwihbowgm3w,male,22,J87654
68,qz6jjynwbd3szlp0rj04,female,24,J23517
69,0maggb1hf886m5u6p2vr,male,18,J40192
70,cuwakm24vlp785ky5w71,male,23,J87654
71,uvh2zil455wi0dcdan51,male,23,J57489
72,wwh529n48kyjq1xe9h46,male,23,J40192
73,o5lo8q4tb8yt0v8imkw4,female,21,J23517
74,pr6b1twg5sgsrzek6adi,female,21,J78901
75,zeuj2ypen39p38d4m3oj,male,23,J78901
76,6o68qswzkvrrtbiz6bzr,male,18,J57489
77,1mp9yiw6rkrr3846047g,male,19,J23517
78,lzvutqpj9ggc0nwwsxcv,male,19,J87654
79,isa355t9q5rut5fm8aml,male,23,J87654
80,5gs9643ghg39gpkgi3e5,male,18,J23517
81,ao2x473zwn7k7a6gpfr9,male,24,J57489
82,jwdjcrxdn0um79f0rjvw,male,22,J23517
83,oppl3ojvw61dvd5yw1wl,female,20,J78901
84,s0vfgmhobw9jq6al8iww,female,24,J40192
85,styld7k1gge5cvjria5b,female,18,J78901
86,fvurnsqlgyr9zbd6msqs,female,23,J40192
87,47vclaej1xmb0rc8kgka,male,18,J87654
88,cnkddx6ofjqd7ueylz0e,male,21,J40192
89,zlaig56ve06t7jruk2mr,female,18,J78901
90,ifj584ryrjv639n4nnsu,male,23,J57489
91,xh8a7nmtz192pknhec33,male,22,J40192
92,vhlntoniujqiclub2juy,male,18,J40192
93,9wax6sfj9cuqbbxc95om,female,22,J87654
94,oit2xadfbpuveswzx4pf,male,18,J87654
95,91ybnlkli8x332l13rrk,female,24,J78901
96,k4usquerebza4uy0i57h,male,20,J57489
97,6ae7d356ba998218af82,male,20,J40192
98,2c6339f7c23a64d02081,female,22,J78901
99,79fdbcf16db75f75383a,female,19,J23517
100,50fec4ca4283ad18c000,female,20,J78901
101,077d5c82c9ee5019220f,male,19,J57489
102,41f718ae2aed1d6c2573,female,19,J23517
103,222d5ee50487a2b8601b,male,18,J87654
104,0088dc183f73c83f763e,female,20,J87654
105,f9d95830556934ae9a01,female,20,J57489
106,06aff3e28c5db152f506,female,23,J78901
107,3555053023c67d592439,male,24,J78901
108,f25a777dbbda3d4314d7,female,20,J57489
109,41e9ff991a4a21f423a8,male,18,J78901
110,6002b9ec0f4ad0b281cf,male,20,J40192
111,0b8bea274b24847526b7,male,24,J40192
112,f7a14eb1e15ceeea955c,male,24,J87654
113,68c45e933c2dc939e7c9,male,21,J40192
114,a5966200ae4d58200438,female,23,J23517
115,6e8118d5ad3c7093b869,female,21,J57489
116,2f3c37735e817244e646,male,20,J57489
117,95889f5d20e344714084,female,18,J23517
118,1329b6cf41debecda787,male,22,J57489
119,cb2fbb322cc30a8b8fef,male,23,J78901
120,daf693769d8638a22ee9,female,23,J23517
121,da2199a7da15995db5ff,female,24,J40192
122,460fa4961434cf281423,female,21,J57489
123,18654732ca312afc173f,male,18,J87654
124,7c3fa9ed66d940d49692,male,20,J40192
125,6486c0664d217470d126,male,21,J57489
126,af8dedf6ecb4605a09fa,male,23,J40192
127,d2e033f11edce44fea3d,female,23,J87654
128,c955c51bfd07134bc831,female,21,J40192
129,906ffe092972df38360a,female,18,J78901
130,e6c8ce7f4d7b0b4ca4a6,female,21,J23517
131,5a8cce5abee961fc77f3,male,20,J57489
132,0c670262b3941d307600,female,18,J87654
133,7d882daa0b4d418d1d0c,female,22,J78901
134,d33a15d480f68c6ec82f,female,23,J23517
135,db2418c575c0a4f7239d,female,19,J40192
136,8f98bfcea1b9f0dba97e,female,22,J87654
137,5d580a610c7f8114eb5c,female,22,J87654
138,5c33bb784bb99763ed74,female,23,J87654
139,058c03d945c4ae0978a0,female,19,J23517
140,bfc3a5cb3b9c29f08176,female,20,J57489
141,a4bfb84ab74e59389e7a,female,22,J87654
142,152a0c17daaaa4e65e14,male,18,J87654
143,ee1ef9674f9e0bfca48b,male,22,J23517
144,977ece9de941d85308ac,female,24,J40192
145,15ab118362ecbbd03b52,male,20,J87654
146,f47eab262dd5809d4d60,male,19,J78901
147,5fbaf8a0f524358778bb,female,23,J40192
148,3267b84814316e2fa25e,female,23,J87654
149,f82461b84c9c48a36613,male,24,J78901
150,981cf48df067d975675b,male,22,J78901
151,bd099a9fd29545e3766a,female,21,J87654
152,9d030ebc092b353b9906,female,21,J23517
153,37905cfdcd105683aaf4,female,20,J78901
154,xy7cro773yqyoblucwkp,male,19,J87654
155,3qvqfnzdg358mord1cku,male,20,J23517
156,awxiqzybhp95e08qx1h5,female,21,J40192
157,dgoapkg9vpnafks22kx4,male,24,J87654
158,2jvnsh0veb6qnn3uv6i8,female,18,J87654
159,553l2g7kpifbvn82knxk,female,22,J78901
160,58n0dsxyyqnriomw67id,female,24,J78901
161,x8hldszj3z40bgxl4mci,male,20,J40192
162,putb7ja6dwpdag4bwvnj,male,18,J57489
163,3m4gx52iq3mwqdycm8mm,female,21,J87654
164,2zfdinkl7qrn0o62tlp4,male,24,J78901
165,rd32gyblqsfn03xatnmt,female,24,J87654
166,n8pe3tt7qmlgojwhhsj0,male,22,J57489
167,p6cp3ogj6xy2riczfupv,male,23,J78901
168,si6ymh6w7xbo2f40o0p8,male,18,J87654
169,9trgand057juzal1kecf,female,19,J78901
170,4acutl013itvh9va99p7,male,22,J23517
171,62olkigg7ntlaf6fzytl,male,21,J57489
172,zyfp520tbnq5p2pvrkin,female,19,J23517
173,yyz9rmyzzdp52h0glddp,male,18,J78901
174,2uxkhe454qk8jvk0ufvp,male,21,J87654
175,pkjom9yr5m9690fg6wsi,female,20,J23517
176,shtnl1wh1mconb8od5ko,male,21,J40192
177,ugaiak78ggmnku4yndlt,male,18,J57489
178,5mrih4nj5agvu67vao4m,male,20,J87654
179,66f99grd556eyxjqk7pz,male,19,J23517
180,vrdxefyyyx3tkticfqnv,female,23,J23517
181,ik7o5ykfnku0qp74sy1i,female,22,J40192
182,99dj4o3b2f6m4jemke7d,female,18,J57489
183,6tq9irjllweqmqe4u7sf,female,19,J40192
184,je7kqkmpwkosa7nkgfpx,male,21,J78901
185,3cic5ziycjx4ik4ll0v1,male,22,J57489
186,ef04ejvyvmh5votejbif,female,22,J40192
187,dfnvtf7qbi2955rjeaqx,female,19,J57489
188,bwvpzqnhh752noqjqj8d,female,19,J78901
189,4c90f16c0fcd85d3de25,female,21,J23517
190,2b9ef4e3749f713870b0,male,20,J40192
191,b8290aea71e7a5421a02,male,24,J57489
192,5f55600069b483f999f5,male,24,J87654
193,170a695a2717bcd9b74b,female,24,J57489
194,a0a1991396f865c9e3dc,female,19,J23517
195,3fee5c27236cbb682727,male,20,J23517
196,701a989d65a59c18845b,male,24,J57489
197,3672e2896ad7d8f2404e,female,19,J23517
198,52f1bca9ac9c792e4457,female,19,J78901
199,75097aa30e9373a612c7,female,23,J78901
200,72b4334deffff31dea8b,male,24,J87654
201,84e8300978b600b5f0ba,male,21,J23517
202,2ccfa5f79c8b61e465d4,male,22,J78901
203,63aded37545ab92d41d4,male,20,J40192
204,e851f82a650692f8e591,female,21,J78901
205,c352158bed343ccff8e5,male,18,J40192
206,e3ce61b92eeae0a33633,female,23,J87654
207,166cb02ac436c9d3662f,male,19,J78901
208,749fec50db4020e9bfcc,female,24,J78901
209,7ab9a2516b2dba99c36c,male,21,J23517
210,19fb3075dd2798538c9d,female,21,J40192
211,36ebf305b7206112f676,female,23,J78901
212,1397545fbe9882e5cd42,male,18,J87654
213,9e4c54a008ee874fc270,female,19,J78901
214,a8846b79555746e4f9df,female,18,J23517
215,1629f353a742f6a73251,male,21,J87654
216,1202c731c612353ceef0,male,23,J78901
217,0e062d9fa22dc8e3bca2,male,23,J23517
218,918236b530adbe510201,female,23,J87654
219,0f8bd9e33125347965a1,male,20,J87654
220,2c3b89432513b2035664,male,23,J87654
221,d94c5dba40d9fcbfb8d9,male,18,J40192
222,7380885aaba482170588,male,24,J87654
223,6d35a9a33338a84dd077,female,22,J87654
224,011d454f199c123d44ad,male,20,J57489
225,9e7bdc44129bf5acc196,female,19,J78901
226,93c2f240de504736b8d0,male,19,J57489
227,0f160cd19890b97092b9,female,22,J87654
228,432fd26823e230070734,male,24,J23517
229,f4e46ba446c56e56259b,male,22,J40192
230,8fb30cb5c7ad360c995f,male,21,J40192
231,cb8c2285066597e012c6,male,21,J57489
232,a55511198784610bf30b,male,24,J57489
233,c5b9961e65ffa73d971e,female,18,J40192
234,5b5ef66e547d63806a56,male,21,J87654
235,bafdbc62a48daf6840c9,male,22,J87654
236,d3ba1fe030801d700cb6,female,19,J57489
237,3f55d44d7572d52b2987,female,19,J40192
238,d27565678ffa4a9bfa85,female,22,J78901
239,efb9fe363bdeb9f48d69,female,23,J23517
240,28719a42e0cbf4991b7f,female,22,J78901
241,62156eada978f707f5d2,female,22,J87654
242,46a7a18ca160c829a15f,male,24,J23517
243,57c33a6126c456c5ada8,female,21,J78901
244,951eea03695f436017d3,female,20,J57489
245,098b2c66cbc1ed736e14,male,24,J40192
246,33ddb1517601db520cd6,male,20,J23517
247,446d2ad0ca2908ffa4f9,male,23,J78901
248,ae2e4cb7985c4ac71795,female,24,J87654
249,1b0baf552d2cd47ee10b,male,20,J23517
250,e86f896d71d48d87464d,male,18,J87654
251,62a877b83219f7974fd0,male,21,J40192
252,7a600fb7e3750998e7ae,male,22,J40192
253,c9c9f0b7606030f2aade,male,21,J23517
254,52f4899e918b57df28da,female,24,J23517
255,d235a2c32940b970ab7c,male,22,J87654
256,8242b99ad9d6609fd19c,male,20,J40192
257,8d93485dc6a4b2a9f03f,female,20,J40192
258,a108f1103f798c85d061,female,23,J40192
259,52d965ebf3ec0518bc0f,male,19,J78901
260,23dd64a1d2e4965198bf,male,23,J87654
261,f9ef2830cd485d038b53,male,22,J87654
262,e3b920878572dbcf8c9e,male,19,J87654
263,93iq4xjhvlc8072fsfet,male,19,J23517
264,nl4vt11ikn4we06zu0zj,male,24,J23517
265,cnqyqc90n3ixrlc3mri7,female,23,J23517
266,yb4sqfrwu788fa6y4zeb,male,23,J40192
267,kpw433bcv21ksp1wgrux,male,21,J40192
268,wxgj9kdmdrmullrthnso,female,23,J40192
269,bvz9hmtzknu45wvb0yaw,male,21,J40192
270,1kvfwfp2hr5hjxjxzjqd,male,22,J23517
271,m3y8jkkgflwqwcelrwzz,male,19,J40192
272,fov3pbwdqzvhgcjp7o9f,female,22,J87654
273,3iz4t53ooerb6sruxf3n,male,22,J57489
274,8ajv97zyciosc57q0cng,male,21,J40192
275,i8gdglua8vbd4ul9x09f,female,22,J78901
276,qd5cqu3du8n28xxtkftw,male,20,J23517
277,fvlb9xi66oze7eo3yhdh,male,24,J78901
278,4fl8e5s0nf65bm2m34f0,male,19,J87654
279,4glo109mkgy7azntyttp,male,21,J78901
280,cunf3y04zq0f90dgy36j,male,18,J78901
281,wbdvbdebq64ujpi9u7mn,female,18,J23517
282,0gfiioqi5g8djhh1wzol,female,20,J57489
283,fb735wd248crm37cgmgw,male,18,J40192
284,zon2ut7eqwqd7i86etaw,female,24,J57489
285,1hrtipd0awjpggdje5e2,female,18,J40192
286,hcm6w0jxnfqhkpm745cu,male,19,J40192
287,z0ti2nr5nh9fpad7wntt,female,21,J87654
288,44x159fl0pw2uucriuga,female,21,J23517
289,7c2qxvccum7f93e8ohgt,female,22,J40192
290,d6qgzp196pwnzk7agyn6,female,18,J57489
291,alj4azvv1eqg1cyr3ae3,male,24,J57489
292,vqz1prz6hwnqepxsieip,female,24,J78901
293,4xh67ezjc331pg9q3kfv,male,20,J57489
294,t8a5fgt3wo8w18amulu3,female,24,J87654
295,7r0ywonplo8up7m35eav,female,18,J23517
296,no0afrue2n6m8hcnuek1,female,24,J57489
297,ymb5gxf0fi27kpj2f101,female,20,J57489
298,d93519b044de1fa037b0,female,24,J87654
299,afc99b4940e933922aca,female,19,J23517
300,c5d83404b165578ef794,female,18,J78901
301,dcd0562f8fb44933cb08,male,18,J87654
302,7694d71417c2f5202940,male,24,J87654
303,3ba42ec5350aacb0750a,male,24,J57489
304,e9b6fa8a87469779d732,male,21,J78901
305,cafe5989da5dfed9f404,male,19,J57489
306,d52b119f8da2a1812722,female,19,J78901
307,11dae4659d30031a10dd,female,20,J57489
308,ec4897070f2d3b6eab89,male,19,J78901
309,a3a0e2129e405aef3d87,male,23,J78901
310,a06fdb8743c4d4ef09fe,male,22,J23517
311,3ff069e95a9047dbfa8b,male,20,J57489
312,016226278e6a69e10aa4,male,20,J57489
313,7c1d8516e6c2ab2d3030,male,18,J23517
314,453d43b3f6bdf467e672,male,24,J40192
315,6fe309a58b787e7010eb,female,18,J87654
316,d8ed5a1897987ffdeaed,female,19,J40192
317,99a53846658ba3341de6,female,23,J87654
318,3919286d3d8c4f4d339c,male,19,J40192
319,4a6e1cf1e4e9d8f54717,female,18,J78901
320,0fc996fff93c00ca5ced,male,18,J23517
321,aa83cf5fc68c1dcb5038,female,19,J23517
322,c9c946fe211251af32d1,male,21,J57489
323,bb3328d3b1eecb5e1a8a,female,18,J40192
324,5f7b406b2bbf9789735f,male,18,J57489
325,61de1e21015e07aacbe8,female,19,J23517
326,c9c9f0b7606030f2aade,female,23,J87654
327,d1e44a91dd4f37c03d43,female,21,J23517
328,7bb37669654dedc7e397,female,19,J78901
329,061db2c91f94c612f2d4,female,18,J57489
330,76fe2c19fa84d58b584b,male,18,J78901
331,f36a755a3fa5db5c0743,male,23,J87654
332,cf7f9c2c6872be9bf2d6,female,18,J23517
333,b8162292f2171005c2ba,male,24,J87654
334,a8350dcececa0b02dd14,male,18,J23517
335,c99e6802625540e4d1e2,female,19,J40192
336,cade7d478dac7020a79b,male,24,J40192
337,20f97b68982d1b2f5c73,male,23,J23517
338,6d22912e7e93a96a8690,male,22,J23517
339,db0bcf208cbed26d0bfe,female,24,J78901
340,90f3fbedfce50f644011,female,18,J40192
341,728a4a393899c37a5429,female,20,J78901
342,e3d0782396c346359a8f,female,22,J78901
343,9d02a160cd171c5f4c18,male,22,J87654
344,9952cc289c9f690621ec,male,20,J23517
345,0c57caf5358d30408034,female,21,J23517
346,93f451c36b535d39003d,female,22,J57489
347,ac4d829c715fb0c36ad5,male,18,J23517
348,0d4a3518a188f6888380,male,24,J78901
349,fqcud1c5mt7pdp9w0v6y,female,19,J87654
350,rq44ojyrvdtad0tzsm32,female,18,J40192
351,h6miro3m8713s3dxuipr,female,20,J57489
352,lexte4gc3dvjb7ty0qf5,male,20,J23517
353,6dx4zt62b8m37krb5l3n,male,23,J78901
354,oi7j42phxrp4mc1n9h4b,female,20,J78901
355,i5hexmb5zlzhd8lvwdv3,male,22,J57489
356,cp4d94b2v0ws6am7mvuw,female,23,J78901
357,6cxj0lsinp9d7215gtpe,male,18,J23517
358,t7x7ydt3u1cd2svfvk4q,male,24,J23517
359,6iag08nt7se7f2hkgzx4,male,20,J40192
360,d3tt41de5iashfjr1txr,male,18,J87654
361,uk8sadmdmw8p7e22l2yr,female,19,J57489
362,svxexhg20hs3bbqd4fm7,female,18,J23517
363,3p34idi1traz2k8j0ulk,female,20,J78901
364,t9a891e0764br5ujna1a,male,20,J57489
365,zeuj820acn6zhcbx617v,female,24,J57489
366,i1fr7kd71b2ni39kn958,male,19,J87654
367,tvsgkf4oqh769h40lj43,female,20,J87654
368,buv73728fa9viqgrz5mj,male,22,J23517
369,w1uwjc89gv68yxkutpoe,male,24,J78901
370,fkenlzdweox7v0zaopqo,female,18,J87654
371,uy29im7a6hnc34lfp8ae,male,21,J40192
372,kilhyvtskm84umerpjee,male,22,J23517
373,8urc1lsyw615q5prnxwh,male,23,J40192
374,jyaxybaq8vui614ytd8i,male,18,J78901
375,ijieo064jbrs5ss1cmol,female,20,J87654
376,zc7xkcpo969z98kh6bg8,female,24,J78901
377,4vnvytgnlmv4jbfw9h3t,male,21,J87654
378,pv0c4za1m616k25gfwfb,male,20,J78901
379,mqqf68ny1kdp6i69i7tt,female,18,J23517
380,9a25hcbd3mhgaj0fyelo,female,22,J78901
381,9lfh7vk4u8eh6zz1dmvp,male,21,J40192
382,xsxczvs8iluovs3pt5q7,female,22,J40192
383,reo07h0d5zehmotdlz2w,male,19,J57489
384,2d526c27123e59103e29,male,22,J87654
385,488fc49e8fccd665c3e2,female,18,J40192
386,be032ee60c336e4701e0,female,23,J87654
387,19793e7e55b68c8dd776,male,20,J23517
388,fe752a6d1aa3d710d738,male,23,J87654
389,912794ea0c6936c83ce2,male,22,J23517
390,17e429460d5fda251953,male,19,J78901
391,2e3e7cbe0e69add8d31a,male,21,J87654
392,4bceaffe5e429ed3333b,male,24,J40192
393,f22c9341431a6123f670,male,23,J23517
394,0107f72b66cbd1a0926d,female,19,J78901
395,4c26df96293b4a52bc03,male,19,J23517
396,8e25bcfa51d165f162f6,female,20,J40192
397,9ee3e6df01c7cc22d066,female,23,J23517
398,42e83553ca9d77ab4aee,male,20,J23517
399,ba563fef8484139dc84d,female,24,J57489
400,9b1c065069dbb7a71617,male,23,J78901
401,1fa4f2361b8a03040292,male,21,J40192
402,82da6d26645f8f71bd61,male,22,J40192
403,a9554f5c3d61d05617e1,male,19,J87654
404,2e2c00240c341a4265e3,female,18,J40192
405,4e768251c78b687fa993,male,19,J87654
406,6964a3d507ac1ecf9e52,male,19,J23517
407,03754dce5ec7731fb3e2,male,19,J87654
408,4738a118c8b8fa271fd6,female,21,J87654
409,2af634997fba501740c2,male,22,J87654
410,c9e6e9322dd7054e618c,male,24,J78901
411,d72abe041b8db9118e70,male,18,J23517
412,b0a62c35bfc7f529e83b,female,23,J40192
413,a856f10303ba34926fdd,female,18,J78901
414,951678e2f3db4cd9911d,male,22,J87654
415,b34d4dc5b6c5fd7c5def,male,20,J57489
416,430420fb41fe0a889868,female,19,J78901
417,e17f01453906e3ae5716,female,21,J87654
418,d536120baaef5495c028,female,22,J87654
419,2ecb7fb5ff8899614c12,female,20,J23517
420,d6f3f410bbb24244d270,male,18,J40192
421,67f8d47cfb7b7b3d2095,female,20,J87654
422,a0fa57995e3e8cdcc13a,male,21,J57489
423,fe40bd528b4fbbf591e1,male,23,J78901
424,be52205cb48c05e10567,male,22,J87654
425,03e0c9bff3a9557480d9,female,18,J23517
426,60c3549c706fe13322ce,female,20,J87654
427,2826ec26211d83efd2c6,female,23,J23517
428,6b9ee688551136da2eb9,male,23,J78901
429,454c91e8f96c1dc4e994,male,20,J23517
430,854ce9f7f4d7b6115854,male,20,J87654
431,d103bd9455fb9258c805,female,19,J40192
432,13de1d3a55477a0c0329,female,20,J23517
433,pg8ucem69ixbqhznx0x2,female,18,J40192
434,vzdurh8f0rfus5h4bde2,male,23,J57489
435,ucxxvfcovdwuokyswife,male,21,J40192
436,yums89f0epz009xrrwrf,male,22,J87654
437,4y1vvkscejq34042oag4,female,19,J40192
438,ng2c52g74hfaudyxmm6m,male,19,J23517
439,ttsjumez81r1ot6tfe7n,male,18,J57489
440,m3xzctvbxlbxz80zz042,female,21,J57489
441,1nebcwra7a0fduy8c1fa,male,19,J78901
442,z9q10sbk27qpuvatlkuw,male,19,J40192
443,cgydhui8n3uoxbq5rznl,female,19,J23517
444,sdun9fmcol7sud39mllw,female,21,J87654
445,csxiwtz34vm9vr0kbryx,male,18,J40192
446,4v5xbvn3yhmvs97477pc,male,18,J57489
447,g5wbnnhq1jbyc32q3003,female,24,J57489
448,ulowmljtsh72z64haltq,female,22,J57489
449,19rc4zj7sw4ms0996992,male,21,J23517
450,mn8t0yyppsznr674ic1a,male,19,J57489
451,isavn2ahb9n5z1q8win5,female,21,J78901
452,uhky1uwx18u1e4nixzzf,female,22,J57489
453,h9urbo4ce8x02brjnloz,female,18,J40192
454,lewkf2owb42ywhfto9yf,female,23,J57489
455,p3cs5x8cxrwubesmagvl,female,24,J40192
456,u968v341lom8drwdzqqj,male,20,J87654
457,x8hocidvl3emcmrhw2f8,male,24,J57489
458,0sgnvj4zfg3xjjb9fl6h,female,24,J40192
459,7ddzwidmh4uwbopvlast,female,23,J87654
460,j8inicu0iafkpv3u9431,male,23,J87654
461,74g1r714u01v7nb4vn8w,female,18,J87654
462,em248gxmeso9cw0wzlv8,female,24,J57489
463,hoedc2pzfz6av5bn1jq3,male,22,J87654
464,3ywgcurp27qp1fydp27z,male,22,J57489
465,inyirhdpjahiguhs9e5b,female,24,J78901
466,flde3irykh8wauaj2fuw,male,23,J57489
467,1otvyki9oso9bg6ob16u,female,23,J57489
468,05e1c3ce1728da7e37e0,female,19,J40192
469,93f200d7351d4980fec6,male,18,J23517
470,4dfdfa5e1a04c832b9b4,female,24,J87654
471,151cd83784ab9007e8d8,female,20,J40192
472,8e1012c9f4775ba6a451,male,21,J78901
473,413cbf664ac3ba8307ea,male,20,J23517
474,3bf7b3c9aa7d93ecb603,female,18,J57489
475,9ad512cc6cbd79aa81c7,female,19,J57489
476,71f6622e7caa6ed92506,male,20,J40192
477,2fe9648ea28753c73c2c,male,24,J23517
478,4474f24ef69e01e2c001,female,18,J40192
479,f81f52969ef1de783de3,female,21,J40192
480,b9c7c66c8b57b9d3c6fa,female,20,J87654
481,a95a606f0110653858b2,female,19,J40192
482,66d7c0bdb21b7d5bd83d,male,23,J23517
483,c89e8b7b18082e2fa6df,male,21,J57489
484,522837ace4fd8dd743f2,male,22,J87654
485,0df40593e76a840fd64b,female,21,J57489
486,952e59666bdde6dad94c,female,22,J87654
487,800d0095388d11344b78,female,24,J87654
488,d53a4fb612fb801fff3d,female,19,J87654
489,71ca74e191e71b0219b5,male,19,J78901
490,dddd7ba8769cf90bfd62,female,18,J23517
491,758a52e21fd5c23cd7ed,female,22,J57489
492,4cc0dc56eecea1d928d1,female,21,J87654
493,e62f7655cb5259abfbf1,male,19,J78901
494,0258f681a9e1756dfc76,female,24,J78901
495,8bf3625652581859dcd1,female,23,J57489
496,63c38a00d97e62c31e08,female,22,J23517
497,f9dde99f5db421171b51,male,23,J87654
498,b1b3363b7086aaa99b0d,female,20,J40192
499,e4af37199530e9ea523c,male,24,J23517
500,204fdbe885269686a392,male,24,J57489
501,b1fbf77b475e79c3d413,male,21,J87654
502,7f1c076b22be73eef99b,male,24,J23517
503,b9a8b9ee84232efd7d61,male,24,J87654
504,52a24e35d5356ab34a2e,male,23,J40192
505,5abcc9d4fb5e764b2f6f,female,21,J87654
506,04f2689b4ea16d8d7d9a,female,24,J23517
507,2db6dd71f1d07300382c,male,21,J87654
508,d2c5423ea5fa0a995264,male,20,J78901
509,81c441973fd4e024d60a,female,19,J57489
510,83b54209fa2b1055369b,male,21,J57489
511,9ee4ff457095eaf23309,female,21,J40192
512,b6808721d4a7900e360a,female,18,J57489
513,f05247f3d32a4bf5a6df,female,19,J78901
514,6fc66606e74242398444,female,18,J78901
515,5a44a7c59729d41d596a,female,24,J78901
516,05e6d9723ab3cde0841d,male,23,J87654
517,2a515047aa9d085849a2,female,19,J23517
518,3f34e3108d1108dab0fd,male,18,J57489
519,42dd5f9cd9e2c3ac9ed7,male,23,J40192
520,e5cab2ae37f3a9ed4f46,female,21,J78901
521,ca10145a308249ed82e9,male,21,J23517
522,5cda8273b348fbda9f29,female,24,J87654
523,96c23b85b0b4ffdc3cae,male,22,J87654
524,329622100fe091a4c48c,male,20,J78901
525,2933a3227c7ce7fe21eb,male,19,J23517
526,3dba043eb6065ad3a343,male,22,J40192
527,8a9f3822aaa08e579e4f,female,19,J57489
528,1367d35cf39783effa7a,female,18,J57489
529,c6ab0de398cfcbd21dc5,male,19,J23517
530,4e508744a9816cc4586a,female,20,J87654
531,o3jddioub8dsv0fm22qn,female,23,J57489
532,4130weedl0x9hc7qe5a4,male,20,J87654
533,aqpg6qwtponj9ojmx6ls,female,19,J87654
534,pgknalznufvmvwgc1ca8,female,24,J23517
535,oc0ww31yssff9rktgowo,female,22,J23517
536,rsclhbtmbxt0xrye64ax,female,21,J57489
537,orubxhpr5e1heat93ue4,male,21,J78901
538,4x441h9y6wzknmtdw7q4,male,24,J40192
539,2a6ap0t2rsvoogmydj3a,male,24,J87654
540,daty5mq7b20bkt2c2zfs,male,24,J40192
541,hhplrx9xd7cm2w7aslma,female,19,J78901
542,xgvqpyg5mro3wihwngur,female,22,J57489
543,jnupp0jsv1kjsvbzlnrr,female,24,J23517
544,u9owl1eky0jf8t3nc50o,female,20,J40192
545,ubi6gd21j9e9rw46hoz6,female,21,J57489
546,tv0sptqq56ri3dpcd9nl,female,19,J87654
547,8kvpozl8kjupzd4yvwbv,female,18,J57489
548,m6p2hujqw21vc4lyt3f3,female,21,J87654
549,nx4zicy1jbulkuen41s5,male,18,J78901
550,xnvmb8uox3576k142awg,female,21,J40192
551,nkr2o4v6q9alvt7ju51e,female,19,J57489
552,01qkq6w2v62cimidb3b7,female,24,J40192
553,tp8x8dgd7d6dhpth8xni,female,24,J40192
554,uhthvh60xp911d47x7xm,female,24,J78901
555,a30afe3tftu3pgsdxxdq,female,20,J23517
556,9nfrfi8p7oktnfr9c30b,male,20,J78901
557,34qcy2qj5lij7g82hpvw,male,23,J40192
558,mhufhb84kyqgs0anwy1d,female,24,J87654
559,1afepx549ssnar1m9acp,male,22,J23517
560,j605t14y7ie6vr2n8s2c,female,23,J57489
561,zq3xohaut5o9dbd9064z,male,18,J87654
562,me4d1o3nzhyoj0xfast0,male,23,J57489
563,p611flt77czmqgut14jl,female,24,J87654
564,zuw35j06tzftt6oon4c5,female,21,J40192
565,f527k17lr4aumahjtj92,male,20,J78901
566,33184c1cba6a37cdbda2,male,21,J23517
567,3f81bf9625e47ca1963f,female,19,J23517
568,8bece93f0b270602e64f,female,20,J78901
569,27cc9165eef05eb1733f,male,18,J23517
570,3c37e3ad275dcdd39e2c,female,22,J23517
571,46e2d5243b6eef040f97,male,24,J87654
572,37f3b3d773c5c073bc9a,male,19,J57489
573,96dc0554852b5a94a400,male,24,J23517
574,6273f50d9a0b4e6d971c,male,22,J87654
575,4478eae73fb84cedb102,male,24,J23517
576,0a7f1a73361654329281,male,22,J23517
577,301f57984e5d2969c938,male,23,J87654
578,3b3b2319b0995f149ecc,female,23,J87654
579,3313c40ea45a87f9d2e7,female,21,J78901
580,81931021ce711e124d0b,male,21,J87654
581,9294393fcd13593bc537,male,24,J78901
582,31741464205aa8cdb4f5,female,24,J40192
583,c63d5a67687762a9f967,female,24,J40192
584,ad29c5822807dabe497c,male,21,J40192
585,6fefd33cf297f69bcae3,female,21,J57489
586,17dda5f588bed077c742,female,23,J78901
587,6d90c2fd38f2ea52ffd8,male,20,J57489
588,fcf6463f948b24ac7cd8,male,20,J78901
589,d1df92e9d19fb2f22ebb,male,23,J57489
590,72d383f55803c5a81bd6,female,22,J40192
591,c20c86d30d19b39745e2,female,21,J57489
592,f26c1d520ac39293c68a,female,20,J87654
593,bc48d03763657ec4aa63,male,24,J40192
594,09e4bfadd7e012c37c7c,female,22,J78901
595,fc39de3859d890b9693d,male,22,J23517
596,a94a32ebd5f7d177053a,female,22,J40192
597,9b43f5fcb5d592a689af,female,22,J78901
598,b26aab632fd33a01020a,male,19,J87654
599,074d7f43de7264306775,male,22,J78901
600,fabad359607dabbaaed4,male,23,J57489
601,d6d6e7da792fdf0106f0,female,24,J57489
602,e6b9a4292b6a8e8e0ef0,male,19,J78901
603,9493dac6dc982d2b3dbe,male,20,J40192
604,9104b8987aefa9d8e884,female,24,J23517
605,7ec5fc60b1ce755e0e17,female,20,J23517
606,24ca7714d40e2fe53821,male,24,J40192
607,16c505069c1e5c2bece5,male,18,J78901
608,69a4b3d15a5bf0d0e43e,male,21,J57489
609,6abeead45fd57abadaff,female,19,J40192
610,5e89fad73b2ada2a30bf,female,19,J23517
611,94066a900026329cd5cd,female,19,J23517
612,0bb8692f43a372e8d967,male,20,J23517
613,e224221a9971f9f45489,male,21,J87654
614,c42aff1f9940e24491cc,male,18,J78901
615,a34fbbb7d9a19eb82450,male,18,J78901
616,3c71b62d597098c4cd18,female,23,J78901
617,43d34a076620e32fedfa,male,20,J23517
618,eec0307b4d47609d6933,male,18,J40192
619,d45eea92ed42431d9076,male,20,J23517
620,fe5cf715d9c94fc7779e,male,18,J57489
621,1f56b6bda24efafcf3a4,male,21,J40192
622,c682f6819dfbfc964bc7,male,19,J87654
623,81e59e96ce9bd6a76bdb,male,21,J23517
624,a96027a83196027cf822,male,22,J78901
625,f964ee6bca634319a68f,male,18,J57489
626,c35834f349db8ef7c591,male,24,J23517
627,7f91b4ad141d21887b79,female,22,J78901
628,a11b89c60677835e450c,female,19,J40192
629,lf5hmkicbiuolk7khwwb,male,24,J40192
630,4ewf46mylf75olvvihqj,female,23,J40192
631,u2rchqp6tof1bkr07izf,male,19,J87654
632,nrv5a6tr3ya2iv3p5xpo,male,24,J23517
633,70ym0xeqaqmx14dv6myx,male,22,J78901
634,r7embk7pqzg5g5p245x4,female,20,J78901
635,b2imd0ms1p4fxkfcpygc,male,21,J23517
636,jv67r7eqa9z2a1777eex,male,21,J57489
637,8jo5o2abn697lg482k0e,male,19,J78901
638,ezdogkk0jqt4nvvvbnxp,male,19,J78901
639,wf7yq9n2spgto3w5ad9r,male,19,J87654
640,p9enp5lzhiufas1xpd8p,female,18,J78901
641,lx7vfcjhdxzh2wkt42hc,male,23,J78901
642,dwg6k0ka5vuwzo5h11m0,female,22,J40192
643,5jxldd3plo4x6oq140l5,female,21,J57489
644,orgvbr9mbmfo4z8tbsa3,male,20,J78901
645,3w0b2b1gz9i1nhmtab7s,male,24,J78901
646,22fey6dqzcrm0jbtfnmm,female,19,J57489
647,4atjmlccken75lck9ffp,female,22,J78901
648,tuidsy7wcktf3jppecp5,male,18,J78901
649,gzthlilac9ixoayq02u1,female,18,J57489
650,r3uk44zat2tcyj5wmojt,female,24,J87654
651,k1r03pvvsv9zxrft5jgi,male,18,J78901
652,5ez4c53h3kdamnlvkpna,male,20,J23517
653,p10d5vx8mpn0v82i51gp,male,24,J78901
654,sushd67p0jy6f04a3h0m,male,21,J57489
655,cmy2w5due4kl6pn6uia5,female,23,J40192
656,4oqxw56hzk4fk8aqh3e0,male,22,J78901
657,d4geyy1ox6qzlz4ibz0z,female,22,J57489
658,wu3cwt7cavxrllp6s123,female,18,J23517
659,sf30f3p1koevnfztc2pd,male,19,J87654
660,i8lx9f5ut0kaz120j30d,female,22,J23517
661,6ixkthdoadcwip3r1sy2,male,23,J23517
662,skyax9iocbd5gzronpru,male,20,J87654
663,s97masc6nt48h4ly8s1w,female,24,J40192
664,510a90cd169e2eb042ab,male,18,J40192
665,2959d8017312337a2ba6,female,23,J78901
666,07e3362d20ff4337671b,male,23,J23517
667,b6ed77b2b3283f9379c8,female,20,J78901
668,09dfa3f18e48917f0242,male,19,J23517
669,dba2bc2a15c1e8d696fe,male,20,J40192
670,ca66ab7e59628143cf1e,male,21,J87654
671,4a7f53c0a376edadf38a,male,19,J23517
672,bfcf5965e6024248f0a3,male,19,J40192
673,4156dc6090d72c95c23b,female,19,J57489
674,1b36a3223f9dd94a211f,male,21,J57489
675,8cdbc02c05d6ebafa9eb,female,23,J57489
676,390d1fc3b78420815190,male,23,J23517
677,be24259f2867b231800d,female,22,J23517
678,c7c79725138f07b9c265,female,20,J87654
679,e199ddadaaf5aee02eb8,female,24,J57489
680,b92448e12093e45dc6ff,female,19,J40192
681,28d90a892cc66338f962,female,19,J78901
682,3a9d955e2ef47191a742,male,21,J87654
683,1096bd470d3ddff1ec1c,female,24,J23517
684,8b586d8b9c06414b2487,female,23,J78901
685,cc317db3f3bb874542a7,male,23,J87654
686,1224ceafb61456a033d0,female,24,J57489
687,29acddb87cfe062d73f5,female,23,J87654
688,e103cf810dfba59d0431,female,24,J87654
689,25c8e1ae2335e8c3e5b3,male,23,J78901
690,b8a4fd679898150ef87a,male,22,J23517
691,80423084979315c20dbf,male,18,J23517
692,217c87d59a4372c4f3fc,male,21,J87654
693,5ada57d72f07c3803d33,male,22,J87654
694,f1c1c0932bfeb74762d0,female,19,J57489
695,b21ec59d991586279d95,male,24,J40192
696,e28711e2f5500d3d6b04,female,23,J40192
697,0d260d8fac2289c8ed9e,female,21,J40192
698,4c79be630ae9d3db6aaf,male,19,J23517
699,5e12a0421c20717035cb,female,20,J87654
700,7207088b2ef28ff6b669,female,21,J87654
701,c24bc0aaf20c79d2dfda,male,20,J78901
702,24524df0ca55659c384e,female,22,J40192
703,ed5a13234f04cae4894d,male,24,J23517
704,e7958857e7d2292ffbc7,female,21,J78901
705,86366c9920186cc4d1a3,female,23,J78901
706,767e222eeb367b2b010f,male,19,J87654
707,46a60ed041c8ebf98061,female,20,J23517
708,54342435561e775ce97f,male,19,J87654
709,78e6c80ea8dc73ec747d,male,18,J23517
710,f50dcd09709383fea95f,male,24,J57489
711,ade35014b25afed24916,female,24,J23517
712,914f82268754cbf71a54,female,18,J57489
713,c0884e4814b0f32935f8,male,20,J78901
714,a87767892344a954c746,male,21,J40192
715,8f81bd9cbc5471ebfc60,male,22,J23517
716,e86f896d71d48d87464d,male,20,J57489
717,5c83f4ed6601ddf1a6fa,male,20,J23517
718,0999173c045ee29a0b44,male,23,J40192
719,8f477d2c60ec76ce22b7,female,23,J57489
720,6604efc6fd93e070f40a,female,18,J23517
721,1883af270e36a7580332,male,22,J40192
722,a14b9aa97f66fc82ede3,female,24,J87654
723,388090578f22a3c33738,female,20,J57489
724,1fc5b87acdfc2a8b580c,male,18,J23517
725,0b28c0a454678b75eefb,male,22,J57489
726,dfa917b9dc15c87ab016,male,18,J40192
727,2e54b1c7bff5847c82a8,female,18,J57489
728,869eacc999a52155ed53,male,20,J57489
729,cby6hsod14blxr7zyfjs,female,24,J87654
730,gm1xiqmop9j2d2acc2jg,female,18,J87654
731,lqm8jh0uggps7yd0lx2x,female,21,J40192
732,7ae6jy1vw15ppmnq6sba,female,24,J40192
733,quam8ci0euq2dz8xldzz,male,18,J40192
734,4bq1kdgygbtif8w80s5y,male,19,J57489
735,l41f9f1gb0y5rxcqfv64,female,19,J87654
736,d16ht4y29lrac1brhwm1,female,20,J78901
737,0txd5enpfmbrth46w74b,male,23,J78901
738,preni1j2j1gkvq1knpag,male,23,J40192
739,ggweeccb6anw0j3y32t0,male,22,J78901
740,uem908xkm2x04s4iu84k,male,24,J40192
741,nd9xpohv0s4ttw0o7fts,female,18,J23517
742,ny6yox8nvtlotclebkk8,female,21,J57489
743,hpb03ydulnt2b9ffa0j2,female,19,J57489
744,2krjeqjgjqfuumdo3ibt,male,19,J40192
745,1n42senfkcjopw1zh39l,male,24,J23517
746,jj1jl4nhnkxllubypoq3,female,22,J23517
747,f5j3cojh9fr5gvylr0yi,female,22,J40192
748,hkk3qiui3e3r969oyfhf,female,18,J57489
749,xw0r5n17yfqv2va40bhi,female,19,J87654
750,4erna0vkk9gu5umle1se,female,21,J23517
751,fvqo3hum9a1rl6rxbyre,male,18,J78901
752,22wb5ostye8edvfar59p,male,21,J40192
753,bgvt5n1h0qt51ze0md7w,female,23,J78901
754,g4l5baozrnfblxayrhox,male,23,J57489
755,ec5zb47nxjbuzemc81p0,male,22,J40192
756,rd4p70jwu852pbdjwl2d,female,18,J57489
757,59bybxqvhton27u0jtfm,male,22,J40192
758,x7xh8m5fvmipvkav1cb4,male,18,J57489
759,ljylby8inwh5b93wkean,male,19,J40192
760,ygoahstwe9gz9w87qncs,male,20,J57489
761,xlp4p1b56hrhhyr2y3kd,female,21,J87654
762,me044us8pj1824r4dye2,female,20,J78901
763,0lgtv09uoh3ova8sjbze,male,22,J87654
764,139429592a9c23c08b71,female,20,J23517
765,b217bae3c84d59dde71f,female,18,J57489
766,e50db74322430aa289b1,female,19,J40192
767,4388d48ebff4cf866ecd,female,20,J57489
768,cef765c4375252a6029b,female,21,J40192
769,3ac65fbc295f5fbd2ff7,male,20,J40192
770,e73ae5f649c6f52b3fb1,male,20,J87654
771,b57bc31cac59b3d26216,male,24,J23517
772,132c90d4a027a4477ad0,female,19,J87654
773,33c123d08dc07edb50f9,male,21,J40192
774,9f447b50d5788f7b4d0a,male,20,J87654
775,23f1f5d3d90e2890a423,female,19,J78901
776,34aaaa47df8c4aa4d926,female,20,J78901
777,875704a45c0214c68eae,male,23,J87654
778,c5c5e10586e94f96fe95,male,22,J87654
779,2a003b122e9500e465c4,male,20,J40192
780,533bc4c6716035e694ac,female,23,J40192
781,a624e4f6e0a8f026cba9,female,22,J87654
782,7509bbe0d23fe15928ba,male,18,J78901
783,eb93cedc17b4eac76750,male,23,J87654
784,1feef8b4129f5bf21e67,female,22,J78901
785,951d2aca1b8a1c336908,male,23,J23517
786,49b95110a8c59f6b6c58,female,22,J23517
787,b8c0c68e7f1220949deb,female,24,J57489
788,451b0095938a3c54efc4,male,23,J87654
789,e4c80506c14da4ad563d,male,19,J87654
790,25019b8f1c3ac537894b,male,24,J78901
791,4884f3bdc068ef01e042,male,21,J40192
792,b43532c7a35b6aedd478,male,24,J78901
793,f9c641e9c05c243a751e,male,24,J40192
794,960bf72352d4f58ad083,female,21,J78901
795,0557b1363a5092b5811f,male,23,J78901
796,091554ffa26fc9b17c36,female,24,J87654
797,d7ad1a5f3ab7d6237f8e,male,21,J78901
798,e4d6737b176e6ca5ef06,male,22,J40192
799,5914db0d4427b322e8af,female,20,J78901
800,6314d7cbc465e29f357c,male,24,J40192
801,d2cb0d0da17471ee23a9,male,20,J40192
802,75dcc10ba89fd0c25d50,female,21,J40192
803,98be3476791a8df7e937,male,19,J57489
804,29172d2e39ca0d890848,female,22,J57489
805,b083663157e08e36d335,male,19,J78901
806,48ad93c227abfa9542aa,female,24,J23517
807,3ab864e1e692786fefd2,male,18,J78901
808,3b6f3bb370f3107e257d,male,18,J57489
809,a12c27630a75f6a4a64a,female,18,J23517
810,d27565678ffa4a9bfa85,female,18,J57489
811,4a0890c15c26984c191f,male,22,J87654
812,a0b36e07079573966740,female,18,J40192
813,852687af72e9ee38fb42,female,23,J23517
814,9723ceb0cf2dca42c118,female,19,J87654
815,bd657014cfd3fe7a8fe2,male,21,J40192
816,ff59855075a6bc39d62b,male,19,J40192
817,02068067a434adb6556a,female,22,J23517
818,3531c5f9d520759ba697,female,23,J78901
819,037a76bc8e6bf5fe1fc0,male,22,J87654
820,c08165d73ae49215c391,male,21,J87654
821,84146496b8d6256d6982,male,19,J57489
822,5be7405ad4ae9d9a2853,female,18,J23517
823,b8290aea71e7a5421a02,female,23,J23517
824,5a44a7c59729d41d596a,female,20,J40192
825,q42hf4ad91sqkl0lbfh4,female,24,J87654
826,m7prwt2ubs9o4x4ecebj,female,24,J40192
827,deg9esxpiezaya5obs1e,female,23,J87654
828,urr54xfqlfy6uq8nuo0n,female,20,J40192
829,3sc0054rs9ik2p3l3zzr,male,23,J40192
830,hitoc7ngyvt9aaebo1na,male,20,J78901
831,3j2vbe9wnsfu4lpkyne4,male,22,J87654
832,q3pyoy44nn6q6nyjgy9n,female,21,J78901
833,vgj44dnko7croq2qytng,female,20,J87654
834,tzaeahyy9lpjuc2r3hl4,male,21,J23517
835,5bv3jsp9s9e00dmfn4yz,male,21,J87654
836,dgp0xkhu3d61usta1wjo,male,21,J87654
837,hmju4kxemo560ilakak8,male,19,J40192
838,jkfou7hhzge0irwf1xmf,female,18,J57489
839,riyfiej5klr0bqfnptv3,female,21,J23517
840,cev4eof26erqost96sw1,female,24,J87654
841,65pjnae3qrygsy0t42jg,female,22,J87654
842,490bhm7of35x1ixmdp9v,female,22,J78901
843,v1ya43au2scaq7man13k,male,19,J23517
844,8wnv6qj0ldurx7px1177,female,18,J78901
845,8l44g9ws39dgfe4os5d8,male,21,J40192
846,igm3qwikiaey95nry3xj,female,24,J57489
847,imkfiwhasub5ykkblh9s,male,20,J40192
848,dsl763gdflunv3oaoejm,female,21,J87654
849,cu903mvqchcup1lsf83t,female,24,J78901
850,k7bf90hpau5950c87l3i,female,18,J40192
851,5cvh2l8k7xnsm53a53hq,male,18,J40192
852,wzc5k9w9l08gue9h43cs,male,19,J23517
853,4v8jwi9ynwjob7t67edm,male,23,J78901
854,gl03oba0pirnpnqsw1tt,female,20,J78901
855,7tgwr4y5vwq4rojo38ot,male,20,J23517
856,9llibjm0o9fjr5maydvm,female,18,J87654
857,pgz595amcuc1566oihze,male,21,J78901
858,ubp24rey0y6wfj6dtdxp,female,24,J40192
859,pwt0tr48brmkbj3e3wmy,female,24,J78901
860,119b36a5797d5ce69625,male,19,J23517
861,ee07cc24589beb775d33,male,22,J78901
862,44c7cf3881ae07f7fb3e,male,20,J40192
863,c681117f7f586fd730bb,female,19,J23517
864,1cfe33c5b178a0c2367f,male,19,J23517
865,6496d6268092ef8e7e9d,male,24,J40192
866,00cbf05221bb479e66c3,male,19,J23517
867,5963ba5cd9d242a00e22,male,22,J23517
868,9a630f9e9f4ec26d8fcd,female,23,J23517
869,21e23771e52cb5291b19,male,18,J87654
870,9c48779f6e97be993771,male,20,J23517
871,9795edf22e930bc30fa4,female,19,J40192
872,bf07cdd92f1ff3197397,female,20,J23517
873,7742559d8e833fbcd326,male,22,J78901
874,8a45d6748ec853f7694c,male,19,J87654
875,d3e269bf68d51851097c,male,23,J57489
876,8f1ddd99ac8c59bbd788,female,22,J87654
877,03b463f52c0fff35433b,female,20,J23517
878,b7f42d4b51972267680e,female,24,J78901
879,a1d00fdd7660b7e88077,male,19,J23517
880,ac7214620207dfdd149d,male,18,J78901
881,117ee98c7f916c88ddbb,male,21,J40192
882,91439fcb2590c49dd20d,male,21,J57489
883,53d51965c40a54cff1a0,male,19,J87654
884,efd58fbebca61c41c881,female,18,J87654
885,be75e05b9db5efb1258a,female,21,J23517
886,a337d5368b0d110803b1,male,19,J57489
887,204a7d6db340a3c18ca7,male,18,J87654
888,97442da123c449f6a146,female,18,J57489
889,cac84b1c3033872272f0,female,20,J78901
890,882ccee198e25b49b30d,female,18,J78901
891,8068144149e4ba65ef38,female,18,J78901
892,d035c324a020e7948fe8,male,18,J87654
893,e43a0e28d5cd6b54a2af,male,21,J23517
894,3565d61f3efec69e611c,male,19,J23517
895,e7feb8599ea5f596aeac,male,19,J78901
896,8ca890875272aede0af5,male,22,J78901
897,2150588a5903d9a77b79,male,24,J23517
898,e2d7ee3637149f7087b2,male,24,J78901
899,bd8eb49a6b08f5e66a70,male,20,J23517
900,915813ad1b5f1bbe2d6e,male,18,J87654
901,38357be0ab369a9ae942,female,21,J40192
902,798ff22d126a0f8034ff,female,22,J78901
903,4cb96f0d9108066442a8,female,18,J87654
904,cfaac49f7cc94528ffa7,female,20,J23517
905,89af2669cc93dc97f545,female,21,J23517
906,41abb1b9df74d29b7732,male,21,J23517
907,a5c03c57b0930cb5c2ac,male,23,J78901
908,ef133c92e274a97b6eeb,female,22,J40192
909,fnvhgnuqbir0drk8p1v2,female,18,J57489
910,zse4s5wowlo5xntqyqb4,male,18,J40192
911,wyhkcaf32y8h3707qzrz,male,22,J87654
912,2egpenarap9h0a2k0bc5,female,20,J23517
913,cfi8t4xrx12m2lt4flwz,female,18,J78901
914,t8sflynjwck4f650mtvp,male,18,J78901
915,pva49fsfcbexwz1crjvg,female,18,J23517
916,lswzzwjmreuixxjqglhy,female,19,J78901
917,votyzmo33yg7y89dag17,male,18,J23517
918,cy2sv8kkoybje2okbll0,female,20,J23517
919,jsmqh4aa20rpfeqmyx4h,male,18,J57489
920,ss27ig83t1pi1ztsy5w8,female,18,J23517
921,7rzwry01x1n79a7rw5va,female,23,J87654
922,yvyud23n1eara086vntf,male,21,J87654
923,9btb3ax7qaitktvbvn8g,female,21,J23517
924,vrx3ianblcyuixzmhzl2,male,20,J57489
925,qmf8702zbahi9083s7aq,male,22,J23517
926,13nq2h723zixyhir01lf,female,21,J40192
927,ta1gbqs6pw15bx0jb5on,male,19,J57489
928,jhmn3s11l13woe6jy3zg,female,24,J87654
929,w0u7vzowm7eimiupvmm3,male,22,J40192
930,2h9c9tdsnoz1hyzo5frt,female,21,J87654
931,vou4hlfvp8hv0r4odzq6,female,20,J23517
932,6g7c63m95z8acd3vx5ct,male,22,J57489
933,te17utf5x961ldgs8zwn,female,21,J57489
934,csvv3l0saxxx6pax18c3,male,21,J40192
935,kg28tppvvsvr918dkvlb,female,23,J23517
936,28tmrs0kyrrh1odyvf21,female,21,J23517
937,l82rq4xaymt7t5uytax9,male,18,J87654
938,jb3fqd2b9oyprn83h646,female,23,J57489
939,oyaoqkf2b1we4b67bv8l,male,23,J23517
940,l2yv9tvvcakn7ikerccy,female,20,J23517
941,xz7x7kwsn26marn29mag,male,24,J23517
942,qg0soq1i1uy7yndj17gd,female,20,J40192
943,8ivuhc6n7pr63b39dupt,female,18,J57489
944,139429592a9c23c08b71,female,20,J78901
945,b217bae3c84d59dde71f,female,21,J23517
946,e50db74322430aa289b1,female,19,J23517
947,4388d48ebff4cf866ecd,male,23,J78901
948,cef765c4375252a6029b,female,22,J87654
949,3ac65fbc295f5fbd2ff7,female,19,J23517
950,e73ae5f649c6f52b3fb1,male,20,J87654
951,b57bc31cac59b3d26216,male,22,J87654
952,132c90d4a027a4477ad0,female,19,J23517
953,33c123d08dc07edb50f9,male,22,J78901
954,9f447b50d5788f7b4d0a,male,22,J40192
955,23f1f5d3d90e2890a423,female,23,J23517
956,34aaaa47df8c4aa4d926,male,19,J40192
957,875704a45c0214c68eae,male,23,J78901
958,c5c5e10586e94f96fe95,female,18,J87654
959,2a003b122e9500e465c4,female,20,J87654
960,533bc4c6716035e694ac,male,18,J40192
961,a624e4f6e0a8f026cba9,female,19,J23517
962,7509bbe0d23fe15928ba,female,20,J57489
963,eb93cedc17b4eac76750,female,19,J23517
964,1feef8b4129f5bf21e67,female,20,J40192
965,951d2aca1b8a1c336908,male,23,J57489
966,49b95110a8c59f6b6c58,female,20,J78901
967,b8c0c68e7f1220949deb,female,23,J78901
968,451b0095938a3c54efc4,male,19,J87654
969,e4c80506c14da4ad563d,female,22,J78901
970,25019b8f1c3ac537894b,female,24,J57489
971,4884f3bdc068ef01e042,male,20,J23517
972,b43532c7a35b6aedd478,male,20,J57489
973,f9c641e9c05c243a751e,female,20,J23517
974,960bf72352d4f58ad083,male,20,J23517
975,0557b1363a5092b5811f,female,22,J78901
976,091554ffa26fc9b17c36,male,21,J23517
977,d7ad1a5f3ab7d6237f8e,female,23,J87654
978,e4d6737b176e6ca5ef06,female,18,J57489
979,5914db0d4427b322e8af,male,18,J87654
980,6314d7cbc465e29f357c,female,21,J57489
981,d2cb0d0da17471ee23a9,female,23,J57489
982,75dcc10ba89fd0c25d50,male,19,J57489
983,98be3476791a8df7e937,female,24,J78901
984,29172d2e39ca0d890848,male,19,J78901
985,b083663157e08e36d335,male,24,J40192
986,48ad93c227abfa9542aa,female,21,J40192
987,3ab864e1e692786fefd2,female,20,J57489
988,3b6f3bb370f3107e257d,female,19,J57489
989,a12c27630a75f6a4a64a,female,24,J87654
990,d27565678ffa4a9bfa85,female,20,J78901
991,4a0890c15c26984c191f,male,21,J40192
992,a0b36e07079573966740,female,20,J87654
993,852687af72e9ee38fb42,male,24,J40192
994,9723ceb0cf2dca42c118,female,18,J40192
995,bd657014cfd3fe7a8fe2,female,24,J87654
996,ff59855075a6bc39d62b,female,21,J78901
997,02068067a434adb6556a,female,23,J57489
998,3531c5f9d520759ba697,female,24,J40192
999,037a76bc8e6bf5fe1fc0,female,21,J57489
1000,c08165d73ae49215c391,female,18,J78901
1001,84146496b8d6256d6982,male,18,J40192
1002,5be7405ad4ae9d9a2853,female,18,J40192
1003,b8290aea71e7a5421a02,male,24,J87654
1004,5a44a7c59729d41d596a,female,24,J78901
1005,fej8lh1pgn1sikmt58d4,male,21,J23517
1006,6wrt24mg5gnuu8bre1y9,female,19,J57489
1007,n55nfedky5fh684bamej,female,18,J78901
1008,3pmmf04ujwm9fuffa0ss,male,19,J87654
1009,fdgrg81ki37uqa6afofq,male,21,J78901
1010,jds77so748xfiefl16ad,female,18,J57489
1011,xb18hp4yezg65dlw1tz1,male,19,J23517
1012,pr7s208qauxqsfra6xbm,female,18,J87654
1013,23mn6b9vjnjy55hgo4au,female,18,J23517
1014,7agicm1atkhpdu12y95z,female,20,J23517
1015,wgbapm8b0r5hu08acewa,female,23,J87654
1016,jitc82qpkhbudc8tgnui,female,19,J23517
1017,agfcocn4dt52pwozf4px,male,19,J78901
1018,1jzg1fpf08iiahfbdqc1,male,24,J57489
1019,dl5nz1ijx44owullijbb,female,19,J57489
1020,jv2j33i326cpj50ckvt7,female,20,J40192
1021,zsjdx6d73id8z82obo3a,female,20,J78901
1022,4cmc1clqeje7atfrg4db,female,22,J78901
1023,w9iskllhyjto6qq01elo,female,19,J78901
1024,xyk8hksfilgpf8301ir4,female,21,J87654
1025,zfurn56bm4hyk0d7w4bm,male,22,J40192
1026,mrlo3h9nf858pnzqzu5u,female,18,J23517
1027,okcti3afv5drqqbxtxm6,female,20,J23517
1028,mjfvt9ufmkjqp4yikle3,male,22,J57489
1029,geps6umc1dv3t7we1ica,female,23,J78901
1030,ug9ichhtvfwespnsuy07,male,18,J87654
1031,dxemww34f34hyq2xk6r7,female,19,J23517
1032,1wctsudkyal73r2xhycw,male,19,J57489
1033,ugbkntr3cmljocvngvq0,male,20,J40192
1034,57lp5aje49glffj2mavj,male,18,J23517
1035,ri34qjuyhs63ar95i8mx,male,24,J57489
1036,co3hr8vy9u9x2j7vr0a3,male,21,J40192
1037,qxfeg29o1ytsgt3wd41i,female,20,J57489
1038,d9xfdsxgmmiahcnwlqza,female,24,J78901
1039,u5w6lxf8tt0j0ilwb1sy,female,19,J57489
1040,43d98a750c726bb39d11,male,19,J57489
1041,5d16326e4577a67d94c6,male,22,J40192
1042,e00bc7d9f2ce32c4f745,male,24,J23517
1043,21fc5674d24be8e9da89,male,22,J23517
1044,a7fc1ba478db11fde063,female,21,J78901
1045,63ff3dff3eb31d62ab3e,male,22,J57489
1046,4edfd2e1b7c5c5d1d384,male,22,J40192
1047,cbc8550ffaf44443c7ad,female,20,J40192
1048,766836b5f30556e81da4,male,24,J40192
1049,df02e3643bb9ee33fb0c,female,24,J57489
1050,f5c3c6eb77fac482de13,female,22,J40192
1051,5f8d87412f69e3d9fb13,male,19,J40192
1052,6923e581d76689cb57a1,male,18,J57489
1053,e865c97bc96802575f80,male,24,J78901
1054,fb5d5693ffa9f022a191,male,22,J23517
1055,1bd9bb053a3ac1bba507,female,24,J87654
1056,49ef48443e09f8be12f6,male,18,J57489
1057,def1216bf8f3009dbe41,female,20,J23517
1058,d02f48d05ce5e7ca16e1,male,22,J78901
1059,6b22922bfe081d68c7a6,female,24,J87654
1060,baed8a816ea02ae929f4,female,22,J40192
1061,dee7cfe3312551bdf5a5,female,21,J23517
1062,ef912a5602a5f70b244b,female,22,J78901
1063,48a71a6a5a15e31084e3,female,18,J57489
1064,16d68f70cf5e52d0b34a,female,22,J78901
1065,ba8c301bda7090bda756,male,18,J40192
1066,311abc37a94ae8afe41a,female,23,J57489
1067,fdd50b3ad56dcf116c82,male,19,J87654
1068,e22c18eef214a779b4c2,female,18,J57489
1069,8711049a2e0ef13bb10c,male,24,J78901
1070,9ef8a5baccebc3841cb2,female,19,J23517
1071,adcc5c13042d66cbfc8b,male,24,J87654
1072,54f91ccb08cbece520da,male,21,J57489
1073,cb65e2038b786e801292,female,18,J78901
1074,1f67cb2e7affbb00b6c8,male,24,J78901
1075,45b6cc87a7e957f83027,female,23,J87654
1076,ff2d815d9ef74b153b54,male,18,J57489
1077,73ae359d8e93d41ae4ff,female,19,J23517
1078,264320c6b92b92795ba0,female,18,J87654
1079,504278569f7c6dff25e3,male,19,J23517
1080,40eb36011ced9a882ea9,female,24,J57489
1081,ed4b51eb098deb0ba58e,male,21,J57489
1082,b4a2138f577d9306f593,female,24,J78901
1083,76366e9c264169b2bae1,female,18,J87654
1084,d059dfed16a6d1ca6ddf,female,21,J23517
1085,0b828e1ae026c57b34dd,female,24,J57489
1086,b1976734aee3bf129820,male,21,J87654
1087,50673b01fd2b0c765572,female,20,J78901
1088,b3ac0cebf20ee45135ca,female,18,J87654
1089,74137c4db75be61c10fa,male,20,J40192
1090,781f69b185122bfaddca,male,20,J57489
1091,744e7141564ed216b812,female,21,J87654
1092,3c1b9222136b752563f6,female,23,J78901
1093,48a96425072cefa0dc69,female,19,J78901
1094,8ee4fdce37fceab5620a,male,19,J78901
1095,d6d4488fa27e11465974,male,24,J23517
1096,6efd353d32bd3d908b23,female,20,J40192
1097,4ca5c8ea55be09213d14,male,19,J87654
1098,ec86426a6e0331d06091,male,23,J87654
1099,09400a9b50b6c96c5510,female,23,J40192
1100,f5jwwahac3fyc6rq5tex,male,20,J57489
1101,mwmft9w9vjod1g7jidmb,female,19,J78901
1102,zprxec1qxs8nqsmc5830,male,23,J57489
1103,cygc6ulxpz04ex7under,male,24,J40192
1104,m4qqnaq8p8fn7b7bl5ic,male,20,J40192
1105,sx57v4y3hp52f9selxdo,female,24,J78901
1106,ksm67082xy9g2wnalt38,male,20,J40192
1107,58widcj6smafuwyqxw2m,female,24,J87654
1108,n3dkt0eq0ekpby9lv06i,male,23,J78901
1109,v4k20n9xryqdpe6fx42x,female,18,J78901
1110,35wcdp4s13xmtyq5f7os,male,24,J87654
1111,2ddkknvpbz2j9wlvybtj,female,20,J57489
1112,10qi28ikwz4c4v22b06i,female,23,J40192
1113,9b0guld0vdm0ggmmfb8k,female,18,J78901
1114,1t6e0wa99fijxi3ssnzk,female,24,J40192
1115,q1movls9kc4kglv6sb5g,female,18,J87654
1116,628bztd9ybuth5efk7nw,male,23,J23517
1117,vbgs2hp7aiiw880dpm1s,male,19,J87654
1118,n2bgnbybijni2e9crs4x,male,20,J78901
1119,scl0uh5ig9ehluvs46h2,male,20,J78901
1120,uzk23hynw87co5ru0tr8,female,23,J23517
1121,8wkyo305dh8esq6eop37,male,21,J23517
1122,mm5p2ct8c21h4q753p3n,female,20,J57489
1123,e58gk2f3crnwqnx0gett,male,23,J87654
1124,2xsbkm76x36qvddrl2yo,female,21,J23517
1125,sbb3va36jvpkdpj257ek,male,21,J57489
1126,uon3zzl9a1zr5zmeodmr,male,22,J57489
1127,erjfooit15024g7nj8co,male,19,J40192
1128,pgrig4vo54owe59j2j5f,male,22,J78901
1129,i8ryguu9cpkrb6ouhwqq,female,24,J23517
1130,j07d6onchxesk14v7b8w,male,20,J87654
1131,wfsgbko6rfmajn85khu4,female,18,J40192
1132,0m8o7nuv982vnv3328qw,male,19,J78901
1133,amzij11bls4wa79p3cj8,male,23,J40192
1134,axunv0aihh5wvi27tx50,female,24,J23517
1135,6837091518a3524730fb,male,24,J87654
1136,b050239b47c66a7280c9,female,20,J57489
1137,bc7286901f708e9069eb,male,19,J40192
1138,e877c03b218bddedd3b8,female,20,J57489
1139,8f9ecba976a15fa5d900,female,18,J78901
1140,6cbcdec2dffbcf09a91a,male,22,J23517
1141,fdd714a996ac8bd8006d,female,23,J23517
1142,fc5a9edc3413ecece4bd,female,23,J23517
1143,7bfbef4127aeec4b344e,male,18,J78901
1144,b93d9fe2a844b416581d,male,20,J40192
1145,df784e67883e018f88b8,male,23,J40192
1146,9c2b85496091fd7f66d4,female,18,J78901
1147,2842c82981077b78b3cd,female,18,J40192
1148,6ab4994b59925a6d1bba,male,18,J40192
1149,fc1c9dd58091c33d8888,male,19,J87654
1150,01a691413dc5897db83f,female,18,J57489
1151,374ff25490a1f0aba47f,female,18,J87654
1152,424de2c5e2c1f5652cdc,male,19,J40192
1153,5479f88afb95288d6392,male,18,J78901
1154,ed94d52e091b68ca5ee5,male,18,J87654
1155,db54f15d48fa56b0d953,female,23,J23517
1156,6a62f52203bda35656be,male,19,J40192
1157,0b02f701b1179f9f74f9,male,20,J23517
1158,74e22a3421e605061ef1,male,19,J78901
1159,de5213e7b8c88440a298,male,24,J78901
1160,94a770d27cae58950a5b,male,23,J57489
1161,5faa3d19e595ab735fda,male,18,J23517
1162,cad61c88146ec4d99a6d,male,19,J57489
1163,1d50eac067378042684b,male,20,J57489
1164,c8d8f83d06b68fc2f944,female,24,J57489
1165,72fbfd24cdff0454a0e2,female,22,J78901
1166,768c216e172762b85899,female,18,J78901
1167,306627b1ecbdf4e3aa34,female,23,J57489
1168,0ef8b2c9e039eaace596,female,19,J40192
1169,6b0cc09c9daf2966d1a7,male,21,J87654
1170,b6b2f975de58052aae0c,female,21,J57489
1171,071685b292483b04e836,female,18,J78901
1172,2ea821273e01ec758583,female,24,J87654
1173,552365f82674884bcaaa,male,18,J78901
1174,cdbfb55b48cefce540dd,male,21,J87654
1175,a867295d48d4b4134903,female,21,J23517
1176,a9e1aff282e8d6356dce,male,23,J78901
1177,0b16d35f1f39a063708a,male,23,J57489
1178,a0973be15e5e7116f121,male,18,J57489
1179,49a91a4dce6838ffcbcd,female,23,J78901
1180,b5863cc5a1b448ca1cab,male,19,J78901
1181,c7bb8ace7e79b91b3346,female,22,J78901
1182,498121d2486259ef1b3a,male,23,J87654
1183,3094825929f936abb792,female,23,J87654
1184,897f6d3de550ebf68384,female,19,J78901
1185,418f4730434eaced55a2,female,18,J87654
1186,b7ef250772618a089b48,male,23,J78901
1187,b37bdce835e610d26c0c,male,21,J40192
1188,fef67841144f4c95a6c5,female,18,J40192
1189,700915d303cc358e662a,female,24,J40192
1190,ffe3886e3e3bab0249b5,male,18,J87654
1191,emnk7ob7xxxdiph6fun3,female,18,J57489
1192,78uyv6k6u49krocgtkzu,female,22,J57489
1193,sie4alrjjjvlk0w9ye5l,female,22,J78901
1194,95i3ttsko6c6ol53ebql,female,20,J87654
1195,cz0pbk8vede7ey2oce4a,male,21,J40192
1196,xvfa4ysm4deeobu8wkym,male,21,J87654
1197,5slhcx7pnjhcmlbfffu6,female,24,J78901
1198,5qfsd40k8fv54hc102p2,female,24,J23517
1199,spyu1at0d9k1wxtenlhe,female,18,J23517
1200,z23fh1v40p3hmxxspbo9,female,23,J40192
1201,n20d6b4o2g64oaa3q8ym,male,23,J57489
1202,yj708ceb2o5gueez45or,female,22,J87654
1203,90z3slav21r61p88ksba,male,24,J87654
1204,r28s9kyo7knrvytyvmt8,male,22,J23517
1205,apxifjd35xfq6t47ysls,female,19,J78901
1206,r4oklg89q3yx9o2dfq3q,female,19,J78901
1207,4i0t5tq7o78lvc1zglgr,male,22,J23517
1208,hz3im1vs42bx5rxbn7wh,female,20,J57489
1209,icu31mfcha34dnwbsui2,female,19,J40192
1210,1vb2vsoy23nr0monflhx,female,23,J87654
1211,7iulsxm22wz4v82hgb2g,male,24,J57489
1212,omzalmrzys0ymf4cgt03,female,18,J57489
1213,nilkp0a54b01p87udccl,female,19,J23517
1214,7ssihtyt72rzukfci0o1,female,21,J40192
1215,ij9llitbhr4gi126l772,male,21,J40192
1216,qxnna0of95m3oebjc84f,female,22,J40192
1217,dt7s87imgsbma3l5scym,female,18,J57489
1218,0m2kzubx9r60wyrsjj7j,female,18,J87654
1219,wzfry2domlqnblox9w1b,male,21,J23517
1220,otznu9tyqq50x0xij3br,female,20,J87654
1221,wty9xgte39cr5rp39e50,female,24,J57489
1222,5kqtdcvyt7rgqdoextw8,male,20,J23517
1223,t5uf4x6hffga8in2ua6l,female,22,J57489
1224,5dmn9cwdf4l1snqfjw1p,female,21,J40192
1225,t8zrwu8iwkcdnwf3ruse,female,21,J78901
1226,2b935bfe06ef02369807,male,19,J40192
1227,71d0a8156e59c4dcedfd,male,20,J87654
1228,6106e5232ac32bc22d1d,male,23,J87654
1229,eb4493aa138e8edc3f6d,female,18,J23517
1230,5d2379fb72082166dee3,male,21,J87654
1231,2e40c1b07d32d3b80862,female,18,J78901
1232,57f84519c468df122d69,female,22,J87654
1233,64d65eddd629b80922f1,female,18,J87654
1234,d311ac015e2e230935b2,female,18,J78901
1235,33b73273ab8e1a11fcda,male,23,J87654
1236,a1ed24a77c97b05064ef,female,19,J78901
1237,f286ac7cd0663855cc5f,female,19,J87654
1238,a3cd849a5a8d682e18db,female,22,J40192
1239,e77eaaa90a75ea6167f4,female,20,J23517
1240,faa31dca7ed1dd11fe44,female,21,J23517
1241,00df647ee4bf7173642f,male,22,J23517
1242,e0be3445997310f4d68e,female,20,J40192
1243,cf73246d819a1ea78e14,female,20,J23517
1244,b3e8039d33099e1d066c,male,18,J78901
1245,b32b82ebae5971dd48df,male,21,J40192
1246,9c39551b2cbe4f0c6d03,male,19,J78901
1247,1ca19e51244cdd3f09ff,female,23,J87654
1248,0eb6eec8b4bee8ab6a44,female,19,J78901
1249,dc93d7d840a88e5efb17,female,19,J57489
1250,c7d5a3256a9f99ba3e98,male,18,J87654
1251,2b54ed4af8281eb82f58,male,18,J78901
1252,c16e14d7aa5b4ef519e3,female,21,J23517
1253,c53129098375fc7f17bc,male,21,J87654
1254,953123cfe1c275e6d8a9,female,20,J87654
1255,7b1d65c8c7637c14d9f2,male,23,J87654
1256,855b21869c4fdbed8047,male,19,J23517
1257,f63cab44b941c6ca80d6,female,22,J57489
1258,4e4bb1f26e34ca0a13dc,male,20,J57489
1259,7f58862bfed16feedfd6,female,18,J87654
1260,a2b5174e55754addcd68,female,20,J40192
1261,056ab41140f68c15db14,female,18,J57489
1262,9369995cb6743cb69182,male,20,J40192
1263,e5b30ace9334d153e076,male,22,J57489
1264,367c27a001837dabb2e9,male,18,J40192
1265,a3c8ab369e2e928ed523,male,23,J23517
1266,06309f4c8785254f4c13,male,24,J87654
1267,47b08a7751ab609be9e5,male,22,J57489
1268,17f2d0e73044110cdea5,male,24,J78901
1269,c200d8d792314a9d3575,female,20,J87654
1270,84f116e542feb4ff69c0,male,20,J78901
1271,mbbw64iibpv7ndj2iie1,male,19,J23517
1272,hpty3h6eij2tr467ueks,male,23,J87654
1273,ygc6nfsry40yon3nicac,male,22,J87654
1274,th28zykgzvfex40v22hz,female,21,J57489
1275,3dglsy7ee3ytfq1lpwlv,female,24,J40192
1276,219jkfkejubvu4dvuv13,male,21,J87654
1277,rgl39qjfatpnh3v4o28m,female,21,J87654
1278,iqhpwbqkqi7kugzduhit,female,23,J40192
1279,12s3yomv0kltozc1qxc4,female,23,J40192
1280,qaubz3kt65qtoit8g4vi,female,24,J57489
1281,0qamadarf6xhm9pm2jta,male,18,J87654
1282,1eekhswi2ckx4uw0j1c9,male,24,J78901
1283,80xvovy2zizaj5kr0va5,female,19,J87654
1284,hva2hcwvh4mv0i4t59t6,female,20,J87654
1285,x9xz7kb08kmf1tytnc1f,female,19,J40192
1286,tezxtgugzffgu5fxr0cz,female,23,J78901
1287,lvp2qmljigke8u0nfbvl,female,21,J57489
1288,8bj43lrpbsn3smxxn3xn,male,23,J78901
1289,19buea1jycypffshcw38,female,19,J23517
1290,vcw0s2e0akak8rqunatk,male,23,J87654
1291,dri4ey8he2jovloucu86,male,22,J78901
1292,687ndz7mxhpv3gg91ie2,male,21,J40192
1293,wmep7eexur6wwrlrz9sv,female,22,J40192
1294,2ui63dibc4r8oo0p9agh,male,22,J23517
1295,rufanlg0slv70u876a05,female,24,J40192
1296,o6tn58jvkqobrz2qmf5i,female,21,J87654
1297,iwjs5oi2pl8omkdrs53q,female,23,J40192
1298,qrrck1nnty89cmohw40b,female,22,J40192
1299,6569uz69or21mbcejw25,male,20,J23517
1300,jjx780kahllbp5y3x7p8,male,19,J57489
1301,h7i4kmpsra4szfbhrcbh,female,18,J78901
1302,0z4mockl76xn8mhdaehw,male,22,J78901
1303,bfl1bc2oafd8hrz2xswq,female,21,J23517
1304,7eeq2weegodhsqj7bxc2,male,18,J23517
1305,0i1e50rz4mkhee97xvpo,male,23,J57489
1306,ac896071204b0ce26a1e,female,18,J40192
1307,75a72c46b8271a57fba6,male,20,J78901
1308,fda1eaffdfa7350e5d97,female,19,J78901
1309,0e804947f4cdc2721046,female,21,J23517
1310,f7c4a29d42220e1cea27,male,22,J78901
1311,539911ee11c1b2aaeb88,male,21,J23517
1312,94752e120f6bb6178ad5,male,21,J78901
1313,13f8b8305f6c25c21921,male,18,J23517
1314,0c81ca27b7d931b6ff6e,male,23,J23517
1315,e2ee4818284ba527ef0a,female,22,J40192
1316,76a2f2705490042bb8cb,male,19,J87654
1317,87aa4503451b6a77b2b7,female,19,J87654
1318,1552f58e2818ce7fa863,female,23,J40192
1319,211ed39c57c6e6cdefbf,female,22,J78901
1320,28bc8af257c48eac3bf1,male,21,J87654
1321,2f3ef424b925a9881b81,female,22,J23517
1322,8fe25991951e1f37568b,female,18,J40192
1323,a959b7dd7f65365313a4,female,22,J87654
1324,67456512891f96cc0fc3,male,19,J23517
1325,83bf9b0424c17c9e13e7,male,24,J78901
1326,01558eef77a8d39b7103,male,19,J57489
1327,359f25d9131a0699405b,male,23,J87654
1328,1d7229e0f5f825007870,male,20,J87654
1329,b9d88af0a70c4ccb592e,female,19,J87654
1330,d4d7a248a58363732f8e,female,21,J78901
1331,5e29473eb1e80fde79a0,female,22,J57489
1332,0b307ee95b41e222f204,female,24,J87654
1333,1974349ec27d7d67bf08,female,23,J40192
1334,35e028ec34bfdb7a6d26,male,23,J87654
1335,d3fd2319c0f3aa00c371,female,21,J57489
1336,5bdad002590327215ae0,female,22,J40192
1337,919b6f74756bdb77edab,male,21,J87654
1338,8596e232b0d863cd3130,male,23,J87654
1339,17656005bd4086137ab7,male,21,J23517
1340,d76c58732e315933a6cf,male,20,J40192
1341,7c27b1482db039a6eee9,male,18,J87654
1342,75e30b71e38030454877,male,23,J57489
1343,eacb3353d7bc80cf3e7a,female,19,J87654
1344,41126caf1874c098d357,male,22,J78901
1345,69ae85efb03510241445,female,21,J87654
1346,c5c5601b771f1b4491fa,female,19,J23517
1347,c4ffbc0ba8c38e725fc8,male,19,J57489
1348,55a47a152d359522e38d,female,19,J87654
1349,7ffc1d4e5026fc5195ea,male,21,J78901
1350,a05da04117e032cb4977,female,18,J78901
1351,9be4ba08415daa1ee6fe,female,19,J78901
1352,o6kw9thwvq6csdr9taal,female,21,J57489
1353,owzdfs89mm4ci0382a3b,male,24,J87654
1354,7n0vh1m7hm3g0v8ggv7v,male,21,J78901
1355,32n93dfesjggabieb85t,male,18,J78901
1356,k6jujv82n727fuwbxa6f,female,21,J57489
1357,di7sclw5samggg4sxipv,female,21,J57489
1358,m380dsj058viwn3ly6j1,female,21,J40192
1359,tndsnutlm99ld8f4uya0,male,19,J57489
1360,twa56vh9h75mwaqdma1y,male,21,J78901
1361,l1rn095adguamaugi4ux,male,19,J87654
1362,qkc2f9omqulfmn3j0m9p,male,19,J23517
1363,k7fa3kdg6dq9avbiqv1f,male,24,J23517
1364,wi36b9plgjc82atx6z7h,male,21,J87654
1365,aai4o855shne2taonl8m,female,24,J78901
1366,pxnnkthuxasggux3hyae,male,19,J57489
1367,nq4jln5s1zqjk7nwbbeo,male,24,J23517
1368,p8bk6cdfntr0humt6q45,male,19,J78901
1369,4nun1ah7qw10q705a2aq,male,21,J57489
1370,9npnusbksscam12fc4ut,female,18,J40192
1371,hu267zw9zywa4ew3d5bw,female,18,J87654
1372,zhx5rxgopln1p5hd10ql,female,20,J78901
1373,pammg9gw4enjosw3z60e,female,20,J57489
1374,r9m46ndmmmzeeehft96z,male,19,J40192
1375,i39gdpglcxstun30b4yw,female,18,J23517
1376,whzjoeh34i7o86p37u99,male,19,J23517
1377,3lbe8ny12qw7qwcyihpn,male,24,J23517
1378,exaiz0y0uvpeg498cg4j,male,19,J57489
1379,d9qmlhyp13mf5nto4qih,male,22,J78901
1380,b6nwoi7doh1m1yzbkxup,male,21,J87654
1381,d4xny47ows87zd7viwj5,male,18,J57489
1382,zoo8a9uj8a0dplifqzdp,male,21,J78901
1383,k6kv9y9tqfll5d282ymb,female,21,J87654
1384,xf5q0ixkpbxl3w7k16qo,female,18,J40192
1385,slmfpw1fyabrtys8ufg9,female,22,J78901
1386,9dbg3fyz4qnj7x9qug6x,male,24,J23517
