student_ID,0h,1h,2h,3h,4h,5h,6h,7h,8h,9h,10h,11h,12h,13h,14h,15h,16h,17h,18h,19h,20h,21h,22h,23h
0088dc183f73c83f763e,1,1,19,17,3,1,5,5,53,22,7,21,12,4,29,12,3,0,0,0,0,0,0,0
00cbf05221bb479e66c3,0,6,18,32,1,5,10,8,30,24,23,20,9,24,25,5,0,0,0,0,0,0,0,0
00df647ee4bf7173642f,16,5,35,17,11,6,16,13,89,26,36,98,49,9,30,18,4,0,0,0,0,0,0,0
0107f72b66cbd1a0926d,7,1,4,4,5,8,9,9,10,1,2,4,12,11,15,7,9,0,0,0,0,0,0,1
011d454f199c123d44ad,0,0,12,26,0,3,58,2,20,8,5,0,16,30,24,0,0,0,0,0,0,0,0,0
01558eef77a8d39b7103,0,0,6,10,12,0,4,7,1,5,2,3,5,22,20,29,13,6,0,0,0,0,0,0
016226278e6a69e10aa4,1,25,49,7,1,1,0,1,29,8,15,8,12,58,30,8,0,0,0,0,0,0,0,0
01a691413dc5897db83f,6,4,38,8,5,0,57,7,51,26,13,11,55,105,138,15,0,0,0,0,0,0,0,4
01d8aa21ef476b66c573,0,1,8,4,0,3,7,28,12,10,7,29,41,12,12,1,7,0,0,0,0,0,0,0
01qkq6w2v62cimidb3b7,2,3,5,6,3,6,4,4,9,5,7,20,9,11,14,9,7,1,0,0,0,0,1,1
02068067a434adb6556a,6,2,0,0,0,0,0,0,0,0,0,0,0,0,0,0,0,0,0,0,0,0,0,0
0258f681a9e1756dfc76,13,20,15,12,8,6,5,25,45,13,30,42,80,48,29,46,41,11,0,0,0,0,0,0
03754dce5ec7731fb3e2,0,2,1,3,41,37,23,18,2,5,9,4,11,48,40,2,0,0,0,0,0,0,0,0
037a76bc8e6bf5fe1fc0,0,0,4,4,0,0,0,0,0,20,16,18,12,8,0,0,0,0,0,0,0,0,0,0
03aa0b20dd4af1888eef,1,10,20,8,0,1,21,25,23,9,8,14,46,26,38,3,0,0,0,0,0,0,0,0
03b463f52c0fff35433b,0,0,5,0,4,4,5,1,0,5,2,14,2,9,10,3,0,0,0,0,0,0,0,8
03e0c9bff3a9557480d9,0,8,5,3,9,7,0,8,4,0,4,10,17,31,7,11,0,0,0,0,0,0,0,6
04f2689b4ea16d8d7d9a,25,5,48,59,29,20,41,43,56,3,33,64,65,71,33,12,0,0,0,0,0,0,0,0
0557b1363a5092b5811f,52,34,16,54,46,26,4,50,188,38,42,6,72,86,220,66,0,0,0,0,0,0,0,0
056ab41140f68c15db14,0,0,21,8,22,20,15,25,6,0,19,8,30,68,2,14,4,0,0,0,0,0,0,0
058c03d945c4ae0978a0,0,0,0,1,0,0,0,4,7,7,8,6,16,12,16,10,0,0,0,0,0,0,0,0
05e1c3ce1728da7e37e0,0,0,0,0,0,0,0,0,0,0,0,33,49,33,27,9,0,0,0,0,0,0,0,0
05e6d9723ab3cde0841d,11,28,43,34,6,31,44,36,68,51,35,50,39,42,78,4,0,0,0,0,0,0,0,0
061db2c91f94c612f2d4,0,1,4,2,0,0,0,0,0,0,1,3,7,9,14,18,2,3,0,0,0,0,0,0
06309f4c8785254f4c13,0,0,0,0,0,40,16,0,0,0,0,0,5,15,0,0,3,0,0,0,0,0,0,0
06aff3e28c5db152f506,1,0,2,8,8,2,13,6,7,6,15,5,14,9,13,18,7,0,0,0,0,0,0,5
071685b292483b04e836,0,0,2,7,6,4,12,0,0,2,8,8,5,12,8,6,2,0,0,0,0,0,0,0
074d7f43de7264306775,3,12,1,0,0,3,0,0,0,0,27,56,57,20,13,17,3,0,0,0,0,0,0,0
077d5c82c9ee5019220f,3,0,19,3,5,0,0,6,41,11,5,9,13,4,10,4,0,0,0,0,0,0,0,5
07e3362d20ff4337671b,16,5,21,12,4,0,0,0,0,1,0,1,4,19,0,27,8,0,0,0,0,0,0,0
091554ffa26fc9b17c36,10,4,0,0,10,4,34,8,26,0,4,14,12,24,0,0,0,0,0,0,0,0,0,0
09400a9b50b6c96c5510,0,0,18,4,1,9,13,1,9,6,2,9,0,11,42,45,2,0,0,0,0,0,0,0
098b2c66cbc1ed736e14,4,1,6,0,4,9,3,5,5,14,10,22,12,22,15,4,0,0,0,0,0,0,0,0
0999173c045ee29a0b44,0,16,2,15,11,11,0,3,21,9,9,19,11,8,5,0,0,0,0,0,0,0,0,0
09dfa3f18e48917f0242,0,7,6,17,1,19,16,33,55,17,64,35,25,18,34,0,0,0,0,0,0,0,0,0
09e4bfadd7e012c37c7c,7,10,1,5,1,11,1,0,21,4,31,21,10,0,0,5,14,0,0,0,0,0,0,0
0a7f1a73361654329281,0,8,4,4,6,1,0,2,12,3,5,14,10,11,25,17,0,0,0,0,0,0,0,0
0a8736f6520cea837d94,7,29,14,24,17,14,35,15,57,33,20,22,5,13,0,0,0,0,0,0,0,0,0,7
0b02f701b1179f9f74f9,0,0,22,10,3,0,0,0,5,12,0,19,40,44,6,0,0,0,0,0,0,0,0,0
0b16d35f1f39a063708a,1,0,0,0,34,33,75,34,62,29,5,25,7,36,40,19,0,0,0,0,0,0,0,0
0b28c0a454678b75eefb,0,1,20,3,0,0,0,44,0,12,3,0,0,0,0,0,0,0,0,0,0,0,0,0
0b307ee95b41e222f204,0,0,0,1,0,0,0,2,3,2,24,79,38,1,17,0,0,0,0,0,0,0,0,0
0b828e1ae026c57b34dd,1,0,3,0,6,2,5,2,9,9,5,0,5,17,16,6,0,0,0,0,0,0,2,0
0b8bea274b24847526b7,0,0,0,3,24,0,10,4,0,2,26,20,2,11,0,0,0,0,0,0,0,0,0,0
0bb8692f43a372e8d967,1,14,0,3,5,5,5,11,7,26,0,9,16,9,11,1,0,0,0,0,0,0,0,0
0c57caf5358d30408034,0,0,0,0,0,0,0,0,0,25,17,0,17,56,66,5,0,0,0,0,0,0,0,0
0c670262b3941d307600,1,6,0,5,0,1,0,0,0,0,11,43,9,2,21,39,4,3,0,0,0,0,0,0
0c81ca27b7d931b6ff6e,14,10,0,0,12,6,24,0,20,23,34,18,4,5,42,5,0,0,0,0,0,0,0,0
0d260d8fac2289c8ed9e,0,5,3,14,4,5,2,8,23,16,7,7,14,43,45,15,6,2,0,0,0,0,0,0
0d4a3518a188f6888380,0,0,0,0,0,55,0,0,0,0,0,0,0,0,0,0,0,0,0,0,0,0,0,0
0df40593e76a840fd64b,5,40,0,20,19,6,40,11,1,3,100,84,58,30,0,5,0,0,0,0,0,0,0,0
0e062d9fa22dc8e3bca2,0,0,6,7,2,1,9,6,5,7,14,12,24,3,4,15,8,0,0,0,0,0,0,0
0e804947f4cdc2721046,4,0,10,1,11,11,4,0,1,9,10,20,19,8,30,1,0,0,0,1,0,0,0,2
0eb6eec8b4bee8ab6a44,0,1,0,6,8,1,11,6,16,3,2,2,13,47,22,21,2,0,0,0,0,0,0,0
0ef8b2c9e039eaace596,0,0,7,3,4,1,4,4,15,14,8,3,14,34,53,12,0,4,6,0,0,0,0,0
0f160cd19890b97092b9,0,4,6,1,1,1,0,0,9,7,12,15,19,17,19,8,0,0,0,0,0,0,0,0
0f8bd9e33125347965a1,0,1,7,41,2,0,0,4,4,0,0,0,6,16,48,33,18,4,0,0,0,0,0,0
0fc996fff93c00ca5ced,0,23,110,73,10,13,9,3,18,22,60,34,21,28,31,41,18,0,0,0,0,0,0,0
0gfiioqi5g8djhh1wzol,1,1,8,10,8,1,8,9,7,11,13,5,15,18,18,14,1,0,0,0,0,0,0,0
0i1e50rz4mkhee97xvpo,4,6,8,3,4,6,5,5,4,5,10,9,13,12,18,16,2,2,0,0,0,0,0,0
0lgtv09uoh3ova8sjbze,5,7,7,9,2,4,9,10,11,8,16,26,17,10,12,5,0,0,0,0,0,0,0,2
0m2kzubx9r60wyrsjj7j,2,2,4,4,3,6,11,3,16,6,13,19,13,11,22,12,2,0,0,0,0,0,0,1
0m8o7nuv982vnv3328qw,2,3,6,6,2,5,6,8,8,4,10,13,9,4,25,14,1,0,0,0,0,0,0,2
0maggb1hf886m5u6p2vr,0,7,12,4,5,9,10,5,12,7,10,16,10,13,21,11,2,1,1,0,0,0,0,1
0qamadarf6xhm9pm2jta,1,3,7,7,4,7,7,2,3,7,8,9,17,8,27,15,0,0,0,0,0,0,0,0
0sgnvj4zfg3xjjb9fl6h,5,6,5,3,4,7,7,3,6,2,6,16,14,26,16,9,0,0,0,0,0,0,0,0
0txd5enpfmbrth46w74b,2,4,6,5,2,4,6,10,12,2,10,17,16,11,15,4,1,0,0,0,0,0,0,2
0z4mockl76xn8mhdaehw,3,4,3,4,5,6,5,8,12,11,11,12,11,12,22,17,2,1,0,0,0,0,0,0
1096bd470d3ddff1ec1c,11,8,7,0,0,0,1,2,0,0,9,19,28,7,46,19,16,4,0,0,0,0,5,10
10de703c06bf9d873d68,5,7,0,7,11,11,1,1,18,0,22,60,28,5,9,8,0,0,0,0,0,0,0,0
10qi28ikwz4c4v22b06i,1,6,6,3,4,3,8,5,4,3,11,15,7,24,22,18,4,1,1,0,0,0,0,1
117ee98c7f916c88ddbb,2,3,3,2,9,0,29,4,1,2,17,24,19,34,29,16,22,0,0,0,0,0,0,0
119b36a5797d5ce69625,3,10,3,0,4,1,4,9,8,13,21,17,38,14,10,15,7,0,0,0,0,0,0,0
11dae4659d30031a10dd,0,0,3,4,0,2,27,7,4,17,13,1,5,25,43,37,0,0,0,0,0,0,0,0
1202c731c612353ceef0,2,1,35,56,2,14,40,10,56,5,19,4,15,13,18,9,0,0,0,0,0,0,0,0
1224ceafb61456a033d0,1,1,62,20,8,10,4,5,4,4,6,8,18,11,2,0,0,0,0,0,0,0,0,0
12s3yomv0kltozc1qxc4,2,4,4,5,10,5,13,8,3,6,13,17,17,18,19,12,2,0,0,0,0,0,0,0
1329b6cf41debecda787,0,0,2,5,0,2,0,0,4,1,5,9,2,15,42,20,0,0,0,0,0,0,0,0
132c90d4a027a4477ad0,0,0,8,0,0,4,48,2,6,12,52,28,20,20,62,10,0,0,0,0,0,0,0,0
1367d35cf39783effa7a,0,0,3,0,0,6,0,0,0,0,2,32,24,6,0,0,0,0,0,0,0,0,0,0
139429592a9c23c08b71,0,0,0,16,2,32,2,6,8,22,6,4,28,6,54,30,0,0,0,0,0,0,0,0
1397545fbe9882e5cd42,0,1,0,1,5,7,12,17,15,17,12,7,2,17,11,61,11,11,0,0,0,0,0,0
13de1d3a55477a0c0329,0,0,8,6,2,6,0,0,3,0,0,0,18,59,23,10,0,0,0,0,0,0,0,0
13f8b8305f6c25c21921,14,36,8,24,27,18,17,30,42,3,22,69,75,58,53,15,0,0,0,0,0,0,0,0
13nq2h723zixyhir01lf,0,9,7,7,8,8,3,8,6,3,12,25,15,15,21,17,2,0,0,0,0,0,0,1
151cd83784ab9007e8d8,0,0,0,4,2,6,18,34,25,46,38,19,23,23,34,60,2,0,0,0,0,0,0,0
152a0c17daaaa4e65e14,4,1,0,0,4,9,8,6,11,8,4,14,9,4,24,29,16,0,0,0,0,0,0,14
1552f58e2818ce7fa863,0,4,2,11,3,0,10,4,0,4,28,15,17,34,55,21,0,0,0,0,0,0,0,0
15ab118362ecbbd03b52,2,5,1,2,0,0,7,4,22,12,8,7,0,16,24,7,0,0,0,0,0,0,0,0
1629f353a742f6a73251,0,0,7,4,3,2,21,8,0,0,6,3,14,19,16,16,0,0,0,0,0,0,0,0
166cb02ac436c9d3662f,0,0,45,15,0,1,0,4,35,27,72,102,88,5,61,20,0,0,0,0,0,0,0,0
16c505069c1e5c2bece5,0,10,0,0,0,0,0,0,0,0,0,0,0,0,8,38,3,0,0,0,0,0,0,0
16d68f70cf5e52d0b34a,0,0,3,0,0,7,1,23,19,12,13,20,27,37,25,24,7,0,0,0,0,0,0,0
170a695a2717bcd9b74b,13,9,57,29,8,0,0,3,19,26,7,61,18,7,1,14,0,0,0,0,0,0,0,0
17656005bd4086137ab7,32,0,2,3,4,4,0,0,3,0,13,23,25,16,8,1,2,5,0,0,0,0,0,10
17dda5f588bed077c742,0,4,14,24,2,24,15,15,23,9,7,37,41,23,22,2,0,0,0,0,0,0,0,1
17e429460d5fda251953,0,2,0,8,13,14,11,0,1,5,45,84,63,32,70,52,2,0,0,0,0,0,0,0
17f2d0e73044110cdea5,0,4,14,9,1,2,16,4,21,8,8,2,13,6,12,17,4,0,0,0,0,0,0,0
18654732ca312afc173f,8,15,20,15,8,9,20,6,25,10,17,25,6,6,36,6,0,0,0,0,0,0,0,0
1883af270e36a7580332,0,19,13,1,0,2,0,7,27,4,7,25,22,9,17,0,0,0,0,0,0,0,0,0
18cdd44af62c6935e7a0,0,0,16,1,0,4,8,4,9,18,35,11,21,54,29,46,0,0,0,0,0,0,0,0
1974349ec27d7d67bf08,3,2,12,41,11,2,12,9,0,1,11,37,29,33,36,9,0,0,0,0,0,0,0,7
19793e7e55b68c8dd776,15,11,7,2,6,11,8,2,0,0,13,13,4,10,8,17,0,0,0,0,0,0,0,0
19buea1jycypffshcw38,3,3,9,2,8,3,9,9,2,8,13,13,16,13,14,13,5,0,0,0,0,0,0,0
19fb3075dd2798538c9d,0,0,13,7,0,2,6,1,6,4,7,25,3,0,0,0,0,0,0,0,0,0,0,2
19rc4zj7sw4ms0996992,2,7,8,1,7,13,4,7,3,2,10,19,15,15,10,15,3,0,0,0,0,0,0,2
1afepx549ssnar1m9acp,3,5,4,6,5,10,8,6,10,6,12,18,13,10,18,13,4,0,0,0,0,0,0,0
1b0baf552d2cd47ee10b,0,0,0,0,11,0,0,0,11,0,0,0,0,1,31,4,0,0,0,0,0,0,0,0
1b25734414fcc7466153,2,3,29,2,11,11,31,33,34,4,39,6,32,28,28,7,0,0,0,0,0,0,0,0
1b36a3223f9dd94a211f,7,8,7,2,1,0,4,16,6,8,61,42,22,13,4,7,0,0,0,0,0,0,0,0
1bd9bb053a3ac1bba507,1,9,0,0,4,0,6,12,1,3,3,12,12,2,14,5,1,0,0,0,0,0,0,0
1ca19e51244cdd3f09ff,0,5,7,9,0,0,9,5,0,1,1,0,4,6,8,26,3,3,0,0,0,0,0,0
1cfe33c5b178a0c2367f,0,11,4,0,1,18,0,17,13,15,2,1,13,11,9,4,0,0,0,0,0,0,0,0
1d50eac067378042684b,7,3,4,0,16,8,19,0,0,5,27,16,36,20,10,30,22,18,5,0,0,0,0,0
1d7229e0f5f825007870,10,1,15,6,2,3,2,4,1,0,9,17,11,5,6,15,0,0,0,0,0,0,0,0
1e25b47eaef62694a236,1,33,0,0,0,0,17,0,7,0,29,13,8,10,13,0,0,0,0,0,0,0,0,0
1eekhswi2ckx4uw0j1c9,4,0,4,6,7,5,3,6,7,10,16,10,14,16,19,15,4,1,0,0,0,0,0,0
1f56b6bda24efafcf3a4,0,0,0,0,0,0,0,0,41,7,41,48,25,29,13,8,0,0,0,0,0,0,0,0
1f67cb2e7affbb00b6c8,25,12,24,14,5,16,50,28,15,1,9,0,13,70,68,10,0,0,0,0,0,0,0,0
1fa4f2361b8a03040292,2,9,4,4,16,2,1,0,0,5,5,6,21,70,37,5,0,0,0,0,0,0,0,0
1fc5b87acdfc2a8b580c,0,0,12,7,3,33,0,1,13,6,18,10,22,2,0,0,0,0,0,0,0,0,0,0
1feef8b4129f5bf21e67,0,0,0,0,0,8,8,0,10,6,48,106,38,0,18,2,0,0,0,0,0,0,0,0
1hrtipd0awjpggdje5e2,1,2,10,11,2,4,8,5,12,10,8,11,18,13,19,12,2,0,0,0,0,0,0,0
1jzg1fpf08iiahfbdqc1,0,0,1,6,3,3,6,8,13,6,14,24,14,13,13,12,4,0,0,0,0,0,0,3
1kvfwfp2hr5hjxjxzjqd,4,2,11,9,3,4,8,4,13,11,5,6,15,18,19,7,4,0,0,0,0,0,0,0
1mp9yiw6rkrr3846047g,2,6,6,7,7,7,12,9,6,7,9,9,14,10,8,10,2,0,0,0,0,0,1,1
1n42senfkcjopw1zh39l,3,7,2,7,5,4,4,5,18,4,4,19,13,19,11,6,1,0,0,0,0,0,1,1
1nebcwra7a0fduy8c1fa,3,5,3,4,8,5,6,1,5,3,10,24,13,23,19,10,0,0,0,0,0,0,0,1
1otvyki9oso9bg6ob16u,1,5,5,3,5,13,8,5,7,4,10,13,17,15,16,19,0,0,0,0,0,0,0,2
1t6e0wa99fijxi3ssnzk,1,4,5,3,5,5,1,2,13,7,12,14,11,18,14,11,2,0,1,0,0,0,0,1
1vb2vsoy23nr0monflhx,2,4,7,5,5,3,9,8,11,4,15,17,11,13,15,11,3,0,0,0,0,0,0,0
1wctsudkyal73r2xhycw,5,1,2,3,7,6,4,2,18,8,15,15,15,8,10,10,1,3,0,0,0,0,0,0
204a7d6db340a3c18ca7,1,1,17,11,8,5,2,0,3,0,1,2,0,1,1,0,0,0,0,0,0,0,0,0
204fdbe885269686a392,0,0,0,0,0,0,2,14,34,0,8,49,41,12,0,0,0,0,0,0,0,0,0,0
20f97b68982d1b2f5c73,0,0,0,0,0,0,0,6,16,41,38,48,24,16,48,50,0,0,0,0,0,0,0,0
211ed39c57c6e6cdefbf,0,3,12,7,16,7,0,2,10,0,39,11,23,21,6,6,0,0,0,0,0,0,0,0
2150588a5903d9a77b79,0,9,3,8,8,12,3,8,14,1,4,11,19,16,35,39,6,1,0,0,0,0,0,0
217c87d59a4372c4f3fc,4,0,0,0,0,11,32,17,24,45,32,18,18,24,10,7,0,0,0,0,0,0,0,0
219jkfkejubvu4dvuv13,8,2,6,4,6,4,7,7,5,8,21,11,15,15,18,20,1,0,0,0,0,0,0,0
21e23771e52cb5291b19,4,39,25,52,25,1,25,20,4,11,55,15,39,38,34,13,0,0,0,0,0,0,13,4
21fc5674d24be8e9da89,0,0,8,3,0,0,0,0,0,0,17,3,4,3,1,0,0,0,0,0,0,0,0,12
222d5ee50487a2b8601b,1,0,12,1,11,0,0,16,21,12,18,5,4,10,6,26,0,0,0,0,0,0,0,3
22ae866c664a147f9971,2,1,3,2,0,1,6,8,8,5,22,13,5,11,6,0,0,0,0,0,0,0,0,0
22fey6dqzcrm0jbtfnmm,2,3,7,6,2,7,4,7,10,7,9,21,22,10,18,13,4,2,2,1,0,0,0,0
22wb5ostye8edvfar59p,2,9,7,7,8,6,3,10,9,5,12,27,21,14,10,9,1,0,0,0,0,0,0,1
23dd64a1d2e4965198bf,0,1,0,0,0,0,14,20,34,1,0,0,0,0,33,0,0,0,0,0,0,0,0,0
23f1f5d3d90e2890a423,0,0,6,42,0,4,30,52,84,36,0,36,52,108,10,36,18,0,0,0,0,0,0,0
23mn6b9vjnjy55hgo4au,4,3,2,3,7,4,4,4,15,4,9,13,15,17,13,12,1,0,1,0,0,0,0,1
24524df0ca55659c384e,9,6,15,1,2,0,6,0,31,12,40,43,8,3,25,1,0,0,0,0,0,0,0,0
24ca7714d40e2fe53821,1,6,0,0,1,0,0,0,18,28,24,8,41,1,20,2,0,0,0,0,0,0,0,0
25019b8f1c3ac537894b,2,6,20,16,6,0,2,14,4,6,36,86,32,12,0,4,0,0,0,0,0,0,0,0
25c8e1ae2335e8c3e5b3,40,2,2,0,19,7,2,26,14,1,32,38,78,29,23,11,0,0,0,0,0,0,0,12
264320c6b92b92795ba0,4,12,0,0,3,3,12,7,7,8,17,19,51,17,23,32,1,0,0,0,0,0,0,7
27cc9165eef05eb1733f,0,0,0,0,0,0,0,0,0,0,14,8,48,7,13,0,3,10,0,0,0,0,0,0
2826ec26211d83efd2c6,0,0,9,0,2,7,2,4,2,4,3,8,26,42,51,6,0,0,0,0,0,0,0,2
2842c82981077b78b3cd,0,0,0,0,0,1,11,41,52,27,36,20,23,99,77,71,2,0,0,0,0,0,0,0
28719a42e0cbf4991b7f,0,5,19,9,0,11,41,4,7,0,12,41,16,7,2,3,0,0,0,0,0,0,0,0
28bc8af257c48eac3bf1,0,0,1,11,0,0,0,3,8,16,11,4,7,8,21,5,0,0,0,0,0,0,0,0
28d90a892cc66338f962,2,3,4,18,22,4,0,0,14,0,21,14,8,4,62,15,8,0,0,0,0,0,0,4
28tmrs0kyrrh1odyvf21,4,12,11,9,5,7,6,6,6,3,12,19,11,15,19,13,1,0,0,0,0,0,0,0
29172d2e39ca0d890848,6,0,2,2,0,0,12,32,46,8,6,4,40,20,2,14,0,0,0,0,0,0,0,0
2933a3227c7ce7fe21eb,8,1,0,2,2,2,10,6,9,9,2,1,9,5,22,7,0,0,0,0,0,0,0,0
2959d8017312337a2ba6,18,34,30,4,8,16,6,41,52,4,19,65,65,21,8,1,0,0,0,0,0,0,0,1
29acddb87cfe062d73f5,16,11,0,0,1,5,2,9,18,12,11,2,20,49,21,0,0,0,0,0,0,0,2,4
2a003b122e9500e465c4,4,0,0,4,10,10,14,26,54,0,12,34,68,14,30,34,0,0,0,0,0,0,2,6
2a515047aa9d085849a2,7,9,27,24,7,1,2,27,19,17,37,31,34,8,14,25,0,0,0,0,0,0,0,4
2a6ap0t2rsvoogmydj3a,2,8,5,9,2,8,11,8,7,6,10,10,21,13,11,8,4,0,0,0,0,0,0,0
2af634997fba501740c2,0,0,6,15,44,19,13,12,4,5,2,20,17,29,5,0,0,0,0,0,0,0,0,0
2b54ed4af8281eb82f58,0,2,10,2,5,0,14,0,1,23,12,13,30,12,43,12,0,0,0,0,0,0,0,0
2b935bfe06ef02369807,0,0,0,1,4,0,0,0,6,17,3,0,1,5,23,28,4,0,0,0,0,0,0,0
2b9ef4e3749f713870b0,0,2,12,27,43,0,2,0,0,20,10,33,10,2,32,5,0,0,0,0,0,0,0,0
2c3b89432513b2035664,0,2,6,7,0,0,0,0,0,0,4,14,2,8,29,12,0,0,0,0,0,0,0,0
2c6339f7c23a64d02081,1,1,5,6,2,7,17,2,31,0,11,9,0,2,2,0,3,0,0,0,0,6,10,10
2ccfa5f79c8b61e465d4,0,5,49,0,12,7,34,40,21,10,14,13,7,39,21,6,38,1,0,0,0,0,0,0
2d526c27123e59103e29,1,3,0,0,4,51,37,33,3,38,35,56,52,56,59,35,2,0,0,0,0,0,0,12
2db6dd71f1d07300382c,0,0,3,0,2,0,4,9,0,0,5,0,1,11,20,6,19,0,0,0,0,0,0,0
2ddkknvpbz2j9wlvybtj,4,4,4,6,5,6,7,8,11,5,11,6,16,13,18,14,3,1,0,1,0,0,0,0
2e2c00240c341a4265e3,0,0,0,0,0,9,15,1,0,6,0,0,3,16,52,30,0,0,0,0,0,0,0,0
2e3e7cbe0e69add8d31a,0,0,0,0,0,1,4,12,8,5,3,1,9,6,9,2,0,0,0,0,0,0,0,0
2e40c1b07d32d3b80862,0,4,2,4,13,0,24,25,0,3,16,34,6,45,61,2,0,0,0,0,0,0,0,0
2e54b1c7bff5847c82a8,21,27,24,12,22,2,25,45,47,0,11,114,51,11,16,3,2,0,0,0,0,10,6,14
2ea821273e01ec758583,4,18,2,17,16,0,24,7,5,0,10,43,38,0,0,0,0,0,0,0,0,0,0,0
2ecb7fb5ff8899614c12,5,0,22,0,0,0,15,9,0,0,68,36,4,10,14,25,0,0,0,0,0,0,0,0
2egpenarap9h0a2k0bc5,3,10,5,6,7,5,4,5,9,5,12,15,5,18,19,10,3,0,0,0,0,0,0,1
2f3c37735e817244e646,0,1,1,5,1,0,1,6,14,7,12,14,10,8,15,7,2,0,0,0,0,0,0,0
2f3ef424b925a9881b81,4,19,28,2,6,10,14,2,3,6,15,26,0,1,4,0,0,0,0,0,0,0,0,4
2fe9648ea28753c73c2c,0,1,25,16,0,2,5,1,6,0,2,3,28,31,29,90,11,4,0,0,0,0,0,0
2h9c9tdsnoz1hyzo5frt,1,3,4,9,6,11,3,8,6,3,12,15,19,20,20,10,2,0,0,0,0,0,1,0
2jvnsh0veb6qnn3uv6i8,1,2,5,1,8,5,8,3,13,10,10,10,11,15,18,22,1,1,0,0,0,0,1,1
2krjeqjgjqfuumdo3ibt,2,6,7,8,4,3,2,12,11,9,15,19,11,11,12,4,1,0,0,0,0,0,1,3
2ui63dibc4r8oo0p9agh,1,1,6,8,5,8,7,8,7,8,12,17,7,19,18,17,3,0,0,0,0,0,0,0
2uxkhe454qk8jvk0ufvp,2,3,3,1,4,6,9,9,12,7,10,16,8,12,17,10,0,0,0,0,0,0,1,0
2xsbkm76x36qvddrl2yo,2,5,1,2,3,5,8,5,7,5,15,12,17,25,14,8,3,0,0,0,0,0,0,1
2zfdinkl7qrn0o62tlp4,2,3,5,1,3,2,9,8,15,7,8,12,9,13,16,15,3,0,1,0,0,0,0,0
301f57984e5d2969c938,28,17,5,7,2,0,0,0,3,2,10,5,16,14,11,15,11,0,0,0,0,0,0,0
306627b1ecbdf4e3aa34,0,3,5,7,6,10,6,14,28,13,11,11,9,15,12,8,1,0,0,0,0,0,0,1
3094825929f936abb792,4,14,5,3,3,0,7,1,0,5,35,98,14,1,10,1,0,0,0,0,0,0,0,3
311abc37a94ae8afe41a,9,0,5,0,0,6,24,5,10,8,0,0,0,3,10,60,12,0,0,0,0,0,0,0
31741464205aa8cdb4f5,6,2,2,6,7,7,10,10,15,7,14,16,23,5,16,8,0,0,0,0,0,0,0,0
3267b84814316e2fa25e,0,3,12,4,17,2,5,11,25,6,2,4,22,5,15,33,0,0,0,0,0,0,0,0
329622100fe091a4c48c,0,2,16,62,16,19,20,30,28,55,59,73,0,33,21,0,0,0,0,0,0,0,0,0
32n93dfesjggabieb85t,1,10,5,6,11,4,3,9,5,3,5,19,13,16,25,11,3,1,0,0,0,0,0,1
3313c40ea45a87f9d2e7,0,1,4,4,0,9,8,2,9,5,1,6,15,5,2,20,11,10,1,0,0,0,0,0
33184c1cba6a37cdbda2,0,0,0,0,0,0,2,4,0,18,40,44,38,52,56,77,16,22,41,7,0,0,0,0
33b73273ab8e1a11fcda,0,0,0,0,13,0,0,10,16,0,3,6,9,12,6,8,0,0,0,0,0,0,0,0
33c123d08dc07edb50f9,0,0,4,0,0,2,2,2,20,8,0,22,10,2,8,54,0,0,0,0,0,0,0,0
33ddb1517601db520cd6,0,2,16,9,4,2,8,0,1,7,17,44,14,4,1,0,2,0,0,0,0,0,0,0
34aaaa47df8c4aa4d926,0,6,6,14,40,20,34,12,30,10,50,92,58,6,82,22,0,0,0,0,0,0,0,0
34qcy2qj5lij7g82hpvw,3,5,7,6,2,4,5,7,11,6,11,17,18,12,10,8,13,0,0,0,0,0,0,1
3531c5f9d520759ba697,98,58,4,6,60,60,2,22,30,4,4,8,4,24,30,34,8,0,0,0,0,0,0,32
3555053023c67d592439,0,2,2,2,6,8,0,0,17,5,3,6,7,4,20,23,0,0,0,0,0,0,0,0
3565d61f3efec69e611c,0,1,1,0,15,3,8,4,3,9,1,0,1,12,15,8,0,0,0,0,0,0,0,0
359f25d9131a0699405b,0,4,3,7,7,2,0,1,14,9,4,19,36,24,22,10,0,0,0,0,0,0,0,0
35e028ec34bfdb7a6d26,0,0,3,0,8,21,8,3,1,7,28,0,12,17,28,17,4,0,0,0,0,0,0,0
35wcdp4s13xmtyq5f7os,4,1,8,3,3,8,5,9,7,4,11,15,19,15,17,13,3,0,0,0,0,0,0,0
360820d6620d17d1b48b,0,5,4,4,9,13,7,4,19,44,20,17,24,49,43,25,0,0,0,0,0,0,2,5
3672e2896ad7d8f2404e,0,0,1,4,11,0,0,0,0,3,50,1,0,9,16,11,0,0,0,0,0,0,0,0
367c27a001837dabb2e9,0,0,0,1,6,5,0,33,12,11,0,5,26,0,9,16,4,0,0,0,0,0,0,0
36ebf305b7206112f676,2,0,0,4,13,14,10,12,8,14,6,7,9,36,44,0,0,0,0,0,0,0,0,0
374ff25490a1f0aba47f,1,0,2,5,0,6,1,7,44,11,10,28,6,19,60,1,0,0,0,0,0,0,0,0
37905cfdcd105683aaf4,0,0,0,0,0,0,4,0,3,1,24,28,6,9,8,5,16,17,23,0,0,0,0,0
37ae91c472189108a737,0,1,0,20,0,0,12,10,25,1,0,8,2,3,6,8,0,0,0,0,0,0,0,0
37f3b3d773c5c073bc9a,1,1,0,2,1,0,0,11,10,5,3,16,16,15,12,8,6,0,0,0,0,0,0,0
38357be0ab369a9ae942,0,7,24,3,6,0,2,0,0,0,10,15,29,26,3,9,0,0,0,0,0,0,0,0
388090578f22a3c33738,0,0,0,0,9,0,1,3,0,1,9,11,31,19,4,7,0,0,0,0,0,0,0,0
390d1fc3b78420815190,0,0,12,5,11,50,18,13,35,7,13,6,12,15,3,8,0,0,0,0,0,0,0,0
3919286d3d8c4f4d339c,6,10,0,7,2,0,4,0,1,7,18,36,31,40,33,7,0,0,0,0,0,0,0,0
3a9d955e2ef47191a742,11,5,18,8,8,1,3,16,43,14,5,6,47,22,6,0,0,0,0,0,0,0,0,0
3ab864e1e692786fefd2,0,10,0,0,0,12,2,8,24,0,60,68,62,16,2,0,0,0,0,0,0,0,0,0
3ac65fbc295f5fbd2ff7,0,0,0,0,0,0,0,0,34,92,72,20,0,0,0,0,0,0,0,0,0,0,0,0
3b3b2319b0995f149ecc,0,0,8,8,26,12,0,1,5,0,16,45,26,35,46,20,0,0,0,0,0,0,0,0
3b6f3bb370f3107e257d,0,0,14,0,0,24,20,2,14,18,10,0,0,0,0,0,0,0,0,0,0,0,0,0
3ba42ec5350aacb0750a,0,1,0,7,5,4,0,24,25,43,44,62,42,27,63,15,12,0,0,0,0,0,0,0
3bf7b3c9aa7d93ecb603,0,7,10,12,6,0,0,0,0,0,26,64,42,48,31,35,13,0,0,0,0,0,0,0
3c1b9222136b752563f6,0,0,0,1,0,0,0,0,4,6,20,23,2,4,12,1,0,0,0,0,0,0,0,0
3c37e3ad275dcdd39e2c,0,4,7,0,3,0,0,15,11,9,19,20,49,39,20,5,0,0,0,0,0,0,0,0
3c71b62d597098c4cd18,1,20,1,0,0,1,1,0,9,12,8,12,6,15,4,0,12,0,0,0,0,0,0,1
3c89c7f1db26ae691db8,0,6,27,14,20,8,7,4,32,12,28,78,56,31,58,5,0,0,0,0,0,0,0,0
3cic5ziycjx4ik4ll0v1,1,2,2,2,5,3,7,10,11,5,14,11,7,10,35,18,2,2,0,0,0,0,0,1
3d63ba961a5f3a60616a,0,3,1,2,1,2,0,2,5,0,4,30,15,9,16,17,0,0,0,0,0,0,0,0
3dba043eb6065ad3a343,0,0,0,2,0,6,0,0,0,5,17,2,4,0,4,0,0,0,0,0,0,0,0,0
3dglsy7ee3ytfq1lpwlv,1,3,6,5,4,16,8,6,8,4,18,11,19,16,18,15,2,2,0,0,0,0,0,0
3f34e3108d1108dab0fd,0,1,8,8,1,0,8,0,0,0,4,29,8,2,1,7,0,0,0,0,0,0,0,0
3f55d44d7572d52b2987,0,0,4,7,0,1,3,2,7,7,10,28,22,2,1,0,0,0,0,0,0,0,0,0
3f81bf9625e47ca1963f,0,0,6,15,3,0,0,0,12,3,9,7,19,51,6,2,0,0,0,0,0,0,0,0
3fee5c27236cbb682727,0,0,0,0,3,0,0,0,0,2,1,3,46,17,2,7,15,23,0,0,0,0,0,0
3ff069e95a9047dbfa8b,1,23,25,12,1,0,0,3,36,11,30,11,45,20,5,9,0,0,0,0,0,0,1,10
3iz4t53ooerb6sruxf3n,1,4,12,7,3,0,10,9,10,5,8,13,8,11,25,9,3,2,0,0,0,0,0,0
3j2vbe9wnsfu4lpkyne4,1,0,4,5,10,3,11,9,14,7,19,24,12,10,15,10,3,0,0,0,0,0,0,2
3lbe8ny12qw7qwcyihpn,6,4,6,4,7,4,3,8,3,2,7,15,15,9,24,11,0,0,0,0,0,0,0,2
3m4gx52iq3mwqdycm8mm,4,2,5,2,5,4,3,8,13,11,17,11,14,12,24,19,2,1,0,0,0,0,1,2
3p34idi1traz2k8j0ulk,0,1,7,6,2,3,4,3,16,17,10,14,16,20,22,7,2,0,0,0,0,0,0,0
3pmmf04ujwm9fuffa0ss,2,3,4,1,3,4,8,4,10,6,8,13,21,13,11,8,3,1,0,0,0,0,0,0
3qvqfnzdg358mord1cku,2,4,1,2,3,4,10,5,11,12,11,5,7,11,25,14,3,0,1,0,0,0,0,0
3sc0054rs9ik2p3l3zzr,1,5,11,5,6,6,5,3,9,13,18,18,19,17,12,15,3,1,0,0,0,0,0,0
3w0b2b1gz9i1nhmtab7s,4,5,4,7,3,2,5,7,13,7,15,9,12,11,18,11,5,3,3,0,0,0,1,0
3ywgcurp27qp1fydp27z,1,5,5,10,7,15,8,5,8,3,17,16,19,17,11,11,2,0,0,0,0,0,0,0
40eb36011ced9a882ea9,7,5,7,13,23,12,12,6,3,2,6,52,26,0,20,44,0,0,0,0,0,0,0,0
41126caf1874c098d357,0,0,2,0,0,0,0,1,0,0,9,17,33,38,35,0,0,0,0,0,0,0,0,0
4130weedl0x9hc7qe5a4,0,3,6,6,4,6,5,11,11,1,13,20,21,11,22,7,6,0,1,0,0,0,0,0
413cbf664ac3ba8307ea,0,12,14,18,0,2,5,7,32,11,21,26,9,33,16,3,13,0,0,0,0,0,0,1
4156dc6090d72c95c23b,0,0,0,0,0,0,0,0,0,0,7,29,39,5,0,0,0,0,0,0,0,0,0,0
418f4730434eaced55a2,0,2,7,14,0,0,2,6,2,0,13,18,5,3,0,0,0,0,0,0,0,0,0,0
41abb1b9df74d29b7732,0,0,0,0,0,0,0,5,0,0,0,0,12,3,64,11,0,0,0,0,0,0,0,0
41e9ff991a4a21f423a8,0,0,2,0,0,3,10,16,14,15,15,9,3,23,26,20,1,0,0,0,0,0,0,0
41f718ae2aed1d6c2573,3,1,5,1,2,6,8,1,52,2,12,0,0,3,19,1,0,0,0,0,0,0,0,0
424de2c5e2c1f5652cdc,0,0,2,8,6,17,8,7,23,8,18,22,27,24,13,18,2,0,0,0,0,0,0,0
42dd5f9cd9e2c3ac9ed7,4,9,0,0,4,16,11,6,0,3,0,0,47,27,31,4,0,0,0,0,0,0,0,0
42e83553ca9d77ab4aee,11,16,1,5,0,1,3,1,0,1,24,38,21,29,14,0,0,0,0,0,0,0,0,1
430420fb41fe0a889868,3,34,9,4,4,0,17,6,3,1,6,17,31,29,39,39,10,2,0,0,0,0,0,0
432fd26823e230070734,5,4,10,31,12,1,10,18,34,26,4,6,31,25,66,8,0,0,0,0,0,0,0,0
4388d48ebff4cf866ecd,0,0,0,0,0,0,10,16,14,8,8,38,74,12,2,2,0,0,0,0,0,0,0,0
43d34a076620e32fedfa,2,9,5,0,5,1,22,11,12,8,18,41,41,28,13,12,0,0,0,0,0,0,0,0
43d98a750c726bb39d11,1,0,2,0,0,1,8,7,9,5,18,6,6,8,19,43,4,0,0,0,0,0,0,0
446d2ad0ca2908ffa4f9,1,2,2,0,6,0,0,2,0,3,1,10,7,6,21,1,0,0,0,0,0,0,0,0
4474f24ef69e01e2c001,0,0,0,2,0,2,7,0,6,2,0,0,0,5,4,44,6,4,0,0,0,0,0,0
4478eae73fb84cedb102,12,7,9,24,10,3,2,10,23,2,5,25,39,32,31,36,1,0,0,0,0,0,0,0
44c7cf3881ae07f7fb3e,0,0,0,0,2,7,13,24,7,0,43,20,21,8,25,0,0,0,0,0,0,0,0,0
44x159fl0pw2uucriuga,2,5,7,4,3,3,11,8,13,8,11,16,16,15,14,8,2,1,0,0,0,0,0,0
451b0095938a3c54efc4,0,0,0,6,0,0,0,0,2,4,28,76,82,42,0,0,0,0,0,0,0,0,0,0
453d43b3f6bdf467e672,0,0,11,5,10,5,0,9,45,23,19,24,29,47,15,21,8,0,0,0,0,0,0,0
454c91e8f96c1dc4e994,0,0,6,5,10,28,21,5,5,16,16,25,22,29,32,38,5,0,0,0,0,0,0,0
45b6cc87a7e957f83027,0,0,11,6,11,3,1,18,11,0,12,12,22,12,12,18,8,0,0,0,0,0,0,4
460fa4961434cf281423,4,8,7,4,5,7,2,17,22,1,3,20,1,21,40,12,0,0,0,0,0,0,0,0
46a60ed041c8ebf98061,0,1,0,0,0,0,7,14,9,0,13,17,10,7,6,2,0,0,0,0,0,0,0,0
46a7a18ca160c829a15f,20,10,33,20,3,1,30,16,12,19,16,17,30,36,39,4,0,0,0,0,0,0,0,0
46e2d5243b6eef040f97,5,2,6,0,6,3,4,5,4,1,2,11,4,12,7,28,0,0,0,0,0,0,0,2
4738a118c8b8fa271fd6,7,12,19,7,6,0,4,8,0,0,8,1,23,27,10,0,0,0,0,0,0,0,0,5
47b08a7751ab609be9e5,0,9,10,0,0,0,18,0,0,0,5,10,8,2,15,22,0,0,0,0,0,0,0,0
47eeab842793b09300c3,1,1,8,6,7,41,42,2,0,0,3,0,3,2,5,31,0,0,0,0,0,0,0,0
47vclaej1xmb0rc8kgka,2,2,13,10,7,4,11,7,13,4,8,15,17,8,18,7,1,0,0,0,0,0,1,1
4884f3bdc068ef01e042,0,20,48,120,32,8,36,24,58,22,0,44,170,50,62,28,0,0,0,0,0,0,0,0
488934d01a504bc212b4,0,1,2,22,20,0,0,14,6,3,16,21,9,6,7,5,1,0,0,0,0,0,0,0
488fc49e8fccd665c3e2,19,21,36,24,17,18,22,5,18,1,25,59,50,12,43,51,2,0,0,0,0,0,0,5
48a71a6a5a15e31084e3,0,0,7,2,1,5,2,0,11,4,0,0,7,34,31,15,0,0,0,0,0,0,0,0
48a96425072cefa0dc69,0,0,3,1,3,16,13,7,17,5,6,18,8,14,12,8,10,0,0,0,0,0,1,0
48ad93c227abfa9542aa,0,0,22,0,0,0,0,0,0,24,228,76,46,0,0,0,0,0,0,0,0,0,0,0
490bhm7of35x1ixmdp9v,4,5,5,1,6,7,8,6,10,7,9,22,15,14,13,16,1,1,0,1,0,0,0,1
498121d2486259ef1b3a,0,0,0,0,0,2,3,8,0,9,72,35,32,38,35,0,0,0,0,0,0,0,0,0
49a91a4dce6838ffcbcd,1,8,12,1,9,14,1,3,4,0,4,15,28,41,46,7,0,0,0,0,0,0,0,0
49b95110a8c59f6b6c58,8,16,32,22,0,4,28,10,60,46,64,124,162,26,6,48,32,0,0,0,0,0,0,0
49ef48443e09f8be12f6,9,9,0,1,0,1,5,18,11,1,7,6,2,7,14,19,9,0,0,0,0,0,0,0
4a0890c15c26984c191f,0,12,14,16,6,22,4,46,20,12,16,64,68,114,4,4,2,0,0,0,0,0,0,0
4a6e1cf1e4e9d8f54717,0,0,0,0,0,0,0,0,18,5,0,0,2,13,17,5,0,0,0,0,0,0,0,0
4a7f53c0a376edadf38a,17,10,0,9,0,0,13,1,0,21,33,50,73,17,10,0,0,0,0,0,0,0,0,0
4acutl013itvh9va99p7,2,3,7,0,7,4,3,7,11,5,12,7,13,9,18,14,3,0,1,0,0,0,1,2
4atjmlccken75lck9ffp,3,5,5,7,2,5,4,12,12,5,9,6,17,7,10,5,2,1,1,0,0,0,1,0
4bceaffe5e429ed3333b,14,9,1,1,7,9,4,0,3,0,0,0,5,2,19,5,0,0,0,0,0,0,0,1
4bq1kdgygbtif8w80s5y,4,9,3,3,3,7,1,10,14,5,14,13,25,8,11,4,3,0,0,0,0,0,0,2
4c26df96293b4a52bc03,1,1,2,0,22,39,22,10,3,0,1,0,0,14,13,19,2,0,0,0,0,0,0,0
4c79be630ae9d3db6aaf,3,20,19,16,0,3,1,30,33,4,10,47,35,27,31,0,0,0,0,0,0,0,0,5
4c90f16c0fcd85d3de25,0,18,81,39,5,3,18,13,31,21,16,31,13,48,36,11,0,0,0,0,0,0,0,0
4ca5c8ea55be09213d14,0,0,0,0,0,0,0,14,30,10,6,6,0,12,29,31,0,0,0,0,0,0,0,0
4cb96f0d9108066442a8,0,0,0,0,0,0,0,0,0,0,53,37,0,0,0,20,0,0,0,0,0,0,0,0
4cc0dc56eecea1d928d1,0,0,1,20,12,0,0,0,0,14,11,45,13,11,33,3,0,0,0,0,0,0,0,0
4cmc1clqeje7atfrg4db,2,2,2,2,5,5,2,7,10,4,16,22,12,15,18,13,1,1,0,0,0,0,0,1
4dfdfa5e1a04c832b9b4,24,13,7,19,11,18,5,8,38,11,62,60,40,16,25,31,0,0,0,0,0,0,0,6
4e4bb1f26e34ca0a13dc,7,0,0,18,24,2,0,0,0,17,6,13,21,15,7,16,0,0,0,0,0,0,0,0
4e508744a9816cc4586a,0,0,0,0,0,0,0,0,0,0,54,16,11,0,0,0,0,0,0,0,0,0,0,0
4e768251c78b687fa993,18,1,10,13,9,30,10,3,24,1,18,27,25,41,27,0,1,0,0,0,0,0,0,0
4edfd2e1b7c5c5d1d384,0,4,11,3,0,1,1,13,13,12,5,7,3,4,0,0,0,0,0,0,0,0,0,0
4erna0vkk9gu5umle1se,7,6,6,6,4,5,4,9,10,8,11,17,10,9,10,8,0,0,0,0,0,0,0,1
4ewf46mylf75olvvihqj,2,7,7,3,6,4,2,8,9,6,6,14,17,13,11,14,4,1,0,0,0,0,0,1
4fl8e5s0nf65bm2m34f0,2,0,9,9,3,5,9,11,7,4,11,10,15,14,15,15,0,0,0,0,0,0,0,0
4glo109mkgy7azntyttp,0,1,8,4,5,4,4,6,10,3,4,15,16,16,19,13,2,1,0,0,0,0,0,1
4i0t5tq7o78lvc1zglgr,0,0,5,3,3,9,6,7,9,6,10,19,10,12,15,9,1,0,0,0,0,0,0,0
4nun1ah7qw10q705a2aq,1,6,6,4,13,6,5,2,7,4,11,20,3,18,20,14,1,0,0,0,0,0,0,0
4oqxw56hzk4fk8aqh3e0,1,4,8,5,2,3,3,9,6,7,13,9,26,9,17,11,2,0,0,0,0,0,2,3
4v5xbvn3yhmvs97477pc,0,4,1,2,4,10,9,7,7,4,9,12,18,11,22,8,6,0,0,0,0,0,0,1
4v8jwi9ynwjob7t67edm,2,4,1,6,5,7,6,8,12,3,10,15,17,13,9,6,2,2,1,1,0,0,0,0
4vnvytgnlmv4jbfw9h3t,1,1,7,3,5,3,5,6,11,11,7,11,16,12,15,14,2,0,0,0,0,0,0,0
4x441h9y6wzknmtdw7q4,2,7,4,5,5,4,9,6,10,7,13,20,18,8,11,10,6,1,0,0,0,0,1,0
4xh67ezjc331pg9q3kfv,1,1,14,5,0,3,9,5,10,6,12,13,14,21,24,11,1,0,0,0,0,0,0,1
4y1vvkscejq34042oag4,1,4,2,3,5,12,7,4,3,3,10,16,11,14,15,15,4,0,0,0,0,0,0,0
504278569f7c6dff25e3,0,0,0,1,1,0,7,6,8,2,7,2,9,9,13,11,2,0,0,0,0,0,0,0
50673b01fd2b0c765572,0,0,0,0,1,7,5,6,19,4,22,18,38,23,33,17,0,0,0,0,0,0,0,0
50fec4ca4283ad18c000,5,10,7,0,1,2,0,0,5,8,9,10,7,6,48,32,0,0,0,0,0,0,0,0
510a90cd169e2eb042ab,2,18,32,27,3,3,24,37,10,36,39,69,64,51,61,6,0,0,0,0,0,0,0,0
522837ace4fd8dd743f2,8,5,38,32,2,33,28,34,46,20,70,68,27,12,59,72,60,2,0,0,0,0,0,0
52a24e35d5356ab34a2e,18,29,10,26,1,8,14,0,33,22,7,3,4,7,10,6,0,0,0,0,0,0,0,0
52d965ebf3ec0518bc0f,0,4,11,6,0,0,0,0,0,0,0,0,0,0,62,7,0,0,0,0,0,0,0,0
52f1bca9ac9c792e4457,12,9,13,0,0,0,0,0,7,0,0,0,27,42,21,20,0,0,0,0,0,0,0,0
52f4899e918b57df28da,0,3,17,13,12,3,2,9,0,4,7,11,6,3,1,0,0,0,0,0,0,0,0,0
533bc4c6716035e694ac,0,0,0,0,104,14,0,14,2,2,0,0,14,146,120,4,0,0,0,0,0,0,0,0
539911ee11c1b2aaeb88,0,6,7,4,1,13,16,16,10,2,11,9,11,33,26,0,0,0,0,0,0,0,0,0
53d51965c40a54cff1a0,2,2,1,0,3,9,26,19,3,6,18,8,6,9,5,1,0,0,0,0,0,0,0,0
54342435561e775ce97f,17,1,5,3,16,8,0,7,2,3,29,97,52,2,0,0,0,0,0,0,0,0,0,12
545eb6c8154273344669,5,6,11,16,0,21,4,1,5,6,24,20,17,17,33,10,1,0,0,0,0,0,0,0
5479f88afb95288d6392,0,13,0,2,1,1,5,10,1,4,0,4,8,4,24,19,13,0,0,0,0,0,0,0
54826f4abf592713d585,2,0,17,7,2,0,9,4,9,4,5,13,25,5,47,6,0,0,0,0,0,0,0,0
54f91ccb08cbece520da,3,3,6,8,3,23,12,17,4,13,16,12,12,16,3,0,0,0,0,0,0,3,0,0
552365f82674884bcaaa,0,0,0,0,3,8,2,7,9,4,20,4,7,6,3,0,0,0,0,0,0,0,0,0
553l2g7kpifbvn82knxk,4,1,5,1,6,6,7,5,11,11,9,16,13,10,18,18,3,0,0,0,0,0,0,1
55a47a152d359522e38d,5,28,0,4,8,3,9,7,2,0,13,25,45,14,21,18,10,2,0,0,0,0,0,0
57709f904b1cc9ec60b1,0,8,15,14,12,9,34,8,5,1,2,28,27,2,26,8,1,0,0,0,0,0,0,0
57c33a6126c456c5ada8,0,0,0,0,0,20,20,6,0,5,15,0,0,42,23,0,0,0,0,0,0,0,0,0
57f84519c468df122d69,6,12,11,4,2,1,1,2,9,6,0,3,2,16,33,8,0,0,0,0,0,0,0,2
57lp5aje49glffj2mavj,2,3,2,4,3,5,7,3,12,5,12,19,12,10,19,9,4,1,0,1,0,0,0,1
580e98185da72b5f34cd,5,38,20,12,3,21,53,12,22,22,25,63,32,7,6,18,0,0,0,0,0,0,0,0
58n0dsxyyqnriomw67id,0,2,1,2,8,7,10,5,20,9,8,11,9,7,21,19,7,1,1,0,0,0,0,1
58widcj6smafuwyqxw2m,1,5,3,5,4,0,9,4,13,6,5,12,11,22,26,16,1,2,1,0,0,0,0,1
5914db0d4427b322e8af,0,0,0,0,0,0,0,0,0,0,38,102,90,40,6,0,0,0,0,0,0,0,0,0
5963ba5cd9d242a00e22,1,1,1,4,19,3,1,0,0,1,23,26,19,7,14,25,12,1,0,0,0,0,0,0
59bybxqvhton27u0jtfm,9,10,2,4,2,4,8,8,10,2,16,13,20,13,9,5,0,0,0,0,0,0,1,0
5a44a7c59729d41d596a,0,3,0,0,0,0,24,14,36,53,16,39,6,10,16,9,0,0,0,0,0,0,0,0
5a8cce5abee961fc77f3,0,0,0,1,4,2,1,2,2,8,4,6,26,21,32,13,0,0,0,0,0,0,0,0
5abcc9d4fb5e764b2f6f,0,1,1,11,1,26,10,0,13,3,18,54,40,50,25,4,0,0,0,0,0,0,0,0
5ada57d72f07c3803d33,0,0,0,14,0,2,15,15,26,14,13,3,21,13,2,0,0,0,0,0,0,0,0,0
5b5ef66e547d63806a56,1,51,15,6,5,8,11,22,11,30,13,39,24,18,62,4,0,0,0,0,0,0,0,0
5bdad002590327215ae0,3,0,4,1,8,5,3,3,2,0,2,6,21,9,16,4,0,0,0,0,0,0,0,0
5be7405ad4ae9d9a2853,0,0,0,0,0,8,38,2,78,20,68,100,4,28,8,0,0,0,0,0,0,0,0,0
5bv3jsp9s9e00dmfn4yz,2,4,6,5,5,5,7,5,13,5,9,10,9,13,16,11,5,3,0,0,0,0,0,2
5c33bb784bb99763ed74,0,0,2,11,4,3,33,0,0,2,1,2,1,8,55,12,2,0,0,0,0,0,0,0
5c83f4ed6601ddf1a6fa,7,2,1,0,0,0,0,0,0,5,68,27,0,0,0,0,0,0,0,0,0,0,0,0
5cda8273b348fbda9f29,35,20,12,22,8,4,7,18,34,0,35,28,13,2,28,0,0,0,0,0,0,0,0,3
5cvh2l8k7xnsm53a53hq,5,3,2,3,6,2,5,5,9,7,10,18,13,17,16,5,2,1,0,0,0,0,0,1
5d16326e4577a67d94c6,2,2,0,0,0,0,7,2,6,18,18,18,33,8,11,14,2,0,0,0,0,0,0,8
5d2379fb72082166dee3,2,7,4,1,0,11,30,2,0,5,2,3,18,7,17,24,2,0,0,0,0,0,0,0
5d580a610c7f8114eb5c,0,3,0,1,1,6,0,3,14,7,10,7,6,4,13,14,0,0,0,0,0,0,0,0
5d89810b20079366fcc2,0,0,0,0,7,12,20,0,0,12,0,0,0,0,0,11,0,0,0,0,0,0,0,0
5dmn9cwdf4l1snqfjw1p,0,1,5,6,4,3,6,3,13,4,10,14,9,15,18,11,0,1,0,0,0,0,0,0
5e12a0421c20717035cb,6,72,55,0,0,0,0,1,27,22,28,50,64,32,21,2,0,0,0,0,0,0,0,0
5e29473eb1e80fde79a0,23,2,6,6,51,10,11,7,0,0,2,0,8,28,39,65,2,0,0,0,0,0,0,2
5e89fad73b2ada2a30bf,0,0,0,2,3,0,4,33,6,4,11,10,10,9,15,31,13,12,0,0,0,0,0,1
5ez4c53h3kdamnlvkpna,6,6,2,6,3,2,2,12,7,5,12,15,17,6,22,12,2,1,1,0,0,0,0,0
5f55600069b483f999f5,0,0,10,0,0,0,0,21,10,24,13,75,77,0,32,31,0,0,0,0,0,0,0,0
5f7b406b2bbf9789735f,0,0,0,0,0,1,13,0,8,0,0,24,9,3,35,14,0,0,0,0,0,0,0,1
5f8d87412f69e3d9fb13,10,10,7,0,0,1,0,4,1,0,0,2,1,6,8,18,0,0,0,0,0,0,0,0
5faa3d19e595ab735fda,0,2,21,24,11,6,18,13,11,5,13,0,13,8,30,13,0,0,0,0,0,0,0,0
5fbaf8a0f524358778bb,0,1,0,3,3,10,14,8,16,14,12,7,7,30,28,11,0,0,0,0,0,0,0,0
5gs9643ghg39gpkgi3e5,4,4,8,8,4,4,7,11,13,5,8,9,13,15,11,8,2,0,0,0,0,0,0,1
5jxldd3plo4x6oq140l5,5,6,6,6,4,4,2,9,11,7,19,14,21,11,11,16,3,0,1,1,0,0,0,3
5kqtdcvyt7rgqdoextw8,0,3,8,3,8,3,9,5,10,5,14,13,14,17,19,6,1,1,0,0,0,0,0,1
5mrih4nj5agvu67vao4m,1,4,5,4,3,1,9,7,12,10,11,10,17,5,19,9,5,1,0,0,0,0,0,0
5qfsd40k8fv54hc102p2,1,1,1,0,3,4,9,5,14,6,13,16,13,17,14,8,2,1,0,1,0,0,0,0
5slhcx7pnjhcmlbfffu6,2,2,2,4,9,4,7,5,10,6,5,20,12,16,22,13,3,0,0,0,0,0,0,0
6002b9ec0f4ad0b281cf,0,0,0,1,8,11,6,10,20,14,9,8,11,25,17,12,0,0,0,0,0,0,0,0
60c3549c706fe13322ce,0,0,21,3,3,29,19,4,4,14,21,15,5,0,7,0,0,0,0,0,0,0,0,0
6106e5232ac32bc22d1d,5,9,2,0,2,3,15,5,6,0,4,9,5,23,33,36,22,23,1,0,0,0,0,0
61de1e21015e07aacbe8,0,21,4,8,23,10,2,12,36,46,31,29,17,44,105,56,0,0,0,0,0,0,1,0
62156eada978f707f5d2,4,14,5,7,0,2,2,1,5,4,16,6,1,4,10,9,10,0,0,0,0,0,0,0
6273f50d9a0b4e6d971c,0,0,0,0,0,1,5,1,0,2,43,9,3,34,14,0,0,0,0,0,0,0,0,0
628bztd9ybuth5efk7nw,2,7,14,1,4,6,7,13,10,3,15,14,13,15,23,16,5,2,0,0,0,0,0,0
62a877b83219f7974fd0,0,3,1,2,5,3,1,0,2,1,2,0,2,10,18,3,0,0,0,0,0,0,0,0
62olkigg7ntlaf6fzytl,2,1,5,3,8,7,10,11,17,5,12,9,8,11,21,14,4,0,0,0,0,0,0,1
6314d7cbc465e29f357c,14,18,0,0,34,20,0,50,30,0,36,10,6,8,22,6,0,0,0,0,0,0,0,2
63aded37545ab92d41d4,0,0,0,0,0,0,0,0,0,0,0,10,63,91,51,13,0,0,0,0,0,0,0,0
63c38a00d97e62c31e08,25,6,17,18,21,9,8,12,15,6,11,0,12,15,40,2,0,0,0,0,0,0,0,2
63eef37311aaac915a45,0,0,19,30,59,0,4,2,13,8,0,0,0,0,0,26,107,38,10,0,0,0,0,0
63ff3dff3eb31d62ab3e,0,0,0,0,0,0,4,11,3,23,34,26,47,41,35,1,0,0,0,0,0,0,0,0
6486c0664d217470d126,6,8,7,11,1,1,2,11,4,1,7,15,12,0,0,0,0,0,0,0,0,0,0,0
6496d6268092ef8e7e9d,6,7,1,7,0,0,0,6,19,4,11,19,16,38,46,30,0,0,0,0,0,0,0,1
64d1d58d40bca568347c,0,0,8,9,0,9,16,0,20,8,18,17,7,5,14,2,0,0,0,0,0,0,0,0
64d65eddd629b80922f1,0,0,0,0,37,0,0,0,0,0,0,0,0,1,0,0,0,0,0,0,0,0,0,0
6569uz69or21mbcejw25,2,1,6,6,4,5,3,10,6,5,5,12,12,18,8,14,4,0,0,0,0,0,0,0
65pjnae3qrygsy0t42jg,4,4,4,3,4,4,8,8,10,4,12,17,14,13,19,4,0,0,0,0,0,0,0,3
6604efc6fd93e070f40a,6,17,10,5,0,6,16,8,6,2,4,11,0,0,1,5,0,0,0,0,5,4,0,0
66d7c0bdb21b7d5bd83d,2,7,0,4,22,0,0,24,89,25,44,9,52,29,93,160,95,0,0,0,0,0,0,0
66f99grd556eyxjqk7pz,1,0,3,5,6,3,7,7,18,17,7,9,8,16,25,23,3,0,0,0,0,0,0,0
67456512891f96cc0fc3,2,4,8,0,1,1,0,1,3,7,9,17,10,21,10,5,0,0,0,0,0,0,0,0
67f8d47cfb7b7b3d2095,5,7,5,22,28,34,6,0,0,0,4,50,33,13,16,43,0,0,4,0,0,0,0,1
6837091518a3524730fb,0,0,0,4,33,10,35,29,53,31,12,14,47,32,39,45,18,0,0,0,0,0,0,0
687ndz7mxhpv3gg91ie2,2,0,6,9,7,5,5,5,8,4,16,12,12,16,16,11,2,1,0,0,0,0,0,0
68c45e933c2dc939e7c9,0,1,0,6,5,25,14,28,66,19,6,15,4,16,8,2,0,0,0,0,0,0,0,0
6923e581d76689cb57a1,0,0,1,0,2,4,2,8,18,7,12,20,29,1,21,13,11,4,0,0,0,0,0,0
6964a3d507ac1ecf9e52,13,15,12,17,29,59,19,3,0,10,10,2,2,49,39,71,73,2,0,0,0,0,0,0
69a4b3d15a5bf0d0e43e,0,0,0,0,0,0,0,0,0,1,10,0,6,17,25,37,32,9,14,22,1,0,0,0
69ae85efb03510241445,1,10,10,10,18,0,0,4,1,1,1,32,33,10,6,1,0,0,0,0,0,0,1,4
6a62f52203bda35656be,13,4,31,11,17,11,8,30,14,12,36,59,39,17,32,28,3,0,0,0,0,0,0,0
6ab4994b59925a6d1bba,0,1,5,3,14,35,65,26,24,36,51,45,21,30,73,54,1,7,0,0,0,0,0,0
6abeead45fd57abadaff,1,0,15,10,0,0,0,24,14,2,0,18,29,11,13,23,3,0,0,0,0,0,0,0
6ae7d356ba998218af82,1,2,0,0,0,0,0,1,3,10,0,3,9,6,1,29,13,0,0,0,0,0,1,0
6b0cc09c9daf2966d1a7,0,0,8,13,0,3,7,28,35,7,11,37,34,65,69,1,0,0,0,0,0,0,0,0
6b22922bfe081d68c7a6,2,0,0,3,50,42,13,34,32,17,6,17,34,19,21,22,0,0,0,0,0,0,0,0
6b9ee688551136da2eb9,0,0,0,0,0,5,11,8,0,0,24,5,10,7,9,40,0,0,0,0,0,0,0,0
6cbcdec2dffbcf09a91a,0,0,0,3,2,5,15,2,0,1,2,0,0,3,4,15,4,0,0,0,0,0,0,0
6cxj0lsinp9d7215gtpe,0,2,8,7,6,2,1,9,14,13,15,12,22,19,27,6,3,0,0,0,0,0,0,0
6d22912e7e93a96a8690,0,0,0,0,0,0,3,23,3,5,0,1,11,4,5,0,0,0,0,0,0,0,0,0
6d35a9a33338a84dd077,0,0,0,0,0,0,6,13,6,9,9,30,50,29,64,8,0,0,0,0,0,0,0,2
6d90c2fd38f2ea52ffd8,25,5,0,12,25,2,8,12,7,0,25,12,18,1,3,0,0,0,0,0,0,0,0,0
6dx4zt62b8m37krb5l3n,1,3,9,6,5,4,4,8,11,7,15,22,15,18,18,10,2,1,0,0,0,0,0,0
6e7d56f652020f046204,0,1,21,12,1,0,11,19,2,12,3,23,8,11,29,5,0,0,0,0,0,0,0,0
6e8118d5ad3c7093b869,0,0,0,0,4,32,30,10,1,13,8,20,22,8,33,3,0,0,0,0,0,0,0,0
6efd353d32bd3d908b23,0,0,0,0,0,4,0,0,32,3,0,37,16,32,11,0,0,0,0,0,0,0,0,0
6fc66606e74242398444,11,1,0,3,11,1,1,42,4,20,24,8,20,49,56,29,2,5,11,0,0,0,0,0
6fe309a58b787e7010eb,0,0,10,2,8,3,2,17,27,11,8,23,38,21,75,36,0,0,0,0,0,0,0,0
6fefd33cf297f69bcae3,1,17,19,17,29,20,30,39,24,21,6,55,77,8,49,3,0,0,0,0,0,0,0,0
6g7c63m95z8acd3vx5ct,2,6,5,4,7,3,4,7,7,5,15,7,15,15,17,12,1,0,0,0,0,0,0,1
6iag08nt7se7f2hkgzx4,0,2,8,3,7,4,4,7,6,10,11,21,8,19,19,11,2,0,0,0,0,0,0,0
6ixkthdoadcwip3r1sy2,1,10,6,6,1,3,4,5,14,9,8,17,24,10,10,11,7,0,0,1,0,0,0,2
6o68qswzkvrrtbiz6bzr,4,3,13,8,8,6,14,9,12,3,6,14,12,18,18,14,6,2,0,1,0,0,0,1
6tq9irjllweqmqe4u7sf,2,3,5,1,4,4,4,8,11,11,9,7,7,5,19,9,2,1,0,0,0,0,0,2
6wrt24mg5gnuu8bre1y9,7,2,5,1,4,8,2,4,14,3,13,22,17,16,12,7,3,3,0,0,0,0,0,1
700915d303cc358e662a,0,0,1,3,6,0,0,2,0,0,10,46,35,18,18,0,0,0,0,0,0,0,0,0
701a989d65a59c18845b,1,10,9,14,3,0,1,5,15,6,9,12,5,14,3,23,13,0,0,0,0,0,0,11
7086b49d3d6c2cf79c1a,0,0,7,2,11,0,5,1,4,5,17,15,23,22,9,0,0,0,0,0,0,0,0,0
70ym0xeqaqmx14dv6myx,1,12,2,4,3,3,2,7,8,6,9,16,16,14,21,14,1,3,0,0,0,0,0,0
71ca74e191e71b0219b5,0,4,16,11,0,9,9,5,0,0,4,1,19,6,0,18,1,0,0,0,0,0,0,0
71d0a8156e59c4dcedfd,0,0,0,0,0,0,0,0,0,0,0,9,0,29,27,0,0,0,0,0,0,0,0,0
71f6622e7caa6ed92506,0,2,0,0,0,4,12,12,13,11,3,12,2,9,6,20,7,0,0,0,0,0,0,0
7207088b2ef28ff6b669,3,8,13,2,0,0,0,8,20,0,11,11,20,17,0,0,0,0,0,0,0,0,0,0
728a4a393899c37a5429,0,0,7,8,0,3,3,5,8,5,4,6,5,12,3,1,0,0,1,0,0,0,0,1
72b4334deffff31dea8b,0,0,0,0,0,0,0,0,0,0,0,8,18,45,50,40,0,0,0,0,0,0,0,0
72d383f55803c5a81bd6,14,7,10,6,0,25,11,28,18,2,5,10,15,10,22,12,0,0,0,0,0,0,0,0
72fbfd24cdff0454a0e2,0,3,6,6,0,0,11,0,29,7,9,24,10,19,41,0,0,0,0,0,0,0,0,0
7380885aaba482170588,4,8,8,9,3,4,5,0,7,7,3,15,11,0,23,3,0,0,0,0,0,0,0,0
73ae359d8e93d41ae4ff,2,1,2,0,0,0,8,2,17,12,12,26,13,0,1,2,0,0,0,0,0,0,0,0
74137c4db75be61c10fa,12,9,25,9,14,10,20,22,38,12,15,33,30,39,21,8,0,0,0,0,0,0,4,15
744e7141564ed216b812,1,4,5,12,0,1,1,2,1,0,6,5,6,11,7,0,0,0,0,0,0,0,0,0
749fec50db4020e9bfcc,0,0,10,7,0,8,0,17,5,0,15,47,6,8,0,0,0,0,0,0,0,0,0,0
74e22a3421e605061ef1,1,4,0,0,0,1,10,15,13,16,22,45,60,44,37,2,0,0,0,0,0,0,0,0
74g1r714u01v7nb4vn8w,4,1,6,6,6,13,9,8,4,1,6,20,17,15,22,12,1,0,0,0,0,0,0,1
75097aa30e9373a612c7,7,8,1,2,0,12,13,7,8,9,10,18,14,12,58,15,0,0,0,0,0,0,0,2
7509bbe0d23fe15928ba,14,12,6,0,0,4,0,0,0,4,112,84,20,0,14,8,0,0,0,0,0,0,0,0
758a52e21fd5c23cd7ed,0,2,17,10,0,0,5,6,18,13,1,3,3,32,2,3,21,10,0,0,0,0,0,0
75a72c46b8271a57fba6,0,17,3,1,2,1,3,3,0,1,4,6,10,14,17,1,0,0,0,0,0,0,0,0
75c2677c8d156032e303,10,20,73,69,6,35,18,29,45,17,18,3,5,27,73,14,0,0,0,0,0,0,0,3
75dcc10ba89fd0c25d50,0,4,4,2,54,10,42,24,22,20,6,36,40,14,14,54,18,6,16,12,20,0,0,0
75e30b71e38030454877,11,11,12,5,9,6,2,12,12,1,3,18,15,36,12,17,2,0,0,0,0,0,2,1
76366e9c264169b2bae1,0,0,13,10,5,5,2,0,0,1,0,44,67,37,5,1,3,9,0,0,0,0,0,0
766836b5f30556e81da4,0,0,0,0,0,16,9,0,0,0,13,6,40,9,7,0,0,0,0,0,0,0,0,0
767e222eeb367b2b010f,0,2,2,0,5,9,4,14,21,19,24,14,42,79,145,9,0,0,0,0,0,0,0,0
768c216e172762b85899,6,21,7,11,2,2,1,5,22,32,15,17,28,17,18,0,0,0,0,0,0,0,0,0
7694d71417c2f5202940,0,0,0,14,27,0,0,4,16,3,9,3,5,0,17,71,8,0,0,0,0,0,0,0
76a2f2705490042bb8cb,0,0,7,6,7,6,13,0,0,0,0,5,10,19,10,7,1,0,0,0,0,0,0,0
76fe2c19fa84d58b584b,0,0,0,8,7,5,25,4,27,1,47,42,7,56,19,0,0,0,0,0,0,0,0,0
7742559d8e833fbcd326,8,13,7,2,0,2,2,11,10,7,37,86,29,8,2,14,0,0,0,0,0,0,0,0
781f69b185122bfaddca,0,0,0,4,13,11,14,10,9,0,4,5,11,13,20,1,0,0,0,0,0,0,0,0
78e6c80ea8dc73ec747d,0,0,0,7,8,0,0,11,12,3,17,2,0,0,0,0,0,0,0,0,0,0,0,0
78uyv6k6u49krocgtkzu,1,2,6,7,4,4,6,12,3,6,10,22,13,21,11,8,4,1,0,0,0,0,0,0
798ff22d126a0f8034ff,0,3,18,7,0,0,0,5,2,0,9,17,14,24,9,0,0,0,0,0,0,0,0,0
79cvflltnemb9zpg6pgl,0,3,12,11,5,7,12,3,7,6,11,14,11,13,9,10,5,2,0,0,0,1,1,1
79ea7a2f63285f2fe26b,1,1,3,4,6,1,7,8,12,26,10,2,0,25,28,9,5,0,0,0,0,0,0,0
79fdbcf16db75f75383a,0,0,0,2,0,2,7,8,8,17,23,19,8,5,23,24,3,6,0,0,0,0,0,0
7a600fb7e3750998e7ae,8,0,6,7,13,10,4,3,5,2,10,4,4,4,10,2,0,0,0,0,0,0,9,4
7ab9a2516b2dba99c36c,1,16,0,0,0,0,0,0,0,27,14,12,0,0,0,0,0,0,0,0,0,0,0,0
7ae6jy1vw15ppmnq6sba,6,7,6,4,2,6,3,4,13,9,12,20,14,6,9,9,1,0,0,0,0,0,0,2
7agicm1atkhpdu12y95z,3,2,2,5,4,5,6,6,15,8,23,16,9,14,12,8,2,1,0,0,0,0,0,0
7b1d65c8c7637c14d9f2,0,0,17,7,0,0,6,0,0,0,36,19,30,6,0,0,0,0,0,0,0,0,0,0
7bb37669654dedc7e397,0,0,0,0,8,1,12,16,10,6,25,18,5,12,20,9,0,0,0,0,0,0,0,0
7bfbef4127aeec4b344e,0,0,8,31,7,32,21,6,47,9,11,9,22,7,22,31,15,0,0,0,0,0,0,0
7c1d8516e6c2ab2d3030,0,0,0,0,0,0,11,0,15,1,1,0,52,5,0,0,0,0,0,0,0,0,0,0
7c27b1482db039a6eee9,0,11,5,0,0,0,2,0,4,1,0,1,2,16,34,2,0,0,0,0,0,0,0,0
7c2qxvccum7f93e8ohgt,0,4,9,6,2,5,8,5,7,6,10,14,21,18,16,17,1,0,0,0,0,0,0,0
7c3fa9ed66d940d49692,12,13,11,8,19,17,39,17,14,5,28,15,13,1,14,16,0,0,0,0,0,0,0,10
7d882daa0b4d418d1d0c,1,3,0,0,0,0,5,9,8,4,26,40,25,13,15,0,0,0,0,0,0,0,0,0
7ddzwidmh4uwbopvlast,2,3,2,3,9,10,10,4,5,2,14,15,14,21,18,10,2,0,0,0,0,0,0,0
7ec5fc60b1ce755e0e17,22,10,11,19,19,0,4,31,10,8,53,40,20,15,24,28,10,0,0,0,0,0,0,6
7eeq2weegodhsqj7bxc2,0,1,6,4,6,3,5,7,9,8,8,17,14,20,22,18,3,3,0,0,0,0,0,0
7f1c076b22be73eef99b,0,0,8,4,0,4,7,11,4,6,20,19,50,48,38,11,17,47,15,0,0,0,0,0
7f58862bfed16feedfd6,0,1,4,5,8,0,0,12,4,2,14,7,7,10,10,2,0,0,0,0,0,0,0,0
7f91b4ad141d21887b79,4,9,0,3,18,2,8,22,27,9,7,21,35,18,29,22,2,0,0,0,0,0,0,0
7ffc1d4e5026fc5195ea,2,3,5,5,9,0,0,0,1,7,5,11,22,5,11,6,0,0,0,0,0,0,0,3
7iulsxm22wz4v82hgb2g,1,2,2,4,6,8,5,7,13,3,15,15,17,16,22,8,3,0,0,0,0,0,0,0
7n0vh1m7hm3g0v8ggv7v,1,7,3,7,8,3,2,2,10,6,11,15,11,19,19,16,5,1,0,0,0,0,0,1
7r0ywonplo8up7m35eav,2,3,9,5,4,2,5,9,6,7,8,19,11,13,13,9,1,0,0,0,0,0,0,0
7rzwry01x1n79a7rw5va,2,6,13,5,6,4,3,12,5,3,17,14,10,16,16,6,1,0,0,2,0,0,0,3
7ssihtyt72rzukfci0o1,2,6,4,6,4,5,8,8,8,7,12,12,12,10,22,7,0,0,1,1,0,0,0,1
7tgwr4y5vwq4rojo38ot,3,1,6,4,6,3,5,8,7,6,8,9,15,20,11,10,2,0,1,1,0,0,0,2
800d0095388d11344b78,0,0,1,0,0,0,0,0,0,0,13,12,4,9,37,26,21,0,0,0,0,0,0,0
80423084979315c20dbf,0,0,0,0,0,0,4,15,3,6,40,53,45,25,12,0,0,0,0,0,0,0,0,0
8068144149e4ba65ef38,0,3,12,12,7,13,15,2,0,2,7,0,28,26,62,88,6,0,0,0,0,0,0,0
80xvovy2zizaj5kr0va5,1,4,7,6,9,8,2,4,5,6,13,9,13,21,21,14,4,0,0,0,0,0,0,0
81931021ce711e124d0b,0,1,13,29,19,9,2,17,20,20,84,41,31,32,27,5,4,0,0,0,0,0,0,1
81c441973fd4e024d60a,10,41,22,10,24,26,25,20,8,18,3,16,20,8,20,38,5,0,0,0,0,0,0,0
81c4c46f19cb21d54bbb,0,3,4,8,0,16,17,10,8,3,11,18,9,2,0,0,0,0,0,0,0,0,0,0
81e59e96ce9bd6a76bdb,15,5,14,5,3,1,5,4,3,7,1,22,21,0,1,33,0,0,0,0,0,0,0,0
8242b99ad9d6609fd19c,0,0,5,2,12,0,0,36,0,14,3,0,0,0,0,0,0,0,0,0,0,0,0,0
82da6d26645f8f71bd61,0,0,0,0,1,3,6,0,11,2,8,13,2,3,12,16,1,0,0,0,0,0,0,0
83b54209fa2b1055369b,4,14,8,6,0,1,8,12,19,16,1,19,22,35,11,0,0,0,0,0,0,0,0,5
83bf9b0424c17c9e13e7,1,5,0,0,3,0,3,0,9,2,0,19,9,14,6,17,0,0,0,0,0,0,0,0
84146496b8d6256d6982,0,0,0,0,8,4,4,0,6,2,4,0,6,60,4,6,0,0,0,0,0,0,0,0
84e8300978b600b5f0ba,13,0,2,7,5,7,3,11,5,4,12,17,24,9,6,33,0,0,0,0,0,0,0,0
84f116e542feb4ff69c0,0,10,41,4,5,34,20,0,0,3,0,0,2,5,0,0,0,0,0,0,0,0,0,0
852687af72e9ee38fb42,4,2,8,0,4,2,0,0,2,0,14,4,4,2,2,38,14,8,0,0,0,0,0,0
854ce9f7f4d7b6115854,1,13,6,2,4,0,0,6,5,5,1,14,23,0,0,0,0,0,0,0,0,0,0,0
855b21869c4fdbed8047,0,8,2,29,8,0,0,0,0,0,0,0,5,4,0,12,0,0,0,0,0,0,0,0
8596e232b0d863cd3130,7,5,16,3,16,3,5,6,5,2,1,13,5,3,12,1,0,0,0,0,0,0,0,1
86215294b080f19af22f,0,2,1,0,9,35,23,15,21,13,0,3,6,28,66,11,0,0,0,0,0,0,0,0
86366c9920186cc4d1a3,0,5,8,15,0,6,1,0,0,16,25,34,11,25,23,29,0,0,0,0,0,0,0,0
869eacc999a52155ed53,13,5,8,2,4,4,5,30,16,1,24,37,17,3,0,16,0,0,0,0,0,0,0,0
8711049a2e0ef13bb10c,0,0,0,1,7,13,1,4,7,6,3,3,4,11,8,1,0,0,0,0,0,0,0,0
875704a45c0214c68eae,0,0,12,0,0,6,8,16,2,2,60,134,76,18,56,6,0,0,0,0,0,0,0,0
876aca2b8ce1958ea773,6,11,63,62,30,31,50,6,8,10,6,23,47,53,43,63,3,0,0,0,0,0,0,0
8777bd09f180d330b147,0,5,16,4,2,8,5,7,11,13,19,47,13,28,19,12,0,0,0,0,0,0,9,3
87aa4503451b6a77b2b7,0,0,0,0,2,0,0,0,0,5,12,22,9,23,48,10,0,0,0,0,0,0,0,0
882ccee198e25b49b30d,19,20,95,76,49,25,36,93,74,34,52,28,14,131,75,16,0,0,0,0,0,0,0,0
8979427badebb9e2bd10,0,0,4,19,14,26,3,10,12,5,6,4,4,1,3,10,2,7,0,0,0,0,0,0
897f6d3de550ebf68384,2,3,11,7,16,28,2,1,9,0,9,17,7,4,3,13,14,0,0,0,0,0,0,0
89af2669cc93dc97f545,0,4,8,0,0,0,0,0,31,1,44,59,34,9,0,0,0,0,0,0,0,0,0,0
8a45d6748ec853f7694c,0,0,2,16,11,10,5,6,1,2,1,9,21,50,39,15,0,0,0,0,0,0,0,0
8a9f3822aaa08e579e4f,5,0,25,21,14,29,17,0,0,0,0,0,7,3,0,0,0,0,0,0,0,0,0,0
8ajv97zyciosc57q0cng,1,10,10,8,6,3,10,15,11,7,10,14,7,12,18,12,3,0,0,0,0,0,1,0
8b1fbc97391699e46cef,0,0,11,4,16,5,21,17,81,17,24,46,27,88,55,19,2,1,0,0,0,0,0,0
8b586d8b9c06414b2487,23,35,63,61,15,2,14,15,8,5,13,37,4,25,6,7,0,0,0,0,0,0,0,3
8b6d1125760bd3939b6e,0,0,3,0,0,4,18,0,0,0,0,5,0,0,42,3,0,0,0,0,0,0,0,0
8bece93f0b270602e64f,0,0,0,0,0,8,16,10,0,1,23,4,13,21,40,0,0,0,0,0,0,0,0,0
8bf3625652581859dcd1,0,0,0,0,0,1,3,8,8,30,23,39,66,25,61,12,0,0,0,0,0,0,0,0
8bj43lrpbsn3smxxn3xn,3,2,5,5,6,2,11,3,6,6,7,8,15,13,9,16,1,1,0,0,0,0,0,0
8ca890875272aede0af5,0,2,4,5,12,0,0,2,0,0,12,39,38,2,10,1,0,0,0,0,0,0,0,0
8cdbc02c05d6ebafa9eb,0,0,2,0,1,1,9,6,16,2,6,13,7,16,7,0,0,0,0,0,0,0,0,0
8cvzwcc62ql4rqj0pyzl,0,4,11,14,5,5,8,6,8,10,5,16,14,9,10,10,3,0,1,0,0,0,1,2
8d422b817027d7721870,0,4,5,5,0,5,2,5,9,16,12,5,16,0,10,1,0,0,0,0,0,0,0,0
8d93485dc6a4b2a9f03f,0,0,0,3,1,19,0,0,0,0,55,8,0,0,0,0,0,0,0,0,0,0,0,0
8e1012c9f4775ba6a451,0,1,0,16,0,1,0,21,1,0,21,20,77,80,107,152,14,0,0,0,0,0,0,0
8e25bcfa51d165f162f6,2,3,3,3,0,0,5,1,0,0,0,29,8,8,4,5,5,2,0,0,0,0,0,3
8ee4fdce37fceab5620a,0,0,5,1,0,0,0,0,1,2,12,6,3,27,8,0,0,0,0,0,0,0,0,0
8f1ddd99ac8c59bbd788,0,1,5,4,4,3,15,9,6,13,2,19,24,20,7,0,0,0,0,0,0,0,0,0
8f477d2c60ec76ce22b7,0,0,0,0,0,0,17,31,28,7,14,16,0,0,0,0,0,0,0,0,0,0,29,1
8f81bd9cbc5471ebfc60,23,18,40,20,5,7,5,11,27,4,43,73,56,30,17,0,0,0,0,0,0,0,0,1
8f98bfcea1b9f0dba97e,1,0,1,4,0,0,3,0,3,9,7,5,21,27,32,2,0,0,0,0,0,0,0,0
8f9ecba976a15fa5d900,10,3,16,13,6,6,15,3,12,0,22,9,20,15,6,11,10,0,0,0,0,0,0,0
8fb30cb5c7ad360c995f,0,2,11,12,2,36,18,34,4,15,62,68,31,5,5,42,35,0,0,0,0,0,0,0
8fe25991951e1f37568b,8,16,7,16,1,1,10,2,6,0,0,3,4,5,15,37,0,0,0,0,0,0,0,8
8ivuhc6n7pr63b39dupt,1,8,7,4,6,3,7,14,5,2,10,21,11,14,21,11,2,0,0,0,0,0,0,1
8jo5o2abn697lg482k0e,6,8,1,8,2,4,1,8,8,1,9,15,13,8,12,11,5,1,0,1,0,0,1,1
8kvpozl8kjupzd4yvwbv,4,6,10,4,4,7,8,6,6,9,9,10,7,6,13,15,4,2,0,0,0,0,0,0
8l44g9ws39dgfe4os5d8,2,2,4,5,8,10,10,5,11,7,13,29,6,14,16,9,0,1,0,0,0,0,0,1
8urc1lsyw615q5prnxwh,1,5,11,5,3,8,5,5,8,3,19,15,20,24,17,13,3,1,0,0,0,0,0,0
8wkyo305dh8esq6eop37,4,2,4,3,7,4,3,8,7,5,12,10,19,16,19,10,3,0,1,0,0,0,1,1
8wnv6qj0ldurx7px1177,6,3,2,3,9,2,2,4,13,4,13,14,18,11,19,11,2,0,0,0,0,0,0,2
906ffe092972df38360a,6,5,2,7,1,7,6,1,7,3,37,6,4,6,1,2,0,0,0,0,0,0,0,0
90f3fbedfce50f644011,0,0,20,39,33,47,11,7,40,55,9,37,23,78,95,19,0,0,0,0,0,0,0,0
90z3slav21r61p88ksba,2,1,3,3,9,8,8,11,9,6,16,14,18,18,26,8,1,0,0,0,0,0,0,0
9104b8987aefa9d8e884,14,12,16,13,0,9,14,19,0,0,0,0,0,7,1,0,0,0,0,0,0,0,0,0
912794ea0c6936c83ce2,1,16,0,2,18,15,18,10,7,14,14,18,25,50,20,0,0,0,0,0,0,0,0,3
91439fcb2590c49dd20d,16,8,5,8,1,0,0,0,10,0,0,1,10,6,6,0,0,5,12,8,0,0,0,8
914f82268754cbf71a54,0,6,7,5,0,0,0,2,3,7,5,18,25,12,4,10,1,0,0,0,0,0,0,0
915813ad1b5f1bbe2d6e,0,1,0,0,1,3,2,5,13,3,1,2,25,2,2,9,4,9,0,0,0,0,0,0
918236b530adbe510201,0,17,5,7,9,21,10,4,18,0,25,37,32,10,6,0,0,0,0,0,0,0,0,0
919b6f74756bdb77edab,13,20,9,0,7,3,1,0,5,11,0,3,2,5,28,0,0,0,0,0,0,0,0,9
91ybnlkli8x332l13rrk,4,1,8,3,6,5,7,8,8,9,8,8,10,16,18,9,4,2,0,0,0,0,1,1
9294393fcd13593bc537,4,6,40,9,3,6,1,16,16,13,5,18,26,10,10,3,0,0,0,0,0,0,0,0
9369995cb6743cb69182,0,0,8,5,10,12,7,4,0,2,22,12,29,3,1,4,0,0,0,0,0,0,0,0
93c2f240de504736b8d0,0,0,25,2,0,9,3,12,13,2,3,8,6,3,8,17,0,0,0,0,0,0,2,8
93f200d7351d4980fec6,0,0,0,0,7,7,17,12,14,7,2,17,10,43,26,32,0,0,0,0,0,0,0,0
93f451c36b535d39003d,0,0,12,17,17,1,2,6,7,0,0,0,0,0,0,0,0,0,0,0,0,0,0,0
93iq4xjhvlc8072fsfet,5,5,9,9,8,0,3,9,9,7,4,11,14,18,19,6,2,0,0,0,0,0,0,0
94066a900026329cd5cd,0,0,4,18,13,5,15,13,35,37,13,13,40,18,20,37,0,0,0,0,0,0,0,1
9417c1b4c24e428984bc,0,0,23,17,5,25,13,47,23,6,45,68,72,13,11,3,0,0,0,0,0,0,0,0
94752e120f6bb6178ad5,3,3,7,6,3,0,1,7,5,9,21,24,7,10,16,7,0,0,0,0,0,0,0,0
9493dac6dc982d2b3dbe,6,20,33,23,9,1,22,28,31,22,3,20,24,20,63,36,47,17,0,0,0,0,0,0
94a770d27cae58950a5b,0,0,8,23,5,1,13,3,5,1,0,1,4,16,22,17,0,0,0,0,0,0,0,0
951678e2f3db4cd9911d,2,1,11,0,11,9,14,2,2,6,4,4,3,0,2,12,2,0,0,0,0,0,0,2
951d2aca1b8a1c336908,14,10,0,0,6,10,16,2,2,6,66,80,42,2,50,136,22,0,0,0,0,0,0,22
951eea03695f436017d3,0,0,0,0,0,0,0,6,0,0,8,0,13,47,15,0,0,0,0,0,0,0,0,0
952e59666bdde6dad94c,0,19,33,32,2,13,8,14,1,9,15,59,81,10,9,16,0,0,0,0,0,0,0,1
953123cfe1c275e6d8a9,0,0,1,4,11,0,5,6,29,0,0,0,5,15,32,28,0,0,0,0,0,0,0,0
95889f5d20e344714084,0,10,0,3,23,5,18,8,15,0,9,23,18,13,42,23,0,0,0,0,0,0,0,0
95i3ttsko6c6ol53ebql,1,4,3,3,2,6,5,7,13,5,13,17,13,6,21,7,0,1,0,0,0,0,0,0
960bf72352d4f58ad083,32,4,12,0,0,0,14,22,16,0,14,20,26,100,72,0,0,0,0,0,0,0,0,0
96c23b85b0b4ffdc3cae,1,0,2,15,4,2,0,0,11,2,29,36,19,3,0,0,0,0,0,0,0,0,0,0
96dc0554852b5a94a400,0,4,20,21,0,21,0,0,3,3,2,13,31,25,2,0,0,0,0,0,0,0,0,0
9723ceb0cf2dca42c118,0,12,0,0,6,56,70,0,32,2,12,56,36,34,74,6,0,0,0,0,0,0,6,2
97442da123c449f6a146,1,12,25,7,3,2,1,4,13,11,2,24,3,8,13,11,0,0,0,0,0,0,0,0
977ece9de941d85308ac,20,0,38,5,0,0,19,14,10,4,44,39,10,14,1,0,0,0,0,0,0,0,0,0
9795edf22e930bc30fa4,3,31,31,18,27,6,3,21,30,2,26,14,18,51,59,37,0,0,0,0,0,0,0,0
981cf48df067d975675b,0,0,0,1,6,4,7,10,13,8,3,4,24,23,48,52,1,0,0,0,0,0,0,0
98be3476791a8df7e937,8,4,56,28,96,40,0,4,2,0,60,36,26,78,34,22,26,0,0,0,0,0,4,26
98e10f84d94623f8b39e,0,0,0,0,8,17,12,0,3,0,20,69,59,34,25,9,0,0,0,0,0,0,0,0
9952cc289c9f690621ec,0,0,7,3,3,0,2,13,20,9,10,11,1,0,3,3,0,0,0,0,0,0,0,0
99a53846658ba3341de6,1,3,6,3,8,3,5,7,8,10,4,10,6,12,28,6,0,0,0,0,0,0,0,0
99d6b8a1cc0020112951,0,5,4,15,15,15,8,11,15,9,2,3,0,1,25,20,14,0,0,0,0,0,0,0
99dj4o3b2f6m4jemke7d,3,2,3,6,4,4,11,7,13,8,21,13,18,10,22,22,3,0,0,0,0,0,0,0
9a25hcbd3mhgaj0fyelo,2,4,4,6,4,2,7,4,9,7,7,15,12,11,20,19,2,1,0,0,0,0,0,0
9a630f9e9f4ec26d8fcd,0,1,0,5,0,0,6,0,0,1,26,40,22,1,26,0,0,0,0,0,0,0,0,0
9ad512cc6cbd79aa81c7,0,1,5,3,6,2,2,1,1,0,2,9,15,17,6,30,3,0,0,0,1,0,0,0
9b0guld0vdm0ggmmfb8k,1,3,6,2,1,2,2,10,13,7,10,7,13,5,29,14,2,1,0,0,0,0,0,0
9b1c065069dbb7a71617,0,0,0,1,0,2,11,10,22,0,18,65,7,56,19,34,19,0,0,0,0,0,0,0
9b43f5fcb5d592a689af,2,3,0,0,0,0,5,16,11,17,36,37,19,3,28,15,0,0,0,0,0,0,0,0
9be4ba08415daa1ee6fe,21,11,0,0,15,0,7,1,0,0,0,0,0,8,31,0,0,0,0,0,0,0,0,0
9btb3ax7qaitktvbvn8g,2,5,8,13,7,3,3,12,9,1,11,16,15,15,15,8,1,0,0,0,0,0,0,1
9c2b85496091fd7f66d4,0,24,20,12,12,9,46,17,29,14,2,20,16,25,46,19,2,0,0,0,0,0,0,0
9c39551b2cbe4f0c6d03,0,1,2,3,0,17,18,1,3,7,14,22,41,13,3,22,0,0,0,0,0,0,0,0
9c48779f6e97be993771,0,5,3,6,16,18,0,1,2,22,23,36,29,17,10,11,0,0,0,0,0,0,0,0
9d02a160cd171c5f4c18,0,0,0,13,9,0,0,21,29,25,33,10,16,0,0,0,0,0,0,0,0,0,0,0
9d030ebc092b353b9906,0,0,0,0,10,5,4,0,2,4,4,1,2,12,39,37,0,0,0,0,0,0,0,0
9dbg3fyz4qnj7x9qug6x,6,3,2,5,12,7,2,6,4,3,10,23,15,13,24,16,1,0,0,0,0,0,0,0
9e4c54a008ee874fc270,0,3,0,9,12,9,1,1,17,10,1,27,25,21,7,8,0,0,0,0,0,0,0,0
9e7bdc44129bf5acc196,0,0,49,11,1,0,12,15,10,7,6,1,38,15,20,58,1,0,0,0,0,0,0,0
9ea29e4a747ea4a7c70a,0,1,24,22,8,6,31,11,10,23,7,22,24,20,25,41,3,0,0,0,0,0,0,0
9ee3e6df01c7cc22d066,10,16,0,0,4,3,14,9,15,6,45,75,58,32,0,0,0,0,0,0,0,0,0,0
9ee4ff457095eaf23309,8,6,1,6,3,4,12,21,4,2,7,19,64,27,50,9,0,0,0,0,0,0,0,0
9ef8a5baccebc3841cb2,0,0,1,3,1,1,2,2,0,0,4,12,36,4,5,3,1,0,0,0,0,0,0,0
9f447b50d5788f7b4d0a,0,0,0,0,0,0,2,6,2,12,12,8,46,12,24,88,22,0,0,0,0,0,0,0
9lfh7vk4u8eh6zz1dmvp,1,2,9,3,4,4,3,4,7,9,14,12,18,16,12,8,2,0,0,0,0,0,0,1
9llibjm0o9fjr5maydvm,1,4,1,5,4,6,4,5,16,5,6,16,12,10,19,6,2,1,0,0,0,0,0,0
9nfrfi8p7oktnfr9c30b,6,5,5,8,3,9,7,8,8,11,6,16,23,13,12,9,4,5,0,0,0,0,0,0
9npnusbksscam12fc4ut,5,5,8,8,7,2,2,1,5,2,8,14,14,10,28,15,5,0,0,0,0,0,0,2
9trgand057juzal1kecf,2,1,6,3,1,1,8,8,14,9,12,11,10,15,24,14,5,0,1,0,0,0,0,2
9wax6sfj9cuqbbxc95om,1,2,8,6,5,6,16,9,10,13,9,7,8,10,15,7,1,2,0,0,0,0,0,0
a05da04117e032cb4977,7,0,7,6,6,6,5,0,7,3,4,12,10,17,25,12,5,0,0,0,0,0,0,1
a06fdb8743c4d4ef09fe,0,0,0,0,1,9,4,24,24,15,8,7,2,9,4,2,0,0,0,0,0,0,0,0
a0973be15e5e7116f121,2,0,6,5,0,0,8,14,29,5,26,5,0,11,10,0,0,0,0,0,0,0,0,0
a0a1991396f865c9e3dc,1,2,21,22,14,2,0,4,36,15,8,12,36,107,90,54,23,8,11,0,0,0,0,1
a0b36e07079573966740,0,0,0,0,0,0,0,0,8,26,0,8,0,0,26,34,0,0,0,0,0,0,0,0
a0fa57995e3e8cdcc13a,2,17,9,8,3,10,24,5,14,4,35,12,84,12,17,0,0,0,0,0,0,0,0,1
a108f1103f798c85d061,0,0,0,0,0,0,0,2,42,0,0,0,0,0,0,0,0,0,0,0,0,0,0,0
a11b89c60677835e450c,4,8,12,7,3,7,1,1,8,5,9,2,9,10,13,5,0,0,0,0,0,0,0,0
a12c27630a75f6a4a64a,0,0,0,0,2,6,0,40,44,52,56,44,22,66,42,52,4,0,0,0,0,0,0,0
a14b9aa97f66fc82ede3,10,31,2,6,0,3,0,0,28,20,12,20,10,20,22,1,5,0,0,0,0,0,0,0
a1d00fdd7660b7e88077,0,0,10,3,6,3,4,0,0,4,8,17,34,24,9,9,1,0,0,0,0,0,0,0
a1ed24a77c97b05064ef,4,0,18,12,5,4,0,12,6,0,2,5,5,23,6,22,0,0,0,0,0,0,0,0
a1fa76b5d99a411d6649,0,0,0,0,13,16,9,5,21,6,12,16,22,14,6,0,0,0,0,0,0,0,0,0
a2b5174e55754addcd68,0,0,1,14,4,1,0,7,14,16,9,3,0,15,23,25,0,0,0,0,0,0,0,0
a30afe3tftu3pgsdxxdq,2,6,9,4,1,3,4,6,6,6,12,7,21,11,12,7,2,1,0,0,0,0,0,1
a337d5368b0d110803b1,0,5,15,4,0,1,0,0,4,15,0,6,14,5,13,0,0,0,0,0,0,0,0,0
a34fbbb7d9a19eb82450,0,3,1,0,9,10,14,1,1,7,6,8,1,21,9,24,7,0,0,0,0,0,0,0
a3a0e2129e405aef3d87,0,0,4,1,1,2,8,16,4,7,0,11,5,1,4,13,3,0,0,0,0,0,0,0
a3c8ab369e2e928ed523,0,0,0,0,0,0,0,0,0,8,7,11,12,12,8,0,0,0,0,0,0,0,0,0
a3cd849a5a8d682e18db,7,14,9,8,5,0,6,2,0,14,0,0,6,16,16,14,0,0,0,0,0,0,0,0
a4bfb84ab74e59389e7a,0,9,0,2,11,7,9,8,33,8,7,6,5,7,39,146,24,0,0,0,0,0,0,0
a55511198784610bf30b,0,1,0,0,0,2,0,0,10,20,22,2,8,19,55,9,0,0,0,0,0,0,0,0
a5966200ae4d58200438,8,2,5,0,18,4,2,1,18,1,0,0,15,16,52,0,0,0,0,0,0,0,0,2
a5c03c57b0930cb5c2ac,0,4,0,0,0,3,0,0,11,2,0,0,7,1,34,0,0,0,0,0,0,0,0,0
a624e4f6e0a8f026cba9,6,4,0,2,0,4,14,14,30,10,6,26,26,14,16,10,2,0,0,0,0,0,0,0
a7fc1ba478db11fde063,0,0,9,0,0,1,0,0,1,2,15,13,6,12,16,5,0,0,0,0,0,0,0,0
a8350dcececa0b02dd14,0,0,0,4,19,0,8,1,20,4,5,46,37,6,12,9,0,20,0,0,0,0,0,0
a856f10303ba34926fdd,0,0,2,5,0,14,10,0,7,4,6,20,17,11,18,19,0,0,0,0,0,0,0,0
a867295d48d4b4134903,6,6,6,9,7,22,18,13,43,13,55,27,22,19,16,2,0,0,0,0,0,0,0,0
a87767892344a954c746,11,14,25,22,5,1,11,11,22,27,20,32,27,31,9,6,0,0,0,0,0,0,0,0
a8846b79555746e4f9df,0,2,4,0,0,10,6,18,26,0,0,0,0,0,0,0,0,0,0,0,0,0,0,0
a8eea517e36b20757b2e,14,31,27,11,0,21,14,5,10,0,9,21,0,11,32,0,1,0,0,0,0,0,0,0
a94a32ebd5f7d177053a,0,7,0,9,0,3,12,19,28,0,4,18,43,33,10,7,0,0,0,0,0,0,0,0
a9554f5c3d61d05617e1,0,0,0,0,16,26,3,5,1,0,3,28,29,7,45,4,0,0,0,0,0,0,0,0
a959b7dd7f65365313a4,0,0,0,19,31,10,0,4,6,19,59,23,11,21,82,90,21,0,0,0,0,0,0,0
a95a606f0110653858b2,0,0,7,11,10,8,0,0,6,2,5,13,15,12,7,27,48,26,0,0,0,0,0,0
a96027a83196027cf822,12,10,10,11,5,1,5,18,23,5,13,2,11,19,13,1,8,0,0,0,0,0,0,0
a9e1aff282e8d6356dce,0,3,10,13,0,0,2,7,14,5,0,4,24,37,2,0,0,0,0,0,0,0,0,0
aa83cf5fc68c1dcb5038,0,0,1,0,6,0,0,0,0,1,6,42,28,44,23,19,3,0,0,0,0,0,0,0
aai4o855shne2taonl8m,9,6,9,2,9,6,9,3,3,5,5,16,13,16,21,11,1,1,0,0,0,0,0,1
ac4d829c715fb0c36ad5,0,0,0,0,5,0,0,0,0,9,0,0,13,0,0,0,2,18,0,0,0,0,0,0
ac7214620207dfdd149d,0,0,0,7,0,0,0,8,17,20,5,0,15,0,0,8,6,0,0,0,0,0,0,0
ac896071204b0ce26a1e,0,18,1,8,58,16,30,77,18,0,11,34,17,49,128,113,2,0,0,0,0,0,0,0
ad29c5822807dabe497c,3,28,7,2,0,0,16,13,23,13,18,40,47,43,13,0,0,0,0,0,0,0,0,1
adcc5c13042d66cbfc8b,0,0,3,14,10,4,5,9,16,15,34,35,18,11,34,0,0,0,0,0,0,0,0,0
ade35014b25afed24916,0,0,0,7,4,4,6,4,30,11,41,0,21,11,20,8,0,0,0,0,0,0,0,0
ae2e4cb7985c4ac71795,0,2,12,6,0,0,12,2,0,5,18,14,0,11,13,21,1,0,0,0,0,0,0,0
af8dedf6ecb4605a09fa,0,2,8,8,16,21,33,25,17,20,20,20,40,8,19,42,8,0,0,0,0,0,0,0
afc99b4940e933922aca,0,0,39,0,0,0,0,0,5,1,41,49,32,0,9,0,0,0,0,0,0,0,0,0
agfcocn4dt52pwozf4px,9,3,5,5,5,5,11,3,11,7,15,15,21,12,14,19,4,3,1,0,0,0,0,0
alj4azvv1eqg1cyr3ae3,4,4,8,12,5,3,7,6,5,8,8,16,11,8,17,7,3,1,0,0,0,0,0,0
amzij11bls4wa79p3cj8,0,3,4,2,11,5,13,6,10,11,12,15,17,16,15,8,1,1,1,0,0,0,0,1
ao2x473zwn7k7a6gpfr9,0,4,12,7,2,5,12,6,9,5,7,8,16,18,15,9,4,0,0,0,0,0,1,1
apxifjd35xfq6t47ysls,1,5,7,8,3,4,10,5,10,9,12,14,10,11,21,6,2,1,0,0,0,0,0,0
aqpg6qwtponj9ojmx6ls,4,4,8,4,1,1,6,7,5,7,10,13,24,9,14,13,5,0,1,0,0,0,0,1
awxiqzybhp95e08qx1h5,2,4,3,2,1,3,6,5,16,7,4,7,12,8,20,17,2,0,0,0,0,0,0,2
axunv0aihh5wvi27tx50,4,2,2,4,5,6,6,9,9,8,8,12,11,11,23,12,0,0,0,0,0,0,0,1
b050239b47c66a7280c9,5,0,5,0,1,9,1,0,0,1,39,47,29,35,5,0,0,0,0,0,0,0,0,0
b083663157e08e36d335,0,0,2,0,2,0,8,6,0,0,22,48,16,26,0,2,0,0,0,0,0,0,0,0
b0a62c35bfc7f529e83b,6,1,9,10,0,16,12,0,0,1,0,6,12,20,11,21,0,0,0,0,0,0,0,0
b1976734aee3bf129820,6,1,4,3,2,0,0,6,13,6,10,53,16,70,30,0,0,0,0,0,0,0,0,0
b1b3363b7086aaa99b0d,0,2,2,4,5,11,0,5,12,5,1,7,0,4,6,6,5,3,0,0,0,0,0,0
b1fbf77b475e79c3d413,0,0,38,55,1,0,0,0,0,49,73,82,53,0,0,0,0,0,0,0,0,0,0,0
b217bae3c84d59dde71f,0,0,16,0,2,0,10,14,22,20,0,4,2,72,90,104,0,0,0,0,0,0,0,0
b21ec59d991586279d95,25,26,44,0,19,2,16,3,0,4,8,47,41,11,17,0,0,0,0,0,0,0,0,0
b26aab632fd33a01020a,2,6,2,0,0,2,15,8,11,12,13,6,13,2,6,24,0,0,0,0,0,0,0,0
b2imd0ms1p4fxkfcpygc,4,6,3,6,2,3,5,7,10,7,9,15,11,6,12,8,6,1,2,0,0,0,0,2
b32b82ebae5971dd48df,0,1,5,1,3,1,8,5,1,1,9,20,16,22,7,43,24,0,0,0,0,0,0,0
b345ecad87a7fbac77ce,19,22,15,30,0,3,63,12,10,1,33,49,21,17,47,24,0,0,0,0,0,0,0,16
b34d4dc5b6c5fd7c5def,0,0,4,2,11,7,10,1,0,0,9,7,13,6,4,1,0,0,0,0,0,0,0,0
b37bdce835e610d26c0c,0,1,6,3,1,1,4,0,6,2,1,0,8,2,7,2,0,0,1,8,0,0,0,0
b3ac0cebf20ee45135ca,1,0,8,14,7,0,12,2,3,16,23,20,4,3,59,54,12,0,0,0,0,0,0,0
b3e8039d33099e1d066c,0,1,7,4,0,0,6,0,2,3,1,1,7,4,17,40,0,0,0,0,0,0,0,3
b43532c7a35b6aedd478,0,0,0,0,4,10,0,0,18,26,4,6,4,0,18,12,4,0,0,0,0,0,0,0
b4a2138f577d9306f593,4,24,24,4,8,10,6,18,34,31,20,46,17,4,37,34,0,0,0,0,0,0,0,1
b57bc31cac59b3d26216,0,0,20,50,168,44,16,12,66,20,74,84,46,90,154,200,120,114,30,0,0,0,0,0
b5863cc5a1b448ca1cab,4,7,4,2,3,3,9,0,0,6,17,24,20,15,23,33,0,0,0,0,0,0,0,3
b6808721d4a7900e360a,17,18,22,6,43,16,57,14,31,14,32,61,33,37,46,8,0,0,0,0,0,0,5,7
b6b2f975de58052aae0c,1,20,17,2,3,26,22,14,15,4,12,34,11,3,23,46,0,0,0,0,0,0,0,0
b6ed77b2b3283f9379c8,21,24,30,20,32,28,5,30,43,57,2,16,76,36,3,0,0,0,0,0,0,0,0,3
b6nwoi7doh1m1yzbkxup,3,1,2,10,10,3,3,5,3,4,8,20,16,10,22,18,4,0,0,0,0,0,0,1
b79c2d9d8148403a3720,0,10,10,8,3,2,29,32,48,20,4,18,28,54,49,26,0,0,0,0,0,0,0,0
b7ef250772618a089b48,3,1,6,10,5,13,16,8,19,6,11,7,21,42,42,3,0,0,0,0,0,0,0,2
b7f42d4b51972267680e,0,4,0,0,0,0,1,0,0,0,10,69,49,50,52,15,0,0,0,0,0,0,0,0
b8162292f2171005c2ba,0,15,6,10,10,6,6,24,5,18,42,72,12,10,68,12,0,0,0,0,0,0,0,0
b8290aea71e7a5421a02,0,0,0,0,18,9,79,16,2,0,2,18,6,7,16,4,4,14,0,0,0,0,0,0
b8a4fd679898150ef87a,27,20,16,11,3,17,2,37,26,20,23,45,35,41,47,52,3,0,0,0,0,0,13,14
b8c0c68e7f1220949deb,18,2,0,0,0,0,0,4,4,4,30,42,32,16,12,10,4,0,0,0,0,0,0,0
b92448e12093e45dc6ff,4,8,10,7,2,26,15,27,0,0,21,55,49,25,25,0,0,0,0,0,0,0,0,0
b93d9fe2a844b416581d,0,10,1,2,4,0,0,0,0,2,31,44,15,7,6,19,0,0,0,0,0,0,0,0
b9a8b9ee84232efd7d61,0,6,9,4,2,0,1,0,0,14,5,25,33,7,13,7,3,0,0,0,0,0,0,0
b9c7c66c8b57b9d3c6fa,0,5,0,9,7,18,26,9,19,5,15,20,32,8,20,0,0,0,0,0,0,0,0,0
b9d88af0a70c4ccb592e,3,1,8,2,9,8,6,2,2,2,5,0,4,6,18,0,0,0,0,0,0,0,0,0
ba563fef8484139dc84d,2,5,1,17,10,34,17,2,0,9,18,31,6,13,21,8,0,0,0,0,0,0,0,0
ba8c301bda7090bda756,0,0,8,6,4,3,6,8,4,3,2,0,0,7,3,5,2,0,0,0,0,0,0,0
bab3d23935ae4f8e798c,5,7,35,19,1,31,18,40,12,9,14,28,39,93,25,28,12,4,2,6,4,5,14,39
baed8a816ea02ae929f4,6,13,28,0,0,1,6,23,9,2,18,11,8,17,22,17,0,0,0,0,0,0,0,2
bafdbc62a48daf6840c9,0,0,0,0,0,0,44,70,11,0,0,3,39,4,0,0,0,0,0,0,0,0,0,4
bb3328d3b1eecb5e1a8a,0,5,0,6,25,0,0,2,29,20,46,33,80,85,88,35,0,0,0,0,0,0,0,0
bc48d03763657ec4aa63,9,12,17,36,10,14,3,5,24,13,24,24,16,21,22,11,8,0,0,0,0,0,0,0
bc7286901f708e9069eb,8,0,8,1,20,11,5,8,3,11,21,13,23,8,5,1,0,0,0,0,0,0,0,4
bca2be7a89b9b36b45cc,0,0,24,16,0,16,5,7,11,20,5,21,10,13,13,32,1,0,0,0,0,0,0,0
bd099a9fd29545e3766a,0,8,5,0,0,0,0,9,3,11,4,13,6,15,11,13,0,0,0,0,0,0,0,0
bd657014cfd3fe7a8fe2,2,4,2,2,16,2,0,0,22,2,6,24,32,24,28,4,0,0,0,0,0,0,0,20
bd8eb49a6b08f5e66a70,0,0,13,9,16,19,15,4,0,3,14,3,3,13,4,1,0,0,0,0,0,0,0,0
be032ee60c336e4701e0,0,7,16,9,18,19,3,0,0,6,20,10,9,3,10,19,0,0,0,0,0,0,0,0
be24259f2867b231800d,3,1,8,2,0,5,13,0,24,2,0,29,35,9,16,2,0,0,0,0,0,0,0,0
be503fccbf0ae5532639,13,7,17,18,8,6,14,10,3,8,2,5,12,23,6,0,0,0,0,0,0,0,9,0
be52205cb48c05e10567,0,11,3,0,0,0,0,6,2,0,20,0,5,8,0,0,0,0,0,0,0,0,0,0
be75e05b9db5efb1258a,2,0,5,8,10,14,1,3,2,11,4,2,7,15,1,14,0,0,0,0,0,0,0,0
bf07cdd92f1ff3197397,1,40,20,1,1,6,0,3,2,2,25,4,10,19,88,41,0,0,0,0,0,0,0,0
bfc3a5cb3b9c29f08176,0,6,15,2,0,2,0,0,14,35,54,32,48,7,53,33,28,0,0,0,0,0,0,0
bfcf5965e6024248f0a3,0,0,9,0,9,38,24,0,0,0,0,0,12,6,0,0,0,0,0,0,0,0,0,0
bfl1bc2oafd8hrz2xswq,4,3,11,4,6,7,5,5,7,9,10,15,15,17,17,10,1,1,0,0,0,0,0,0
bgvt5n1h0qt51ze0md7w,1,7,11,6,3,6,2,8,10,10,11,17,15,4,12,4,1,0,0,0,0,1,0,2
buv73728fa9viqgrz5mj,1,1,11,5,1,1,3,5,11,10,9,18,11,17,14,8,4,1,0,0,0,0,0,0
bvz9hmtzknu45wvb0yaw,0,2,11,6,5,0,6,5,6,10,16,11,8,16,21,11,3,1,0,0,0,0,0,1
bwvpzqnhh752noqjqj8d,1,2,7,5,6,11,2,6,11,6,5,9,12,18,17,18,1,0,0,0,0,0,0,1
c00c91256ab1777d0dbc,0,0,0,0,23,1,8,34,31,0,4,12,22,25,60,46,0,0,0,0,0,0,0,0
c08165d73ae49215c391,0,0,0,2,14,6,14,62,92,22,32,50,52,0,0,0,0,0,0,0,0,0,0,0
c0884e4814b0f32935f8,3,8,10,3,0,0,0,3,0,2,1,3,0,3,9,3,0,0,0,0,0,0,0,1
c16e14d7aa5b4ef519e3,0,0,1,2,2,0,6,0,0,0,6,4,4,5,19,12,1,3,1,0,0,0,0,0
c200d8d792314a9d3575,0,0,10,25,10,25,1,0,11,16,4,34,19,0,10,16,0,0,0,0,0,0,0,0
c20c86d30d19b39745e2,13,9,6,7,3,0,2,8,23,0,0,8,20,3,6,23,17,1,0,0,0,0,0,10
c24bc0aaf20c79d2dfda,0,0,0,0,0,0,0,0,1,17,56,83,24,0,0,4,0,0,0,0,0,0,0,0
c352158bed343ccff8e5,0,1,6,0,0,0,0,8,10,3,8,25,21,26,45,20,0,0,0,0,0,0,0,0
c35834f349db8ef7c591,3,19,28,7,0,0,15,39,8,11,30,54,43,27,14,20,12,0,0,0,0,0,0,0
c42aff1f9940e24491cc,21,11,6,1,0,0,0,6,0,3,26,9,0,0,8,4,0,0,0,0,0,0,0,1
c4ffbc0ba8c38e725fc8,12,2,1,5,1,0,1,3,5,2,7,10,7,0,12,6,0,0,0,0,0,0,0,4
c53129098375fc7f17bc,0,0,3,3,5,0,3,17,10,29,7,24,26,71,90,55,6,0,0,0,0,0,0,0
c57c5ca2df494f27ca64,1,1,5,3,4,4,25,3,7,2,3,21,25,4,6,25,2,0,0,0,0,0,0,0
c5b9961e65ffa73d971e,0,14,20,20,21,7,38,22,15,1,20,10,10,8,2,15,4,0,0,0,0,0,0,0
c5c5601b771f1b4491fa,0,0,0,0,0,0,1,0,0,1,21,51,21,1,1,3,0,0,0,0,0,0,0,0
c5c5e10586e94f96fe95,44,30,20,4,34,12,12,10,8,4,34,50,32,64,28,42,0,0,0,0,0,0,0,40
c5d83404b165578ef794,0,0,0,2,3,0,0,0,24,5,2,1,2,11,34,18,0,0,0,0,0,0,0,0
c63d5a67687762a9f967,2,5,0,13,6,0,0,9,7,1,4,29,14,5,13,33,23,2,0,0,0,0,0,0
c681117f7f586fd730bb,0,14,12,23,1,3,3,9,4,3,11,43,27,26,3,0,0,0,0,0,0,0,0,0
c682f6819dfbfc964bc7,0,3,12,1,0,8,5,23,60,3,0,4,8,31,32,12,16,1,0,0,0,0,0,0
c6ab0de398cfcbd21dc5,2,9,5,0,0,0,0,6,23,24,0,19,8,0,3,6,4,0,0,0,0,0,0,0
c7bb8ace7e79b91b3346,0,0,0,1,0,2,9,13,35,22,10,16,9,16,20,0,0,0,0,0,0,0,0,0
c7c79725138f07b9c265,0,0,0,0,0,0,8,18,23,33,71,149,98,31,58,9,0,0,0,0,0,0,0,0
c7d5a3256a9f99ba3e98,0,2,1,2,0,13,1,5,9,6,41,52,23,4,0,0,0,7,0,0,0,0,0,0
c89e8b7b18082e2fa6df,0,8,0,7,0,0,0,1,13,3,27,5,0,12,34,36,69,11,0,0,0,0,0,0
c8d8f83d06b68fc2f944,0,1,2,6,11,12,2,0,11,2,4,14,3,14,61,29,0,0,0,0,0,0,0,0
c955c51bfd07134bc831,0,0,1,0,2,5,7,9,32,8,6,8,8,1,16,17,6,0,0,0,0,0,0,0
c99e6802625540e4d1e2,0,0,0,0,0,1,3,1,0,0,0,8,10,19,16,5,17,10,0,0,0,0,0,0
c9c946fe211251af32d1,0,0,6,0,12,26,27,22,32,20,9,6,0,13,14,1,0,0,0,0,0,0,0,0
c9c9f0b7606030f2aade,11,9,0,8,38,13,1,14,16,18,0,3,3,0,0,0,0,0,0,0,0,0,0,0
c9e6e9322dd7054e618c,0,0,3,0,0,0,0,15,12,8,1,0,15,2,22,8,0,0,0,0,0,0,0,0
ca10145a308249ed82e9,0,2,5,9,7,12,14,6,17,0,1,25,5,4,22,3,0,0,0,0,0,0,0,0
ca66ab7e59628143cf1e,0,0,0,0,0,0,0,0,12,1,8,7,42,10,0,7,12,0,0,0,0,0,0,0
cac3f85073c947532796,6,15,16,21,6,3,35,32,15,17,15,18,33,46,23,9,3,0,0,0,0,0,0,0
cac84b1c3033872272f0,2,15,5,17,15,23,4,5,0,0,17,12,10,4,15,9,0,0,0,0,0,0,0,0
cad61c88146ec4d99a6d,1,5,0,0,0,0,0,0,0,0,0,0,0,0,0,0,0,0,0,0,0,0,0,0
cade7d478dac7020a79b,0,0,0,3,24,6,0,14,4,0,0,15,5,8,22,32,14,0,0,0,0,0,0,0
cafe5989da5dfed9f404,6,21,33,42,10,1,5,13,19,13,4,28,24,69,35,21,56,4,1,0,0,0,0,0
cb2fbb322cc30a8b8fef,0,0,3,0,0,0,0,8,17,10,4,12,0,21,48,63,0,0,0,0,0,0,0,0
cb65e2038b786e801292,1,0,2,0,1,1,7,5,1,0,0,1,9,2,9,6,4,3,2,0,0,0,0,1
cb8c2285066597e012c6,0,0,0,0,0,8,0,0,1,0,12,0,24,39,36,5,0,0,0,0,0,0,0,0
cbc8550ffaf44443c7ad,5,14,0,0,0,0,19,12,0,0,4,3,15,1,0,2,38,22,26,10,0,0,0,0
cby6hsod14blxr7zyfjs,2,8,9,4,4,5,5,9,13,8,10,22,12,16,14,4,0,0,0,0,0,1,0,4
cc317db3f3bb874542a7,5,7,0,0,11,0,7,12,26,1,7,10,47,45,0,0,0,0,0,0,0,0,0,0
cd6355bf939a47577f6d,1,8,80,37,19,32,66,37,38,26,18,61,54,35,78,14,0,0,0,0,0,0,0,0
cdbfb55b48cefce540dd,0,8,0,0,0,2,0,10,9,1,20,6,23,1,0,0,0,0,0,0,0,0,0,0
ce1a32f22b91f4d81015,0,0,0,2,14,27,10,13,26,20,21,19,33,15,2,7,1,0,0,0,0,0,0,0
cef765c4375252a6029b,0,0,0,0,0,0,0,0,16,64,56,40,26,14,0,0,0,0,0,0,0,0,0,0
cev4eof26erqost96sw1,4,1,9,1,6,5,3,1,18,3,12,16,14,15,14,7,3,0,0,0,0,0,0,1
cf73246d819a1ea78e14,0,0,1,16,2,17,11,11,2,18,13,5,11,9,15,19,0,0,0,0,0,0,0,0
cf7f9c2c6872be9bf2d6,9,29,23,48,1,0,15,0,3,9,16,18,20,13,6,3,0,0,0,0,0,0,0,0
cfaac49f7cc94528ffa7,4,7,2,7,1,0,4,0,10,1,1,4,14,25,9,4,0,0,0,0,0,0,1,3
cfi8t4xrx12m2lt4flwz,2,8,6,11,10,6,3,11,9,5,12,13,11,19,12,11,2,0,0,0,0,0,0,2
cgydhui8n3uoxbq5rznl,3,7,3,2,4,9,7,5,2,1,12,15,12,23,20,10,4,0,0,0,0,0,0,1
cmy2w5due4kl6pn6uia5,1,7,4,6,5,2,4,6,12,5,15,10,22,10,13,16,4,2,1,0,0,0,0,1
cnkddx6ofjqd7ueylz0e,2,4,7,4,7,6,14,4,8,9,7,13,11,19,23,11,0,2,0,0,0,0,1,1
cnqyqc90n3ixrlc3mri7,0,1,8,10,4,3,10,4,9,8,7,14,14,8,16,8,1,0,0,0,0,0,0,1
co3hr8vy9u9x2j7vr0a3,2,1,2,5,7,6,5,5,7,8,15,15,12,22,14,8,3,1,0,0,0,0,0,2
cp4d94b2v0ws6am7mvuw,1,2,4,3,6,4,2,7,9,3,9,14,17,9,15,14,3,1,0,0,0,0,0,0
csvv3l0saxxx6pax18c3,2,3,5,4,2,4,4,9,10,3,7,17,16,11,18,4,1,0,0,1,0,0,0,1
csxiwtz34vm9vr0kbryx,3,7,4,7,13,19,7,6,0,6,14,8,15,16,17,20,3,0,0,0,0,0,0,2
cu903mvqchcup1lsf83t,1,1,6,2,5,3,4,0,14,13,12,9,18,15,15,11,5,0,1,0,0,0,0,0
cunf3y04zq0f90dgy36j,0,3,13,11,3,5,10,8,5,5,11,17,23,15,10,8,2,0,1,0,0,0,0,0
cuwakm24vlp785ky5w71,4,2,3,8,8,8,13,7,8,8,14,16,14,18,22,10,2,1,0,0,0,0,1,0
cy2sv8kkoybje2okbll0,1,4,9,12,6,6,7,8,5,3,14,14,18,6,21,8,1,0,0,0,0,0,0,0
cygc6ulxpz04ex7under,2,1,5,2,3,2,5,6,7,3,18,14,17,13,22,15,2,0,0,0,0,0,0,2
cz0pbk8vede7ey2oce4a,1,1,3,7,10,3,9,7,14,5,12,16,12,17,23,15,2,0,0,0,0,0,0,1
d02f48d05ce5e7ca16e1,0,8,8,0,0,2,0,4,1,1,6,8,20,16,17,25,23,0,0,0,0,0,0,0
d035c324a020e7948fe8,0,1,3,6,23,0,10,12,0,0,26,40,29,18,11,0,0,0,0,0,0,0,0,0
d059dfed16a6d1ca6ddf,6,5,1,1,19,14,14,19,30,3,0,4,9,7,36,9,0,0,0,0,0,0,0,0
d0a933a514028d777578,5,0,4,12,5,15,12,6,2,15,2,11,0,3,23,11,0,0,0,0,0,0,0,0
d103bd9455fb9258c805,0,0,6,2,0,9,0,0,15,1,11,24,27,6,17,2,0,0,0,0,0,0,0,0
d16ht4y29lrac1brhwm1,1,8,6,4,2,3,4,6,9,6,10,18,20,10,18,5,0,0,0,0,0,0,0,0
d1df92e9d19fb2f22ebb,18,28,16,6,1,11,0,8,6,25,0,32,39,25,116,40,2,0,0,0,0,0,17,39
d1e44a91dd4f37c03d43,0,10,0,0,6,4,14,3,23,3,0,2,3,30,7,29,0,0,0,0,0,0,0,0
d235a2c32940b970ab7c,0,0,4,4,0,0,0,0,0,2,8,12,0,20,0,0,0,0,0,0,0,0,0,0
d2403aa287eb869a170a,50,9,18,15,1,5,36,7,8,40,25,23,43,51,17,48,20,0,0,0,0,0,0,21
d27565678ffa4a9bfa85,0,0,25,30,4,3,53,24,40,10,8,18,0,0,0,0,0,0,0,0,0,0,0,0
d2c5423ea5fa0a995264,0,0,0,0,0,4,0,20,1,0,7,10,30,14,14,5,0,7,0,0,0,0,0,0
d2cb0d0da17471ee23a9,2,12,14,0,0,0,0,0,68,16,18,22,40,54,104,28,0,0,0,0,0,0,0,0
d2e033f11edce44fea3d,0,0,0,3,1,1,3,7,7,10,3,2,11,5,18,24,1,0,0,0,0,0,0,0
d311ac015e2e230935b2,8,3,8,12,0,5,20,3,0,2,0,9,12,1,6,10,1,0,0,0,0,0,0,0
d33a15d480f68c6ec82f,0,0,0,0,11,0,0,5,2,0,3,28,15,6,34,39,8,0,0,0,0,0,0,1
d3ba1fe030801d700cb6,6,1,0,5,20,8,2,1,2,0,0,13,32,0,16,48,0,0,0,0,0,0,0,0
d3e269bf68d51851097c,8,28,4,0,0,6,16,41,4,4,18,41,15,38,49,6,0,0,0,0,0,0,0,7
d3fd2319c0f3aa00c371,6,6,9,6,5,1,3,8,4,0,7,1,6,11,28,6,0,0,0,0,0,0,0,1
d3tt41de5iashfjr1txr,0,4,10,1,6,2,4,0,10,10,16,14,11,10,15,11,0,0,0,0,0,0,0,0
d45eea92ed42431d9076,0,0,0,0,0,0,0,0,6,0,34,13,18,11,10,2,0,0,0,0,0,0,0,0
d4d7a248a58363732f8e,8,22,3,8,7,3,0,1,6,9,1,15,0,1,23,42,1,0,0,0,0,0,0,7
d4geyy1ox6qzlz4ibz0z,1,3,3,3,1,2,8,3,10,8,17,22,15,10,16,7,0,0,1,0,0,0,1,1
d4xny47ows87zd7viwj5,4,5,5,4,14,1,2,6,12,4,11,22,21,12,21,15,1,0,0,0,0,0,0,0
d52b119f8da2a1812722,0,0,0,0,0,0,0,1,0,12,17,28,21,23,62,1,0,0,0,0,0,0,0,0
d536120baaef5495c028,19,23,6,0,13,0,0,0,11,0,0,0,17,54,2,1,0,0,0,0,0,0,0,1
d53a4fb612fb801fff3d,0,0,23,0,0,21,55,31,0,0,12,6,14,7,23,5,0,0,0,0,0,0,0,0
d6d4488fa27e11465974,0,1,0,0,3,1,3,1,4,0,4,5,10,18,5,5,0,0,0,0,0,0,0,1
d6d6e7da792fdf0106f0,0,1,0,1,6,4,1,3,11,8,36,19,17,1,0,12,2,0,0,0,0,0,0,0
d6f3f410bbb24244d270,0,0,0,0,3,12,14,5,25,2,30,19,22,26,8,1,0,0,0,0,0,0,0,0
d6qgzp196pwnzk7agyn6,1,3,15,6,1,4,8,4,12,6,16,16,18,12,21,15,2,3,0,0,0,0,1,1
d72abe041b8db9118e70,1,21,2,1,2,7,7,0,0,0,0,12,1,24,19,11,5,0,0,0,0,0,0,0
d76c58732e315933a6cf,5,0,0,8,5,2,1,2,5,9,0,9,4,0,19,7,1,0,0,0,0,0,0,2
d7ad1a5f3ab7d6237f8e,0,6,62,74,44,44,84,26,24,26,56,52,70,36,60,56,10,0,0,0,0,0,0,0
d8ed5a1897987ffdeaed,1,6,2,4,0,4,2,2,7,3,24,31,22,10,2,5,0,0,0,0,0,0,0,1
d93519b044de1fa037b0,0,5,10,0,0,0,10,0,2,4,0,0,0,16,4,0,0,0,0,0,0,0,0,0
d94c5dba40d9fcbfb8d9,1,0,20,6,16,1,3,9,13,5,11,22,29,15,3,0,0,0,0,0,0,0,0,0
d9qmlhyp13mf5nto4qih,4,10,5,7,9,4,4,7,5,3,9,15,16,15,20,14,2,1,0,0,0,0,0,4
d9xfdsxgmmiahcnwlqza,5,5,4,5,7,1,6,5,13,5,17,13,17,9,6,9,2,0,0,0,0,0,0,3
da2199a7da15995db5ff,5,8,5,0,5,4,5,1,19,7,8,19,11,5,15,2,0,0,0,0,0,0,0,0
daf693769d8638a22ee9,0,0,2,3,1,11,20,16,28,7,10,5,3,15,7,0,0,0,0,0,0,0,0,0
daty5mq7b20bkt2c2zfs,3,1,6,8,2,7,5,5,17,4,14,15,22,13,19,10,3,1,0,0,0,0,0,1
db0bcf208cbed26d0bfe,0,0,19,0,6,6,3,3,5,0,0,0,0,0,9,0,0,0,0,0,0,0,0,0
db2418c575c0a4f7239d,0,2,0,4,19,12,1,2,7,0,14,2,31,35,17,17,0,0,0,0,0,0,0,0
db54f15d48fa56b0d953,0,0,0,0,7,7,0,0,5,2,0,0,1,21,37,46,1,0,0,0,0,0,0,0
dba2bc2a15c1e8d696fe,2,18,8,8,17,3,0,1,0,0,1,2,0,15,12,23,0,0,0,0,0,0,0,1
dc83f9577ae72447a7b1,1,5,17,13,9,20,34,0,1,14,55,53,18,19,26,33,0,0,0,0,0,0,0,0
dc93d7d840a88e5efb17,8,26,0,8,13,0,10,1,13,5,23,15,1,33,11,11,8,0,0,0,0,0,0,0
dcd0562f8fb44933cb08,0,0,0,0,0,28,8,0,0,0,1,26,8,8,0,5,0,0,0,0,0,0,0,0
dddd7ba8769cf90bfd62,9,3,1,18,2,5,3,0,5,2,10,4,1,5,33,23,0,0,0,0,0,0,0,0
de5213e7b8c88440a298,0,0,3,0,5,15,13,29,22,20,27,53,43,28,32,26,3,0,0,0,0,0,0,2
dee7cfe3312551bdf5a5,4,2,0,0,0,4,0,0,10,4,4,14,11,29,7,13,4,0,0,0,0,0,0,3
def1216bf8f3009dbe41,9,23,19,39,7,0,3,7,6,19,0,6,2,6,7,6,0,0,0,0,0,0,0,0
deg9esxpiezaya5obs1e,1,1,2,0,9,5,3,8,13,7,12,23,19,10,15,8,1,1,0,0,0,0,0,3
df02e3643bb9ee33fb0c,0,0,5,8,8,2,0,3,5,7,11,14,49,12,0,0,0,0,0,0,0,0,0,0
df784e67883e018f88b8,0,0,0,0,0,0,0,1,4,1,7,26,38,2,0,0,0,0,0,0,0,0,0,0
dfa917b9dc15c87ab016,49,58,28,10,13,13,13,24,47,62,78,48,29,70,17,25,0,0,0,0,0,0,8,31
dfnvtf7qbi2955rjeaqx,0,5,7,0,5,4,9,5,15,10,14,13,6,12,27,12,4,1,0,0,0,1,0,2
dgoapkg9vpnafks22kx4,1,2,4,3,5,6,5,5,19,12,7,12,11,11,25,18,2,1,0,0,0,0,0,0
dgp0xkhu3d61usta1wjo,3,3,5,4,5,6,6,6,11,5,12,16,11,13,14,10,6,1,0,0,0,0,0,0
di7sclw5samggg4sxipv,5,8,2,3,9,3,3,8,4,2,10,16,14,22,21,19,2,0,0,0,0,0,0,0
dl5nz1ijx44owullijbb,2,3,4,2,4,5,7,5,19,5,18,13,19,13,11,11,4,0,0,0,0,0,0,2
dri4ey8he2jovloucu86,3,1,8,1,4,4,8,6,3,4,9,9,14,12,18,21,3,1,0,0,0,0,0,0
dsl763gdflunv3oaoejm,2,2,3,5,6,7,5,6,16,2,12,11,18,11,15,9,2,2,0,0,1,0,0,1
dt7s87imgsbma3l5scym,0,5,3,4,7,5,6,2,14,4,13,13,18,12,23,11,1,2,0,0,0,0,0,1
dwg6k0ka5vuwzo5h11m0,10,6,10,7,4,4,1,8,6,3,9,16,23,8,20,12,3,3,2,0,0,0,1,0
dxemww34f34hyq2xk6r7,3,2,8,2,7,4,12,6,15,1,12,22,10,15,22,9,4,2,0,0,0,0,0,0
e00bc7d9f2ce32c4f745,5,5,5,1,0,0,29,10,12,8,36,20,36,28,3,0,0,0,0,0,0,0,0,2
e0be3445997310f4d68e,28,19,2,20,5,22,15,5,3,20,22,13,10,28,88,24,0,0,0,0,0,0,0,0
e103cf810dfba59d0431,6,4,0,0,0,4,13,10,0,6,0,14,32,52,0,15,0,0,0,0,0,0,0,0
e17f01453906e3ae5716,4,0,0,0,1,14,7,11,19,11,75,57,13,33,34,41,0,0,0,0,0,0,0,0
e199ddadaaf5aee02eb8,22,19,15,1,0,1,3,19,18,7,2,17,13,15,4,30,12,0,0,0,0,0,0,0
e224221a9971f9f45489,0,19,2,1,8,0,4,7,6,6,5,29,11,22,74,13,0,0,0,0,0,0,0,0
e22c18eef214a779b4c2,4,0,0,1,6,21,12,3,11,7,9,14,38,16,32,23,0,0,0,0,0,0,0,0
e23ada44d3eac9b465d2,0,2,5,0,0,0,7,6,2,2,2,8,11,19,22,5,0,0,0,0,0,0,0,0
e28711e2f5500d3d6b04,12,54,11,33,0,0,3,64,11,6,56,65,81,121,116,25,0,0,0,0,0,0,0,0
e2d7ee3637149f7087b2,3,8,13,10,9,23,11,4,47,6,26,33,6,12,16,0,0,0,0,0,0,0,0,0
e2ee4818284ba527ef0a,0,0,0,0,16,9,3,1,0,0,5,2,0,10,31,17,1,0,0,0,0,0,0,0
e324cc9cb52a2b3cb9cb,0,0,16,25,9,18,58,11,4,5,3,8,19,24,44,18,0,0,0,0,0,0,0,0
e37bbe9fe37f92b785d9,6,19,7,10,8,5,11,14,30,21,8,5,13,15,59,1,0,0,0,0,0,0,0,3
e3b920878572dbcf8c9e,0,0,0,0,0,0,0,0,0,0,0,0,13,25,0,0,0,0,0,0,0,0,0,0
e3ce61b92eeae0a33633,0,0,5,2,0,0,0,5,18,3,17,20,13,1,2,0,0,0,0,0,0,0,0,0
e3d0782396c346359a8f,6,2,0,0,0,1,0,0,0,6,0,11,29,24,34,3,0,0,0,0,0,0,0,0
e43a0e28d5cd6b54a2af,0,1,1,0,0,3,10,0,0,0,16,16,9,30,4,0,0,0,0,0,0,0,0,0
e4af37199530e9ea523c,2,5,10,28,2,0,0,17,19,9,13,69,51,27,8,0,0,0,0,0,0,0,0,0
e4c80506c14da4ad563d,0,0,10,0,10,18,28,24,48,0,12,86,42,8,28,4,0,0,0,0,0,0,0,0
e4d6737b176e6ca5ef06,42,30,0,2,56,36,6,0,0,0,0,10,34,48,74,40,6,0,0,0,0,0,0,0
e50db74322430aa289b1,22,0,2,0,0,0,0,2,58,24,6,0,24,76,34,0,40,0,0,0,0,0,0,8
e58gk2f3crnwqnx0gett,3,6,2,1,9,4,7,10,9,6,11,10,16,12,13,10,3,0,1,0,0,0,0,1
e5b30ace9334d153e076,0,0,0,0,6,14,11,29,9,16,27,17,34,8,31,20,0,0,0,0,0,0,0,0
e5cab2ae37f3a9ed4f46,0,0,0,1,1,31,10,7,27,49,10,0,0,0,5,0,0,0,0,0,0,0,0,0
e62f7655cb5259abfbf1,16,15,16,18,4,21,11,19,11,0,15,0,0,9,23,3,0,0,0,0,0,0,0,5
e6b9a4292b6a8e8e0ef0,0,0,0,0,0,0,0,0,0,0,4,2,8,20,18,0,0,0,0,0,0,0,0,0
e6c8ce7f4d7b0b4ca4a6,3,10,10,13,10,6,6,5,11,1,0,11,15,3,39,25,0,0,0,0,0,0,6,5
e716574233e87591ff19,6,1,42,14,13,16,23,4,30,2,15,17,16,29,24,13,0,0,0,0,0,0,0,0
e73ae5f649c6f52b3fb1,0,10,10,6,16,0,0,12,10,2,32,14,2,26,74,58,22,12,0,0,0,0,0,2
e77eaaa90a75ea6167f4,0,0,4,0,0,3,16,0,0,0,11,13,18,11,45,21,9,0,0,0,0,0,0,0
e7958857e7d2292ffbc7,6,3,5,2,0,0,0,0,47,5,8,0,4,14,32,31,2,0,0,0,0,0,0,0
e7feb8599ea5f596aeac,2,10,2,18,1,1,0,12,8,0,3,11,22,4,29,2,0,0,0,0,0,0,0,0
e851f82a650692f8e591,20,2,0,27,26,8,23,3,4,7,1,22,0,14,5,44,5,0,0,0,0,0,0,0
e865c97bc96802575f80,3,8,0,6,12,8,25,14,26,29,55,24,17,66,117,17,0,0,0,0,0,0,0,0
e86f896d71d48d87464d,7,2,18,17,4,19,14,8,0,8,20,30,17,15,7,0,0,0,0,0,0,0,0,0
e877c03b218bddedd3b8,0,0,3,6,7,11,17,11,13,5,17,22,23,2,4,6,0,0,0,0,0,0,0,0
e89cdaa3f159a0d3f55e,1,7,6,6,15,1,8,18,13,27,11,47,82,111,136,94,34,16,0,0,0,0,0,0
e9b6fa8a87469779d732,0,1,29,26,3,2,7,7,10,1,22,7,28,66,11,23,8,0,0,0,0,0,0,0
eacb3353d7bc80cf3e7a,0,4,0,0,8,0,0,5,7,3,10,31,13,9,2,0,0,0,0,0,0,0,0,0
eb4493aa138e8edc3f6d,0,0,12,6,0,0,0,0,7,0,0,12,29,24,48,42,0,0,0,0,0,0,0,0
eb93cedc17b4eac76750,8,0,0,0,10,6,24,40,42,2,32,58,18,14,46,44,14,0,0,0,0,0,0,2
ec4897070f2d3b6eab89,3,2,10,7,0,14,2,1,11,2,0,6,4,13,21,16,0,0,0,0,0,0,0,4
ec5zb47nxjbuzemc81p0,3,7,7,10,1,4,6,9,13,3,12,26,18,14,13,7,0,0,0,0,0,2,2,1
ec86426a6e0331d06091,0,0,0,0,0,0,0,0,0,16,25,23,31,2,5,0,0,0,0,0,0,0,0,0
ed4b51eb098deb0ba58e,0,0,6,22,22,5,4,3,11,10,0,2,4,13,26,24,0,0,0,0,0,0,0,4
ed5a13234f04cae4894d,1,4,7,4,0,0,2,0,6,0,13,0,4,2,4,7,0,0,0,0,0,0,0,0
ed94d52e091b68ca5ee5,0,0,0,2,5,0,13,12,15,18,23,31,13,8,29,9,18,6,5,0,0,0,0,0
ee07cc24589beb775d33,12,17,1,19,24,11,11,7,8,0,20,9,14,0,20,23,8,0,0,0,0,0,0,4
ee1ef9674f9e0bfca48b,0,0,6,0,1,8,8,3,2,0,10,0,11,0,0,5,9,0,0,0,0,0,0,2
eec0307b4d47609d6933,0,9,5,8,15,6,6,34,52,14,1,9,34,34,56,77,10,0,0,0,0,0,0,0
ef04ejvyvmh5votejbif,0,2,5,4,6,6,6,6,21,5,11,7,16,11,22,20,1,0,0,0,0,0,0,2
ef133c92e274a97b6eeb,26,16,0,0,1,0,3,0,2,0,0,0,3,3,1,14,0,0,0,0,0,0,0,0
ef912a5602a5f70b244b,0,0,0,0,0,0,0,1,2,2,9,23,13,3,19,12,1,0,0,0,0,0,0,1
efb9fe363bdeb9f48d69,0,4,19,4,9,8,0,8,7,8,3,0,3,11,9,9,0,0,0,0,0,0,0,0
efd58fbebca61c41c881,0,0,0,0,10,0,0,17,0,0,0,0,11,0,0,0,0,0,0,0,0,0,0,0
em248gxmeso9cw0wzlv8,5,3,7,4,9,10,6,5,2,1,15,21,17,19,11,14,2,1,0,0,0,0,0,1
emnk7ob7xxxdiph6fun3,2,3,3,2,6,7,11,7,14,2,17,14,16,16,13,18,1,0,0,0,0,0,0,0
erjfooit15024g7nj8co,2,1,5,3,4,2,3,11,8,4,15,15,17,8,17,14,6,0,0,0,0,0,0,3
exaiz0y0uvpeg498cg4j,5,8,2,6,10,3,7,8,5,2,10,11,16,14,16,15,3,0,0,0,0,0,0,1
exj3a7hd6gwihbowgm3w,4,2,10,8,6,6,6,8,13,6,8,12,17,7,17,10,3,1,0,0,0,0,0,1
ezdogkk0jqt4nvvvbnxp,4,5,4,6,2,6,3,9,10,3,12,10,20,13,8,8,2,0,1,0,0,0,0,0
f05247f3d32a4bf5a6df,4,13,7,19,0,31,26,0,0,0,28,14,19,11,33,122,24,0,0,0,0,0,0,0
f058870b1bc33e288e82,0,0,0,0,8,5,17,19,0,0,0,11,23,37,4,12,0,0,0,0,0,0,0,0
f06c3ddb1a98713eeb32,8,4,33,13,2,2,19,13,39,47,5,2,15,25,34,7,0,0,0,0,0,0,0,0
f1c1c0932bfeb74762d0,13,7,21,36,1,2,0,3,13,0,57,134,90,43,1,20,4,0,0,0,0,0,0,0
f22c9341431a6123f670,0,0,0,3,0,3,5,37,7,2,2,3,11,24,23,9,0,0,0,0,0,0,0,0
f25a777dbbda3d4314d7,5,0,0,0,0,4,0,0,6,9,4,10,1,23,26,52,6,0,0,0,0,0,0,0
f26c1d520ac39293c68a,10,0,2,0,7,32,0,24,43,28,37,99,82,26,33,14,0,0,0,0,0,0,0,2
f286ac7cd0663855cc5f,0,0,1,0,9,12,2,1,6,0,22,24,41,13,10,7,0,0,0,0,0,0,0,0
f36a755a3fa5db5c0743,0,4,11,1,0,0,0,9,8,4,18,11,17,25,15,25,8,0,0,0,0,0,0,0
f47eab262dd5809d4d60,2,7,11,1,12,2,7,7,14,7,5,10,2,7,17,13,0,0,0,0,0,0,0,0
f4e46ba446c56e56259b,4,2,43,13,0,2,0,4,23,10,2,11,19,9,16,3,0,0,0,0,0,0,0,0
f50dcd09709383fea95f,0,1,3,16,10,33,22,9,20,0,0,1,22,32,5,23,0,0,0,0,0,0,0,0
f527k17lr4aumahjtj92,3,2,8,6,1,2,7,8,12,4,10,17,15,13,10,17,4,0,0,0,0,0,0,0
f5c3c6eb77fac482de13,0,3,5,0,4,0,0,1,1,7,12,7,15,1,4,25,0,0,0,0,0,0,0,0
f5j3cojh9fr5gvylr0yi,2,8,9,2,4,7,3,9,10,0,13,29,16,9,13,5,1,1,0,0,0,0,1,0
f5jwwahac3fyc6rq5tex,2,4,4,4,4,4,11,12,6,9,13,13,16,11,12,10,5,0,2,0,0,0,0,0
f63cab44b941c6ca80d6,0,0,23,32,8,0,12,18,21,16,31,14,4,6,16,21,0,0,0,0,0,0,0,0
f7a14eb1e15ceeea955c,0,5,3,1,16,1,10,11,19,7,22,16,4,41,10,0,0,0,0,0,0,0,0,0
f7c4a29d42220e1cea27,2,0,2,8,14,9,0,4,7,6,10,17,20,9,13,16,9,0,0,0,0,0,0,2
f81f52969ef1de783de3,0,0,0,0,16,25,6,2,17,10,8,1,3,22,50,2,0,0,0,0,0,0,0,0
f82461b84c9c48a36613,0,3,0,1,2,6,7,17,32,3,8,7,12,20,46,6,0,0,0,0,0,0,0,0
f964ee6bca634319a68f,18,42,44,9,11,0,8,9,4,20,14,4,14,3,21,12,1,0,0,0,0,0,19,25
f9c641e9c05c243a751e,0,0,4,18,0,0,0,0,26,10,8,6,88,102,52,0,0,0,0,0,0,0,0,0
f9d95830556934ae9a01,1,3,7,3,0,16,6,22,10,20,23,25,23,22,33,14,13,0,0,0,0,0,0,0
f9dde99f5db421171b51,1,14,0,5,6,0,20,31,63,30,62,142,99,27,35,0,0,0,0,0,0,0,0,0
f9ef2830cd485d038b53,0,0,0,0,0,0,0,0,0,0,0,7,23,1,0,0,0,0,0,0,0,0,0,0
faa31dca7ed1dd11fe44,0,0,1,0,0,0,4,0,25,26,96,82,62,88,44,9,0,0,0,0,0,0,0,0
fabad359607dabbaaed4,0,0,0,6,0,1,0,9,2,19,21,16,11,20,8,16,1,0,0,0,0,0,0,0
fb4411db1aac3cd2544b,0,0,0,0,0,0,0,10,0,0,35,41,21,10,15,6,0,0,0,0,0,0,0,0
fb5d5693ffa9f022a191,0,1,13,1,0,0,4,7,3,9,1,10,7,9,13,12,2,0,0,0,0,0,0,0
fb735wd248crm37cgmgw,1,1,9,7,4,1,7,6,9,4,10,15,14,12,12,10,4,0,0,0,0,0,0,0
fc1c9dd58091c33d8888,0,0,0,0,16,35,32,47,31,0,46,19,30,39,70,24,0,0,0,0,0,0,0,0
fc39de3859d890b9693d,0,0,0,0,4,8,16,16,4,19,25,28,31,44,28,0,0,0,0,0,0,0,0,0
fc5a9edc3413ecece4bd,0,0,3,4,3,1,7,11,9,5,11,0,2,10,6,2,2,0,0,0,0,0,0,0
fcf6463f948b24ac7cd8,2,34,3,13,0,0,0,0,6,11,6,15,1,5,0,14,0,0,0,0,0,0,3,7
fda1eaffdfa7350e5d97,0,13,33,2,1,10,13,27,12,0,28,15,25,46,60,17,0,0,0,0,0,0,0,4
fdd50b3ad56dcf116c82,1,3,0,0,2,16,0,0,3,5,4,3,12,17,20,14,0,0,0,0,0,0,0,0
fdd714a996ac8bd8006d,0,1,0,0,5,1,1,1,5,0,1,2,5,15,9,13,3,0,0,0,0,0,0,0
fdgrg81ki37uqa6afofq,3,1,1,1,5,5,3,6,9,9,15,14,19,19,16,6,4,1,0,1,0,0,1,3
fe40bd528b4fbbf591e1,0,12,0,7,22,6,6,5,4,6,8,21,14,33,61,0,0,0,0,0,0,0,0,0
fe5cf715d9c94fc7779e,20,18,12,3,0,0,0,5,6,3,5,0,3,0,2,0,0,0,0,0,0,0,0,0
fe752a6d1aa3d710d738,4,5,11,0,13,17,1,10,10,2,2,20,21,32,35,52,14,0,0,0,0,0,0,2
fef67841144f4c95a6c5,0,0,4,0,6,0,2,1,0,0,29,24,8,3,0,0,0,0,0,0,0,0,0,0
fej8lh1pgn1sikmt58d4,1,1,0,7,9,5,1,3,8,6,11,20,14,12,16,13,0,0,1,1,0,0,0,3
ff2d815d9ef74b153b54,0,0,1,0,7,2,2,9,13,21,22,11,8,1,4,5,0,0,0,0,0,0,0,0
ff59855075a6bc39d62b,6,12,13,0,7,15,44,0,36,18,19,13,14,14,4,5,0,0,0,0,0,0,0,0
ffe3886e3e3bab0249b5,0,0,0,2,18,17,2,19,7,3,0,18,3,34,38,15,0,0,0,0,0,0,0,0
fkenlzdweox7v0zaopqo,1,2,3,7,3,3,6,4,12,7,10,9,8,22,22,8,2,2,0,0,0,0,0,0
flde3irykh8wauaj2fuw,2,4,0,1,8,8,8,5,9,4,11,17,11,22,18,10,1,0,0,0,0,0,0,1
fnvhgnuqbir0drk8p1v2,3,5,8,8,7,7,6,9,3,2,10,9,14,11,16,5,1,0,0,0,0,0,0,0
fov3pbwdqzvhgcjp7o9f,3,8,9,8,3,4,5,8,7,8,13,7,20,18,25,10,4,1,0,0,0,0,0,0
fqcud1c5mt7pdp9w0v6y,0,1,12,8,4,5,3,4,8,5,9,9,13,17,13,5,2,2,0,0,0,0,0,0
fvlb9xi66oze7eo3yhdh,1,6,8,4,5,2,6,7,5,6,11,20,19,19,19,13,5,1,1,0,0,0,0,0
fvqo3hum9a1rl6rxbyre,6,10,6,5,0,5,3,12,16,10,12,12,15,10,13,3,3,0,0,0,0,0,1,1
fvurnsqlgyr9zbd6msqs,1,6,11,6,1,4,7,9,6,8,9,9,9,13,18,7,4,1,0,0,0,0,0,0
g4l5baozrnfblxayrhox,4,14,5,5,3,7,4,11,8,6,15,20,17,17,10,5,0,0,0,0,0,0,1,2
g5wbnnhq1jbyc32q3003,2,4,3,4,7,12,8,3,5,5,8,17,14,14,17,17,4,0,0,0,0,0,0,2
geps6umc1dv3t7we1ica,5,4,1,3,5,3,4,9,14,7,14,17,10,9,16,14,4,1,0,0,0,0,0,2
ggweeccb6anw0j3y32t0,4,5,12,7,1,3,4,14,9,11,12,21,24,15,10,5,0,0,0,0,0,0,0,1
gl03oba0pirnpnqsw1tt,5,3,4,4,9,6,10,2,12,11,15,12,18,16,15,9,1,0,2,0,1,0,0,2
gm1xiqmop9j2d2acc2jg,4,6,7,3,1,7,0,9,11,6,19,17,17,19,11,4,0,0,0,0,0,0,0,2
gzthlilac9ixoayq02u1,8,5,7,7,3,3,2,7,9,11,10,15,24,13,14,12,1,0,2,1,0,0,0,0
h6miro3m8713s3dxuipr,1,5,11,3,10,1,0,9,11,9,10,14,10,9,19,9,2,2,0,0,0,0,0,1
h7i4kmpsra4szfbhrcbh,2,2,5,7,11,6,4,8,7,5,8,12,10,18,21,15,2,0,0,0,0,0,0,0
h9urbo4ce8x02brjnloz,0,5,0,8,5,9,8,1,3,3,8,14,16,12,20,16,3,1,0,0,0,0,0,1
hcm6w0jxnfqhkpm745cu,3,3,6,8,4,8,10,11,7,3,4,18,19,15,19,8,5,1,0,0,0,0,1,0
hhplrx9xd7cm2w7aslma,4,8,10,5,3,6,8,6,12,5,11,17,15,19,10,11,3,0,2,0,0,0,0,0
hitoc7ngyvt9aaebo1na,4,8,5,2,8,4,8,3,8,3,14,17,17,10,18,9,3,1,0,0,0,0,0,2
hkk3qiui3e3r969oyfhf,4,12,7,8,2,5,2,9,11,7,13,24,23,13,12,3,1,0,0,0,0,0,2,1
hmju4kxemo560ilakak8,0,1,7,7,6,4,8,7,14,1,11,19,17,12,13,10,3,2,1,0,0,0,0,0
hoedc2pzfz6av5bn1jq3,2,9,5,6,6,7,15,2,6,4,6,17,10,12,17,6,2,0,0,0,0,0,0,1
hpb03ydulnt2b9ffa0j2,5,3,10,4,3,0,3,9,18,7,8,23,20,14,13,5,3,0,0,0,0,0,0,0
hpty3h6eij2tr467ueks,1,2,3,4,1,2,6,5,5,8,9,13,15,16,15,16,0,1,0,0,0,0,0,0
hu267zw9zywa4ew3d5bw,4,9,7,6,12,4,6,3,5,2,15,7,16,26,26,17,0,0,0,0,0,0,0,5
hva2hcwvh4mv0i4t59t6,4,2,4,1,5,3,2,1,7,6,13,11,14,12,20,21,2,0,0,0,0,0,0,0
hz3im1vs42bx5rxbn7wh,1,3,3,6,8,4,12,9,8,3,13,12,12,22,16,11,1,0,1,0,0,0,0,0
i1fr7kd71b2ni39kn958,0,2,4,7,5,4,2,8,5,8,12,12,16,14,22,11,3,1,0,0,0,0,0,0
i21qi5qdsjqcch2xvdd5,2,4,10,8,7,7,8,11,9,7,7,12,13,13,18,11,3,1,1,0,0,0,0,0
i39gdpglcxstun30b4yw,6,5,6,8,10,3,5,2,3,6,10,10,15,13,17,15,0,0,0,0,0,0,0,1
i5hexmb5zlzhd8lvwdv3,0,2,8,5,6,3,2,3,10,8,9,13,16,14,13,9,2,0,0,0,0,0,0,0
i8gdglua8vbd4ul9x09f,2,5,12,6,2,2,9,12,5,8,13,11,13,8,24,14,1,1,0,0,0,0,0,2
i8lx9f5ut0kaz120j30d,2,3,2,5,1,3,3,9,8,6,12,15,14,7,16,14,2,3,2,0,0,0,0,3
i8ryguu9cpkrb6ouhwqq,4,4,9,2,4,3,7,9,4,8,14,16,23,18,25,11,1,1,0,0,0,0,0,0
icu31mfcha34dnwbsui2,0,2,1,3,2,7,10,6,10,8,12,13,11,11,15,7,1,0,0,0,0,0,0,0
ifj584ryrjv639n4nnsu,1,6,6,6,3,7,11,7,8,11,9,12,13,10,20,13,1,0,0,0,0,0,2,0
igm3qwikiaey95nry3xj,2,3,2,4,4,7,5,8,16,5,17,14,14,6,11,18,6,0,0,0,0,0,0,2
ij9llitbhr4gi126l772,4,3,1,5,3,3,8,6,15,8,13,18,21,15,20,10,3,2,1,0,0,0,0,1
ijieo064jbrs5ss1cmol,1,2,9,4,8,4,4,5,15,7,10,8,14,20,16,8,4,0,0,0,0,0,0,0
ik7o5ykfnku0qp74sy1i,2,3,3,0,5,4,4,10,12,8,6,8,12,15,21,18,3,0,0,0,0,0,0,0
imkfiwhasub5ykkblh9s,2,1,4,4,5,3,4,9,6,3,13,16,19,14,12,9,1,1,0,0,0,0,0,1
inyirhdpjahiguhs9e5b,1,4,2,3,6,10,7,4,6,7,12,16,18,13,21,20,0,0,0,0,0,0,0,1
iqhpwbqkqi7kugzduhit,2,7,11,6,6,3,6,7,6,8,9,11,8,17,26,19,0,1,0,0,0,0,0,0
isa355t9q5rut5fm8aml,3,2,10,8,7,10,11,10,8,4,8,13,10,13,13,8,3,0,1,0,0,0,0,1
isavn2ahb9n5z1q8win5,1,2,7,6,6,15,6,2,2,1,11,16,11,14,16,9,2,0,0,0,0,0,0,0
iwjs5oi2pl8omkdrs53q,3,4,5,5,5,3,12,2,7,11,9,11,15,14,16,22,1,2,1,0,0,0,0,0
j07d6onchxesk14v7b8w,4,2,5,4,6,2,7,8,7,3,14,15,15,9,21,7,2,1,0,0,0,0,1,1
j605t14y7ie6vr2n8s2c,2,4,11,8,2,10,6,2,14,5,7,24,13,5,8,7,9,1,1,0,0,0,0,0
j8inicu0iafkpv3u9431,1,7,4,6,2,12,8,7,5,5,14,12,13,17,14,8,3,1,0,0,0,0,0,1
jb3fqd2b9oyprn83h646,0,6,5,6,7,5,5,7,11,3,16,17,9,17,20,9,0,0,0,0,0,0,1,1
jds77so748xfiefl16ad,2,4,2,1,6,5,4,9,17,7,16,15,16,13,15,10,3,4,0,1,0,0,0,1
je7kqkmpwkosa7nkgfpx,1,2,3,2,6,4,9,9,10,8,11,14,6,10,20,17,5,0,1,0,0,0,0,2
jhmn3s11l13woe6jy3zg,4,9,9,8,7,5,6,8,7,6,18,19,15,15,23,9,0,2,0,0,0,0,0,0
jitc82qpkhbudc8tgnui,3,3,5,4,10,4,5,5,12,7,14,15,9,9,7,10,1,2,0,1,0,0,0,1
jj1jl4nhnkxllubypoq3,6,7,6,6,4,3,4,9,9,4,20,24,15,11,8,2,0,0,0,0,0,0,0,1
jjx780kahllbp5y3x7p8,4,6,6,7,4,4,11,4,6,9,8,13,11,14,23,20,2,1,0,0,0,0,0,0
jkfou7hhzge0irwf1xmf,1,3,7,4,7,5,8,10,10,7,10,26,18,12,15,14,6,0,0,0,0,0,0,2
jnupp0jsv1kjsvbzlnrr,1,4,5,4,1,4,8,2,9,7,10,14,13,11,14,11,0,1,0,0,0,0,0,0
jsmqh4aa20rpfeqmyx4h,0,8,7,8,8,8,5,6,6,2,12,18,12,14,12,4,3,0,0,0,0,0,0,0
jv2j33i326cpj50ckvt7,2,2,2,2,5,5,5,3,10,6,10,17,17,12,12,11,6,2,1,0,0,0,0,0
jv67r7eqa9z2a1777eex,7,7,9,4,7,4,8,6,6,3,11,23,13,15,10,10,5,1,1,1,0,0,0,0
jwdjcrxdn0um79f0rjvw,0,4,4,10,4,5,11,6,13,9,5,9,11,16,17,9,2,1,0,1,0,0,0,1
jyaxybaq8vui614ytd8i,1,2,10,5,5,2,2,3,14,8,11,14,15,19,27,6,5,0,0,0,0,0,0,0
k1r03pvvsv9zxrft5jgi,6,2,5,4,4,4,6,10,11,9,8,21,17,7,22,11,6,0,0,0,0,0,0,2
k4usquerebza4uy0i57h,1,2,4,9,3,3,11,9,8,5,9,15,11,6,15,9,8,1,0,0,0,0,0,3
k6jujv82n727fuwbxa6f,5,9,5,7,3,3,5,3,7,2,13,27,18,12,21,14,0,1,0,0,0,0,0,1
k6kv9y9tqfll5d282ymb,4,5,4,5,11,1,3,6,6,5,9,12,10,11,27,19,4,0,0,0,0,0,0,1
k7bf90hpau5950c87l3i,5,2,7,9,4,4,4,4,11,7,9,17,21,12,16,12,5,0,0,1,0,0,0,0
k7fa3kdg6dq9avbiqv1f,3,7,4,3,6,5,4,12,2,1,12,13,17,10,34,17,1,0,0,0,0,0,0,1
kg28tppvvsvr918dkvlb,1,6,3,10,5,2,2,5,9,3,10,10,18,15,16,5,1,0,0,0,0,0,0,0
kilhyvtskm84umerpjee,0,5,7,6,6,3,2,6,18,7,11,17,11,16,12,14,2,1,0,0,0,0,0,0
kpw433bcv21ksp1wgrux,2,2,12,7,1,3,3,5,12,6,12,14,20,12,17,12,1,0,1,0,0,0,0,0
ksm67082xy9g2wnalt38,1,1,6,5,11,6,4,6,15,6,13,13,14,14,19,14,4,0,1,0,0,0,0,0
l1rn095adguamaugi4ux,4,6,3,5,11,6,6,2,5,3,10,14,16,19,28,17,0,0,0,0,0,0,0,0
l2yv9tvvcakn7ikerccy,2,7,6,6,5,8,1,11,8,2,7,17,18,9,15,10,1,1,0,0,0,0,0,1
l41f9f1gb0y5rxcqfv64,4,8,12,4,2,2,4,9,8,7,19,16,17,11,7,2,0,0,0,0,0,0,1,1
l82rq4xaymt7t5uytax9,2,6,6,10,8,3,2,9,4,4,12,22,11,6,19,9,2,0,0,0,0,0,0,1
lewkf2owb42ywhfto9yf,5,6,6,1,7,9,8,7,2,4,13,23,11,16,17,8,3,0,0,0,0,0,0,1
lexte4gc3dvjb7ty0qf5,0,6,8,8,11,6,3,5,9,6,13,15,9,14,13,12,2,1,0,0,0,0,0,0
lf5hmkicbiuolk7khwwb,3,10,7,5,6,3,6,6,11,5,17,14,17,8,9,17,2,1,1,0,0,0,1,1
ljylby8inwh5b93wkean,9,5,7,5,2,8,5,10,12,5,14,18,20,16,9,4,0,0,0,0,0,0,0,1
lqm8jh0uggps7yd0lx2x,3,7,11,3,2,2,4,6,15,4,4,19,20,11,14,6,0,0,0,0,0,1,0,1
lswzzwjmreuixxjqglhy,3,7,3,8,8,8,3,7,6,4,11,12,11,14,22,10,2,0,0,0,0,0,1,1
lvp2qmljigke8u0nfbvl,5,2,4,8,6,2,7,4,8,4,12,10,10,12,18,20,0,1,0,0,0,0,0,0
lx7vfcjhdxzh2wkt42hc,1,8,4,10,3,3,3,10,7,6,12,21,20,11,17,10,4,4,0,0,0,0,2,2
lzvutqpj9ggc0nwwsxcv,2,2,5,7,5,5,14,11,4,5,9,16,15,19,7,12,3,0,0,0,0,0,2,0
m380dsj058viwn3ly6j1,2,8,6,5,6,6,4,5,3,4,3,21,13,19,12,20,3,0,0,0,0,0,0,2
m3xzctvbxlbxz80zz042,1,3,4,4,12,10,15,3,6,2,9,11,13,18,17,8,0,0,0,0,0,0,0,1
m3y8jkkgflwqwcelrwzz,1,4,5,5,4,4,5,8,8,6,14,15,10,15,16,12,3,0,0,0,0,0,0,0
m4qqnaq8p8fn7b7bl5ic,2,1,6,7,6,8,6,8,4,4,15,14,22,10,20,8,2,0,0,0,0,0,0,0
m6p2hujqw21vc4lyt3f3,4,7,5,8,3,10,5,6,11,2,11,12,13,8,17,7,5,2,0,0,0,0,1,0
m7prwt2ubs9o4x4ecebj,5,3,4,6,9,7,4,5,22,8,8,20,15,10,16,13,2,0,0,0,0,0,0,0
mbbw64iibpv7ndj2iie1,1,3,5,2,3,10,11,8,10,4,9,14,16,15,15,12,1,1,0,0,0,0,0,0
me044us8pj1824r4dye2,3,11,10,6,2,6,7,11,16,7,12,14,23,8,15,2,1,0,0,0,0,0,2,4
me4d1o3nzhyoj0xfast0,1,4,0,6,4,4,7,5,8,10,12,13,9,11,19,10,4,1,0,0,0,0,0,1
mhufhb84kyqgs0anwy1d,1,3,6,9,3,5,4,3,10,6,11,21,17,9,14,9,6,1,0,0,0,0,0,0
mjfvt9ufmkjqp4yikle3,1,3,6,4,3,3,12,4,15,3,14,15,19,16,12,11,1,2,0,0,1,0,0,0
mm5p2ct8c21h4q753p3n,2,5,3,1,3,5,6,5,7,5,11,19,25,15,20,12,2,2,1,1,0,0,1,0
mn8t0yyppsznr674ic1a,6,3,6,7,8,10,3,8,5,5,12,15,16,14,13,8,3,0,0,0,0,0,0,1
mqqf68ny1kdp6i69i7tt,0,1,10,8,4,2,1,7,9,6,15,13,9,27,20,9,0,0,0,0,0,0,0,0
mrlo3h9nf858pnzqzu5u,3,1,1,6,6,3,8,5,15,7,22,22,13,20,17,11,3,1,0,0,0,0,0,0
mwmft9w9vjod1g7jidmb,3,2,4,1,5,4,6,7,10,11,10,14,18,10,17,12,7,1,0,0,0,0,0,1
n20d6b4o2g64oaa3q8ym,1,5,3,7,2,6,8,5,18,12,8,18,18,12,18,9,1,0,0,1,0,0,0,0
n2bgnbybijni2e9crs4x,2,1,9,2,2,3,7,1,11,1,8,23,10,17,14,16,3,0,0,0,0,0,0,2
n3dkt0eq0ekpby9lv06i,1,4,4,2,5,2,6,5,8,6,11,20,12,11,16,17,0,1,0,0,0,0,0,0
n55nfedky5fh684bamej,2,1,0,3,5,7,4,7,9,9,9,19,12,21,10,5,2,0,0,0,0,0,0,1
n8pe3tt7qmlgojwhhsj0,0,2,2,3,5,1,6,5,7,6,12,12,15,7,19,8,2,1,1,0,0,0,0,0
nd9xpohv0s4ttw0o7fts,2,6,10,5,8,4,3,12,9,7,15,21,13,16,5,3,0,0,0,0,0,1,2,2
ng2c52g74hfaudyxmm6m,2,7,5,7,7,13,7,5,4,3,11,18,23,15,19,20,0,0,0,0,0,0,0,1
nilkp0a54b01p87udccl,0,1,2,3,5,5,12,9,9,6,6,15,6,17,23,10,3,0,0,0,0,0,0,0
nkr2o4v6q9alvt7ju51e,2,3,4,2,1,6,7,8,10,8,10,23,19,10,15,8,6,0,0,0,0,0,0,0
nl4vt11ikn4we06zu0zj,1,6,6,7,5,4,9,6,13,7,16,14,23,12,12,7,1,0,0,0,0,0,0,1
no0afrue2n6m8hcnuek1,2,2,17,7,7,4,9,5,11,11,6,22,14,12,22,16,3,0,0,0,0,0,0,3
nq4jln5s1zqjk7nwbbeo,3,4,2,5,12,1,3,5,3,3,7,11,12,10,11,8,2,0,0,0,0,0,0,1
nrv5a6tr3ya2iv3p5xpo,2,1,7,5,3,2,5,6,5,2,13,16,13,17,10,10,4,3,1,0,0,0,2,1
nx4zicy1jbulkuen41s5,0,4,2,9,3,7,5,9,11,10,9,14,23,14,17,10,8,1,0,0,0,0,0,1
ny6yox8nvtlotclebkk8,1,5,11,7,2,2,0,5,8,4,15,19,21,20,10,5,0,0,0,0,0,0,2,1
o3jddioub8dsv0fm22qn,1,4,2,4,3,4,6,8,7,5,14,19,20,11,12,5,5,3,1,0,0,0,0,0
o5lo8q4tb8yt0v8imkw4,2,5,12,3,6,9,14,8,6,4,8,16,13,11,12,14,1,1,0,0,0,0,0,0
o6kw9thwvq6csdr9taal,4,2,10,6,5,4,5,5,11,1,9,17,19,21,27,11,1,2,0,0,0,0,0,4
o6tn58jvkqobrz2qmf5i,3,2,9,10,5,5,6,5,7,5,12,16,12,15,15,16,2,1,0,0,0,0,0,0
oc0ww31yssff9rktgowo,7,5,7,3,1,8,9,7,14,5,11,15,18,11,15,11,4,1,0,0,0,0,0,1
oi7j42phxrp4mc1n9h4b,0,7,10,3,3,2,7,5,12,10,7,10,10,13,14,6,5,0,0,0,0,0,0,0
oit2xadfbpuveswzx4pf,1,5,5,3,6,4,10,8,13,2,10,19,5,12,15,12,0,2,0,0,0,0,0,1
okcti3afv5drqqbxtxm6,3,3,4,3,6,4,9,3,11,8,9,30,14,13,9,15,4,1,1,1,1,0,0,0
omzalmrzys0ymf4cgt03,0,2,4,5,7,8,11,4,15,6,12,12,27,21,19,8,2,0,1,0,0,0,0,0
oppl3ojvw61dvd5yw1wl,1,3,15,11,8,10,15,10,6,9,11,11,15,15,24,10,1,0,0,0,0,0,0,1
orgvbr9mbmfo4z8tbsa3,3,6,6,5,6,0,1,4,16,12,11,12,19,16,15,9,3,0,0,2,0,0,1,0
orubxhpr5e1heat93ue4,1,1,2,3,1,7,5,7,9,6,14,17,15,15,11,15,4,2,0,0,0,0,0,0
otznu9tyqq50x0xij3br,1,2,6,6,1,5,8,8,9,4,14,18,9,26,11,10,1,0,0,0,0,0,0,0
owzdfs89mm4ci0382a3b,5,6,4,4,7,5,5,1,3,8,8,14,17,15,25,13,1,0,0,0,0,0,0,1
oyaoqkf2b1we4b67bv8l,3,5,8,4,6,9,6,6,7,10,17,16,13,16,14,6,1,0,0,0,0,0,1,2
p10d5vx8mpn0v82i51gp,8,4,9,4,3,5,2,14,11,7,11,10,18,11,19,15,1,1,1,1,0,0,0,1
p3cs5x8cxrwubesmagvl,5,3,8,6,10,8,6,4,5,6,10,19,17,19,19,9,4,0,0,0,0,0,0,1
p611flt77czmqgut14jl,4,8,5,8,4,9,4,4,9,5,8,20,11,10,20,4,3,1,0,0,0,0,0,1
p6cp3ogj6xy2riczfupv,2,1,4,7,6,4,5,9,14,12,7,7,6,12,17,21,5,0,0,0,0,0,1,0
p8bk6cdfntr0humt6q45,3,6,8,3,9,4,4,7,6,3,4,12,16,16,18,9,1,0,0,0,0,0,0,0
p9enp5lzhiufas1xpd8p,2,4,9,6,2,3,3,7,8,6,7,15,12,17,13,13,1,0,0,2,0,0,0,1
pammg9gw4enjosw3z60e,4,3,9,7,7,5,3,2,10,1,12,17,10,9,19,16,0,0,0,0,0,0,0,2
pg8ucem69ixbqhznx0x2,2,0,3,0,6,10,7,4,6,0,11,16,20,12,15,3,1,0,0,0,0,0,0,2
pgknalznufvmvwgc1ca8,4,6,3,6,2,5,7,9,11,5,11,15,18,15,12,11,5,0,0,0,0,0,1,0
pgrig4vo54owe59j2j5f,3,4,7,1,3,6,5,11,11,10,10,12,14,13,17,13,3,0,0,0,0,0,0,1
pgz595amcuc1566oihze,3,2,2,3,7,5,3,3,6,8,11,23,13,11,16,11,4,0,0,0,0,0,0,2
pkjom9yr5m9690fg6wsi,1,1,3,2,5,2,10,4,14,6,13,13,6,11,16,11,5,1,0,0,0,0,1,2
pr6b1twg5sgsrzek6adi,3,5,7,2,3,10,11,11,14,8,10,18,11,13,20,11,1,0,0,0,0,0,0,0
pr7s208qauxqsfra6xbm,1,4,5,5,10,5,7,8,11,5,20,16,15,15,19,11,2,1,0,0,0,0,0,0
preni1j2j1gkvq1knpag,4,7,8,5,4,2,7,9,5,4,10,12,20,11,10,2,1,0,0,0,0,1,2,2
putb7ja6dwpdag4bwvnj,2,2,3,1,4,6,14,8,10,7,16,10,13,9,24,17,1,0,1,0,0,0,0,1
pv0c4za1m616k25gfwfb,1,2,3,11,3,2,2,7,12,5,10,15,12,22,21,14,2,0,0,0,0,0,0,0
pva49fsfcbexwz1crjvg,2,6,8,6,11,4,1,9,3,4,6,14,18,14,16,8,1,0,0,1,0,0,0,0
pwt0tr48brmkbj3e3wmy,4,5,1,1,8,5,7,4,10,3,22,17,10,11,11,9,2,3,0,0,1,0,0,2
pxnnkthuxasggux3hyae,5,9,4,7,8,7,4,7,3,5,9,17,12,14,25,16,0,0,0,0,0,0,0,0
q1movls9kc4kglv6sb5g,2,5,4,6,6,1,11,4,14,6,11,15,17,12,14,16,3,0,0,0,0,0,0,1
q3pyoy44nn6q6nyjgy9n,2,1,6,1,4,5,8,7,6,8,13,12,17,14,15,8,1,0,0,0,0,0,0,0
q42hf4ad91sqkl0lbfh4,3,3,7,4,8,5,6,6,14,7,11,7,19,14,18,10,5,0,0,0,0,0,0,0
qaubz3kt65qtoit8g4vi,5,4,8,6,3,4,17,5,9,8,18,11,15,12,11,11,0,0,0,0,0,0,0,0
qd5cqu3du8n28xxtkftw,1,6,14,9,3,4,7,6,7,7,4,20,17,22,19,11,4,2,0,0,0,0,0,0
qg0soq1i1uy7yndj17gd,3,11,10,6,4,2,3,4,5,2,8,11,19,13,16,6,2,0,0,0,0,0,0,0
qkc2f9omqulfmn3j0m9p,4,9,6,3,9,1,4,3,3,3,10,16,12,7,23,16,2,0,0,0,0,0,0,1
qmf8702zbahi9083s7aq,1,11,3,12,3,2,4,7,6,4,13,24,15,7,18,8,0,1,0,0,0,0,0,2
qrrck1nnty89cmohw40b,2,1,3,6,4,8,5,5,8,11,4,13,13,10,18,11,3,0,0,0,0,0,0,0
quam8ci0euq2dz8xldzz,4,5,4,7,4,7,7,10,13,5,13,21,18,12,12,5,1,0,0,0,0,0,0,1
qw1seyo5nrhlm8vby58w,1,5,11,6,6,9,9,8,11,5,7,16,9,14,15,10,5,1,0,0,0,0,0,2
qxfeg29o1ytsgt3wd41i,3,2,1,2,4,8,10,5,15,5,10,25,12,17,15,10,2,1,0,0,0,0,0,1
qxnna0of95m3oebjc84f,0,2,3,2,5,6,5,10,15,4,13,7,12,20,11,14,2,2,0,0,0,0,0,0
qz6jjynwbd3szlp0rj04,1,4,9,5,5,3,12,10,10,7,10,13,8,10,16,11,0,1,0,0,0,0,1,1
r28s9kyo7knrvytyvmt8,1,3,5,5,2,5,9,8,15,6,10,11,18,19,17,5,0,1,1,0,0,0,0,0
r3uk44zat2tcyj5wmojt,3,4,6,5,5,3,4,4,7,7,11,17,25,16,16,11,2,0,1,1,0,0,1,3
r4oklg89q3yx9o2dfq3q,1,0,2,3,3,2,9,9,9,8,7,13,13,16,20,9,0,0,1,0,0,0,0,0
r7embk7pqzg5g5p245x4,4,4,6,6,5,5,2,8,8,16,12,13,18,10,8,17,5,1,0,0,0,0,0,0
r9m46ndmmmzeeehft96z,2,6,3,5,7,6,2,8,5,5,11,10,14,14,29,10,1,1,0,0,0,0,0,2
rd32gyblqsfn03xatnmt,4,3,5,3,5,7,10,11,16,7,7,19,10,19,31,16,3,1,0,0,0,0,0,1
rd4p70jwu852pbdjwl2d,4,3,8,6,3,6,6,12,10,10,9,19,17,14,9,5,1,0,0,0,0,0,1,1
reo07h0d5zehmotdlz2w,1,2,6,6,2,3,3,6,13,5,14,12,7,16,15,7,5,0,0,0,0,0,0,0
rgl39qjfatpnh3v4o28m,1,3,3,5,5,8,8,6,17,12,16,11,11,20,16,21,0,0,0,0,0,0,0,0
ri34qjuyhs63ar95i8mx,2,1,2,1,6,12,10,6,8,8,9,17,19,13,20,5,4,1,0,0,0,0,0,0
riyfiej5klr0bqfnptv3,2,3,3,5,6,5,9,6,12,4,13,19,17,9,13,7,2,2,0,0,0,0,0,1
rq44ojyrvdtad0tzsm32,2,1,9,6,4,4,3,4,18,8,14,19,12,22,22,17,4,2,0,0,0,0,0,1
rsclhbtmbxt0xrye64ax,1,7,8,10,2,9,4,3,7,5,12,16,10,16,18,9,4,0,1,0,0,0,0,0
rufanlg0slv70u876a05,2,3,6,8,12,3,7,4,7,8,14,17,13,13,20,18,2,1,0,0,0,0,0,0
s0vfgmhobw9jq6al8iww,2,0,9,10,2,5,11,8,10,6,8,16,10,14,10,7,5,0,0,0,0,0,0,3
s97masc6nt48h4ly8s1w,3,9,5,9,2,1,2,5,10,5,13,10,18,17,21,9,3,0,0,0,0,0,0,1
sbb3va36jvpkdpj257ek,1,2,1,1,5,9,6,8,11,8,14,16,26,14,8,16,1,0,0,0,0,0,0,0
scl0uh5ig9ehluvs46h2,2,3,4,1,6,7,4,7,10,5,14,14,18,22,14,10,3,2,0,0,0,0,0,0
sdun9fmcol7sud39mllw,4,3,7,8,9,14,9,3,4,2,13,14,8,13,20,24,3,1,1,0,0,0,0,3
sf30f3p1koevnfztc2pd,6,7,7,6,2,3,1,6,11,2,8,13,13,11,12,13,3,1,2,1,0,0,0,3
shtnl1wh1mconb8od5ko,2,2,4,4,2,2,7,5,16,10,8,16,8,8,22,17,5,0,1,0,0,0,0,0
si6ymh6w7xbo2f40o0p8,2,0,1,1,5,8,6,10,14,8,14,10,11,15,13,18,7,0,0,0,0,0,0,1
sie4alrjjjvlk0w9ye5l,0,4,6,4,4,8,10,9,8,9,12,14,20,14,19,15,2,0,0,0,0,0,0,0
skyax9iocbd5gzronpru,5,15,4,4,5,2,5,4,10,7,18,12,16,14,17,13,2,2,0,0,0,0,1,2
slmfpw1fyabrtys8ufg9,3,3,5,5,10,3,7,4,4,2,12,11,5,16,23,10,0,0,0,0,0,0,0,2
spyu1at0d9k1wxtenlhe,0,1,4,6,5,5,5,9,11,11,12,13,18,16,15,12,1,0,0,0,0,0,0,0
ss27ig83t1pi1ztsy5w8,3,6,10,11,6,5,7,7,2,4,12,16,14,15,15,9,1,0,0,1,0,0,1,0
styld7k1gge5cvjria5b,1,1,6,4,5,7,16,5,5,5,7,9,17,14,14,7,1,3,0,0,0,0,0,0
sushd67p0jy6f04a3h0m,4,6,4,3,3,4,4,6,10,7,15,15,13,11,14,8,5,0,1,1,0,0,1,1
svxexhg20hs3bbqd4fm7,0,2,10,5,5,7,3,10,15,2,10,19,17,17,13,5,2,2,0,0,0,0,0,0
sx57v4y3hp52f9selxdo,1,2,4,2,4,5,10,11,12,13,12,12,8,20,17,7,2,0,0,0,0,0,0,2
t3wo8xb4rq94n3fpfk35,2,2,16,12,2,9,10,5,9,10,12,8,14,10,12,7,1,1,0,0,0,0,1,0
t5uf4x6hffga8in2ua6l,2,2,7,8,8,4,9,8,17,10,10,9,13,15,20,6,2,0,0,0,0,0,0,0
t7x7ydt3u1cd2svfvk4q,0,5,8,1,3,6,3,5,5,7,15,14,10,25,14,7,4,1,0,0,0,0,0,0
t8a5fgt3wo8w18amulu3,1,4,7,9,1,6,5,5,5,8,6,9,9,14,13,4,4,0,0,0,0,0,0,1
t8sflynjwck4f650mtvp,2,10,5,7,6,8,6,6,9,2,11,16,14,13,18,9,1,0,0,1,0,0,0,1
t8zrwu8iwkcdnwf3ruse,1,4,3,4,6,7,15,8,15,3,12,15,11,18,15,12,2,1,0,0,0,0,0,1
t9a891e0764br5ujna1a,0,2,8,6,4,6,8,6,12,8,17,20,10,17,18,7,1,1,0,0,0,0,0,1
ta1gbqs6pw15bx0jb5on,1,7,4,13,8,6,3,5,7,0,12,12,11,15,23,11,1,0,0,0,0,0,0,0
te17utf5x961ldgs8zwn,2,9,5,7,5,4,6,7,7,5,7,20,15,16,11,18,0,0,0,0,0,0,0,1
tezxtgugzffgu5fxr0cz,1,1,12,10,4,7,7,6,8,9,6,15,18,9,18,22,2,0,0,0,0,0,0,0
th28zykgzvfex40v22hz,3,1,5,6,6,7,11,9,7,9,10,5,15,17,23,15,2,0,0,0,0,0,0,0
tndsnutlm99ld8f4uya0,2,3,2,3,8,2,3,6,5,2,10,14,13,7,33,13,3,0,0,1,0,0,0,2
tp8x8dgd7d6dhpth8xni,2,2,4,8,0,2,2,6,8,5,11,18,13,10,17,10,6,2,0,0,0,0,0,0
ttsjumez81r1ot6tfe7n,3,7,2,5,4,6,5,1,6,2,10,17,10,17,14,14,2,0,0,0,0,0,0,0
tuidsy7wcktf3jppecp5,10,3,10,5,3,7,4,12,6,7,13,14,16,19,15,12,2,0,0,0,0,0,1,2
tv0sptqq56ri3dpcd9nl,3,6,6,8,2,8,12,4,11,9,7,16,19,9,22,19,2,2,0,0,0,0,0,1
tvsgkf4oqh769h40lj43,0,4,10,6,5,9,7,10,11,6,15,13,9,15,23,13,3,0,0,0,0,0,0,0
twa56vh9h75mwaqdma1y,5,5,4,2,6,8,3,5,6,2,9,15,21,14,24,12,1,0,0,0,0,0,0,1
tzaeahyy9lpjuc2r3hl4,3,3,2,0,6,4,5,3,13,8,9,23,25,5,15,16,2,1,0,0,0,0,0,2
u2rchqp6tof1bkr07izf,2,4,6,3,4,3,4,7,7,6,6,23,8,18,13,7,4,0,1,0,0,0,0,1
u5w6lxf8tt0j0ilwb1sy,5,2,6,4,5,2,6,5,11,4,12,16,15,12,13,11,2,1,1,1,0,0,0,1
u968v341lom8drwdzqqj,1,5,4,3,5,14,9,8,6,5,11,18,14,14,13,10,2,0,0,0,0,0,0,1
u9owl1eky0jf8t3nc50o,1,2,8,4,5,2,6,5,19,7,15,17,17,14,11,15,3,1,0,0,0,0,0,0
ubi6gd21j9e9rw46hoz6,5,3,3,6,5,5,8,5,16,6,9,18,13,14,13,6,4,0,0,0,0,0,0,0
ubp24rey0y6wfj6dtdxp,2,2,4,8,7,4,5,2,20,7,12,16,14,13,9,13,5,1,0,0,0,0,0,2
ucxxvfcovdwuokyswife,2,4,1,3,6,7,6,2,6,3,6,13,26,13,31,7,2,0,0,0,0,0,0,1
uem908xkm2x04s4iu84k,3,9,4,5,1,3,5,12,8,8,17,16,19,6,11,2,1,0,0,0,0,0,1,2
ug9ichhtvfwespnsuy07,1,1,2,3,7,1,5,4,8,4,13,15,13,10,23,24,0,1,0,0,0,0,0,1
ugaiak78ggmnku4yndlt,1,1,2,1,5,4,10,6,16,5,8,13,8,9,26,11,5,0,0,0,0,0,0,2
ugbkntr3cmljocvngvq0,3,2,0,6,4,4,6,3,17,7,23,13,25,10,14,5,4,1,0,0,0,0,0,2
uhky1uwx18u1e4nixzzf,0,4,5,4,3,10,6,4,3,0,7,18,22,23,21,10,5,0,0,0,0,0,0,0
uhthvh60xp911d47x7xm,2,2,8,6,4,6,7,7,8,9,13,15,13,10,16,8,4,2,0,0,0,0,0,2
uk8sadmdmw8p7e22l2yr,2,5,9,5,6,5,4,5,10,9,9,13,16,25,28,13,3,3,0,0,0,0,0,0
ulowmljtsh72z64haltq,1,4,6,0,11,11,7,2,4,3,13,16,13,9,22,14,1,0,0,0,0,0,0,1
uon3zzl9a1zr5zmeodmr,2,2,4,4,2,6,5,5,10,9,5,6,16,16,19,17,4,0,0,0,0,0,0,1
urr54xfqlfy6uq8nuo0n,3,3,4,4,8,6,1,6,18,7,18,18,15,14,12,12,5,1,0,0,0,0,1,2
uvh2zil455wi0dcdan51,2,2,9,11,4,5,18,11,12,5,6,13,10,13,14,11,4,4,0,0,0,1,0,1
uy29im7a6hnc34lfp8ae,0,0,5,8,4,3,6,7,11,10,10,16,15,19,20,8,1,1,0,0,0,0,0,0
uzk23hynw87co5ru0tr8,1,1,10,5,3,7,6,3,10,13,11,22,13,20,30,11,1,0,1,0,0,0,0,0
v1ya43au2scaq7man13k,4,3,2,1,8,4,11,6,11,9,11,14,24,19,14,11,6,1,0,0,1,0,1,1
v4k20n9xryqdpe6fx42x,0,2,3,4,4,4,6,8,7,10,10,17,12,14,27,7,5,0,0,0,0,0,0,0
vbgs2hp7aiiw880dpm1s,1,1,6,5,4,6,11,8,12,8,10,8,18,18,16,10,0,0,0,0,0,0,0,2
vcw0s2e0akak8rqunatk,2,2,10,6,5,5,9,4,5,5,16,9,16,15,16,14,2,1,0,0,0,0,0,0
vgj44dnko7croq2qytng,2,1,4,2,7,4,6,4,19,7,17,13,13,17,15,8,4,1,0,0,0,0,0,3
vhlntoniujqiclub2juy,1,0,10,2,5,5,12,6,7,10,4,11,10,9,23,10,4,0,1,0,0,0,0,1
votyzmo33yg7y89dag17,0,8,5,8,6,2,4,3,6,3,8,19,13,14,24,7,4,0,1,0,0,0,0,1
vou4hlfvp8hv0r4odzq6,2,10,6,6,7,4,3,6,10,1,12,16,19,11,17,6,2,0,0,0,0,0,0,0
vqz1prz6hwnqepxsieip,3,4,18,7,2,1,5,2,5,7,7,17,18,12,18,7,2,0,0,0,0,0,0,0
vrdxefyyyx3tkticfqnv,2,4,5,3,6,5,7,10,18,15,8,10,5,10,19,23,0,0,0,0,0,0,1,0
vrx3ianblcyuixzmhzl2,2,10,4,11,2,6,4,5,7,7,7,14,21,15,22,15,2,0,0,0,0,0,1,0
vzdurh8f0rfus5h4bde2,1,5,8,1,3,12,6,5,1,4,12,19,9,21,17,13,1,0,0,0,0,0,0,1
w0u7vzowm7eimiupvmm3,5,6,5,1,3,9,3,12,12,3,10,20,13,16,18,11,0,0,0,0,0,0,0,0
w1uwjc89gv68yxkutpoe,0,4,9,7,3,4,6,6,11,11,21,8,13,17,13,9,2,0,0,0,0,0,0,0
w9iskllhyjto6qq01elo,2,3,4,2,7,5,6,8,14,3,14,22,18,9,17,8,1,0,0,1,0,0,0,1
wbdvbdebq64ujpi9u7mn,3,5,9,2,6,4,8,4,9,8,9,15,17,10,19,5,1,0,0,0,0,0,0,1
wf7yq9n2spgto3w5ad9r,5,5,5,3,7,4,3,8,9,8,15,14,12,6,16,13,5,2,1,0,0,0,0,1
wfsgbko6rfmajn85khu4,3,4,4,2,6,2,10,4,7,2,8,20,9,11,19,7,3,0,0,1,0,0,1,3
wgbapm8b0r5hu08acewa,2,1,3,2,4,7,7,8,11,5,13,27,13,12,17,10,5,0,1,0,0,0,0,4
whzjoeh34i7o86p37u99,4,0,6,6,16,4,4,6,3,2,4,15,20,17,17,12,3,1,0,0,0,0,1,2
wi36b9plgjc82atx6z7h,4,6,6,2,8,2,5,7,3,5,4,16,12,11,18,15,1,0,0,0,0,0,0,0
wmep7eexur6wwrlrz9sv,1,5,4,7,3,2,6,7,3,5,15,14,7,10,20,13,3,0,0,0,0,0,0,0
wty9xgte39cr5rp39e50,1,1,5,2,7,8,10,6,10,9,9,16,20,18,20,15,3,0,0,0,0,0,0,0
wu3cwt7cavxrllp6s123,5,5,5,6,5,3,2,8,8,7,13,19,28,6,16,6,2,1,0,0,0,0,1,1
wwh529n48kyjq1xe9h46,3,7,1,8,4,6,8,2,8,6,8,9,7,15,18,4,0,0,0,1,0,0,0,1
wxgj9kdmdrmullrthnso,1,2,7,14,6,5,9,5,9,6,7,20,16,10,16,11,4,0,0,0,0,0,0,1
wyhkcaf32y8h3707qzrz,2,8,5,8,12,3,7,5,9,5,10,17,15,11,14,6,1,0,0,0,0,0,1,1
wzc5k9w9l08gue9h43cs,0,4,5,4,13,4,4,4,10,2,8,18,16,18,15,12,2,1,0,0,0,0,0,1
wzfry2domlqnblox9w1b,4,2,4,2,5,5,7,7,9,5,12,14,13,11,19,13,2,1,0,0,0,0,0,0
x7xh8m5fvmipvkav1cb4,3,11,7,4,2,2,2,9,13,10,14,20,17,14,10,7,1,0,0,0,0,0,2,1
x8hldszj3z40bgxl4mci,3,4,2,1,4,6,8,9,24,8,9,17,10,10,30,18,3,0,1,0,0,0,0,1
x8hocidvl3emcmrhw2f8,6,3,3,5,5,12,9,1,8,4,15,16,12,12,21,14,2,0,0,0,0,0,0,0
x9xz7kb08kmf1tytnc1f,2,4,2,8,6,4,7,9,2,3,14,5,16,13,21,18,1,1,0,0,0,0,0,0
xb18hp4yezg65dlw1tz1,0,4,3,3,5,6,4,6,16,7,17,15,13,12,12,12,4,2,0,0,0,0,1,2
xf5q0ixkpbxl3w7k16qo,2,6,4,3,7,2,5,5,3,4,13,14,12,15,21,12,3,1,0,0,0,0,0,1
xgvqpyg5mro3wihwngur,0,12,6,3,3,6,3,6,9,4,13,24,24,11,14,13,6,3,0,0,0,0,0,0
xh8a7nmtz192pknhec33,0,5,5,4,5,4,9,6,5,10,3,7,11,8,10,11,0,2,0,0,0,0,0,0
xlp4p1b56hrhhyr2y3kd,6,12,5,6,4,4,5,7,6,5,11,16,15,13,9,10,0,0,0,0,0,0,1,0
xnvmb8uox3576k142awg,4,3,3,5,1,6,9,7,12,4,15,13,10,8,12,14,5,2,0,0,0,0,0,1
xsxczvs8iluovs3pt5q7,2,4,4,4,4,5,9,4,7,8,14,14,12,13,17,10,1,1,0,0,0,0,0,0
xvfa4ysm4deeobu8wkym,1,4,5,1,5,4,8,5,5,5,18,20,25,16,21,5,2,1,1,0,0,0,0,1
xw0r5n17yfqv2va40bhi,4,7,9,6,2,4,2,10,11,4,9,29,19,5,13,6,0,0,0,0,0,1,2,1
xy7cro773yqyoblucwkp,0,4,2,3,3,2,7,9,15,7,9,10,10,12,16,21,2,0,1,0,0,0,0,1
xyk8hksfilgpf8301ir4,2,2,4,8,9,6,6,7,14,5,10,16,17,11,18,8,2,0,0,0,0,0,0,3
xz7x7kwsn26marn29mag,4,8,10,9,4,3,6,7,6,3,17,19,10,18,14,5,3,0,0,0,0,0,1,0
yb4sqfrwu788fa6y4zeb,1,2,8,6,3,5,8,6,9,7,8,14,12,9,16,12,2,0,0,0,0,0,0,1
ygc6nfsry40yon3nicac,1,2,4,6,2,4,17,4,12,3,10,13,19,14,14,17,2,1,0,0,0,0,0,0
ygoahstwe9gz9w87qncs,5,11,2,6,3,1,1,5,9,6,10,20,21,19,11,7,1,0,0,0,0,0,0,2
yj708ceb2o5gueez45or,2,1,5,6,8,7,17,6,11,10,5,24,10,9,16,9,1,0,0,0,0,0,0,0
ymb5gxf0fi27kpj2f101,1,1,9,4,2,4,5,9,5,2,9,16,20,13,23,2,4,1,0,0,0,0,1,0
yums89f0epz009xrrwrf,3,2,6,1,6,14,5,2,9,3,4,13,5,20,24,12,0,0,0,0,0,0,0,0
yvyud23n1eara086vntf,6,6,5,12,7,6,4,9,4,5,10,19,9,6,19,12,3,0,0,0,0,0,0,0
yyz9rmyzzdp52h0glddp,1,2,7,1,7,4,4,7,20,5,13,13,18,10,18,20,2,0,0,0,0,0,0,0
z0ti2nr5nh9fpad7wntt,1,3,10,2,2,4,5,9,14,10,8,13,9,5,16,17,1,0,0,0,0,0,0,0
z23fh1v40p3hmxxspbo9,0,4,5,1,5,4,8,8,6,4,10,16,16,13,17,11,3,1,0,0,0,0,0,2
z9q10sbk27qpuvatlkuw,4,1,3,6,4,7,7,3,7,3,10,17,10,20,20,14,4,0,0,0,0,0,0,1
zc7xkcpo969z98kh6bg8,1,3,12,6,4,9,4,11,10,12,14,18,19,19,25,15,5,0,0,0,0,0,0,0
zeuj2ypen39p38d4m3oj,0,3,5,11,10,4,17,3,12,4,6,11,21,10,21,13,0,1,0,0,0,0,0,1
zeuj820acn6zhcbx617v,0,5,6,10,4,9,3,8,12,14,12,17,13,16,17,6,3,0,0,0,0,0,0,0
zfurn56bm4hyk0d7w4bm,3,3,3,3,4,4,1,2,14,5,12,17,15,4,15,16,0,3,0,0,0,0,0,0
zhx5rxgopln1p5hd10ql,3,6,4,8,6,2,4,5,3,2,11,29,11,13,16,10,1,0,0,1,0,0,0,3
zlaig56ve06t7jruk2mr,3,3,11,9,6,5,9,6,6,12,7,16,13,11,7,11,6,0,0,0,0,0,0,1
zon2ut7eqwqd7i86etaw,0,2,10,4,5,4,6,7,8,5,6,11,16,19,14,13,5,1,1,0,0,0,1,0
zoo8a9uj8a0dplifqzdp,4,5,7,6,6,7,2,3,7,2,14,14,17,16,24,16,1,0,0,0,0,0,0,0
zprxec1qxs8nqsmc5830,0,3,5,5,4,6,5,12,10,6,11,11,20,15,21,13,6,2,1,0,0,0,0,1
zq3xohaut5o9dbd9064z,7,6,6,8,6,7,7,10,13,2,15,14,14,7,13,10,2,1,0,0,0,0,0,1
zse4s5wowlo5xntqyqb4,1,8,7,7,9,2,6,11,8,4,4,22,17,17,24,12,0,0,0,0,0,0,0,0
zsjdx6d73id8z82obo3a,4,3,0,6,6,10,6,9,15,10,12,21,20,13,15,15,5,1,0,0,0,0,0,0
zuw35j06tzftt6oon4c5,2,5,5,9,1,8,4,3,14,5,14,21,20,10,17,11,7,3,0,0,0,0,0,0
zyfp520tbnq5p2pvrkin,0,1,2,4,8,5,5,6,20,9,14,12,8,10,17,18,5,0,1,0,0,0,0,0
